amount,transaction_type,merchant_category,country,hour,device_risk_score,ip_risk_score,Target
48.01830285876102,3,2,5,21,0.1685712394374171,0.2240574034911916,1
136.88196000299405,1,4,3,14,0.2961272487947395,0.125057692410153,3
80.53471896232148,2,0,3,23,0.1248009783678277,0.1592425051585693,1
120.04115818676428,1,3,1,16,0.0981289537116425,0.0275419692238968,2
97.10862458470542,2,0,0,17,0.2353994323859285,0.1054540510901703,0
166.2092618572779,1,4,4,12,0.1159059086426822,0.2237178434100433,3
96.51263663096326,1,3,5,7,0.0822504332864774,0.0340230101334718,3
83.33870063187989,3,2,0,16,0.0217744413637976,0.2795975065334214,0
89.69573134806983,3,3,4,6,0.0953534371726979,0.1363364134083345,3
101.40382672472744,3,4,1,7,0.1647939348194068,0.2919396246385753,0
106.56344355857529,3,2,0,23,0.1362359685879872,0.1358305529043107,0
55.36360144813594,1,2,5,10,0.0743042636671988,0.1287602546987983,1
99.41209708030595,1,2,0,10,0.0847735516439609,0.0143336886378726,2
94.5456051441663,0,0,3,20,0.1334897274000259,0.1620098344857201,1
133.4106627218069,2,2,4,19,0.0831321636519302,0.2860201892035907,1
157.99812334207053,3,1,1,19,0.2075330047227872,0.0199616572212608,0
202.99589542072368,3,3,3,23,0.1565442993059684,0.082757566529072,3
88.50981483421131,3,4,4,19,0.1478030297898635,0.2064802039083664,3
115.30655945024978,1,2,1,14,0.2063843780465729,0.0687663533155056,2
63.99286999198463,3,4,1,12,0.0437436214939283,0.2228466120955162,0
113.30575124310728,0,0,3,9,0.1421629827225529,0.0348855433222775,1
131.96349737388977,1,0,1,18,0.0398973274519932,0.0445114423769753,2
76.69547978824451,2,3,3,7,0.0939759661489337,0.1849988394372379,3
138.64170246332006,2,1,3,17,0.1080456294773054,0.2096710067601381,1
133.26357531450472,1,4,0,15,0.0574340876624322,0.0921888214610705,2
17.551208105434853,2,1,1,7,0.0124694195551514,0.1750715829203944,0
1.0,2,2,5,9,0.1065835523374569,0.1804650349623928,1
154.71804286403912,1,3,1,9,0.1640808974863007,0.030920377220238,2
103.78133891952018,0,3,5,17,0.2061667497297035,0.1443677662279165,3
54.19831276462013,0,3,3,22,0.0920109879002678,0.0108381174854457,3
91.65205846735248,3,2,3,18,0.2663406894669032,0.1302051708422683,0
135.33542351011545,2,3,1,16,0.0731185041035093,0.0833049940210806,0
64.96868148807118,2,3,3,16,0.0199041298134459,0.2453589853498115,3
117.16488454620772,2,2,0,10,0.1274318614028286,0.2934155658245432,0
174.589108171203,1,0,1,6,0.1654247257739615,0.2109866241018303,2
98.82222998896228,0,2,3,19,0.1993176693246919,0.0508497547015927,2
101.63738237647,2,2,3,15,0.0784123710075319,0.1608796426678706,1
138.32723758855823,2,1,1,8,0.264077776125419,0.1512479524978255,0
118.62598335458355,0,4,1,15,0.0186314610537625,0.0569573323660928,2
109.3592013744292,0,1,3,8,0.059522479110593,0.0296898726672156,2
140.4680036005251,2,3,5,9,0.011949904997837,0.101848813006711,3
120.11759942271706,2,0,1,19,0.0827589511499072,0.2299784060948967,0
50.680696435170574,2,4,3,12,0.284411500347179,0.2144245321317094,3
173.9763601759259,0,1,3,9,0.0030567717827391,0.0909519423799498,2
53.2537959280578,2,1,1,19,0.2647985061944684,0.0966700613416593,0
26.69304333541793,1,1,5,17,0.2521844631120222,0.1027052956474182,1
79.4225525848626,0,2,5,8,0.0131210457693155,0.1470069861467162,1
3.625878623295307,2,2,5,20,0.2182522730324213,0.2374910585964388,1
123.1393693264154,1,2,4,12,0.2171114882008637,0.0578347143611967,3
90.12027156388204,1,0,5,19,0.1595477600070267,0.2543958333765973,1
49.77455845335883,3,1,0,10,0.2638938638428773,0.0652039387707223,0
91.05626975759722,1,0,1,16,0.1377325482114759,0.2797528842122726,2
127.58261342895372,3,0,4,15,0.2187607599788224,0.1226037875114424,1
115.13384467114868,1,0,5,12,0.227314131694864,0.2435908853140819,1
159.54442682243848,1,1,0,15,0.1882386571796466,0.2722497398464544,2
5.48290988664732,0,3,1,15,0.045148253512718,0.1057934500591298,2
139.829715136147,1,4,0,18,0.0315103721629838,0.1687592612401153,2
122.59530988166684,1,0,5,13,0.0041265598392516,0.1266117979988969,1
165.54413633443482,1,1,4,18,0.0703632827392265,0.2276929700138286,1
132.90337877784268,2,1,1,10,0.0934022805603959,0.1684848876891333,0
47.642508611002135,2,1,1,22,0.1673007578124903,0.0514210841473445,0
101.84526692765073,0,2,0,23,0.2474308322806208,0.0749473464941399,2
107.18823215542923,0,3,1,23,0.1791945499611655,0.0701859538906357,2
91.43583377679064,3,3,3,16,0.2389992556121703,0.2610743228284792,0
138.70897592716133,1,1,4,7,0.0643962309298117,0.0729601903415649,1
103.36299797624488,2,3,0,14,0.113490895160399,0.2005185477624474,0
115.47299980017276,0,4,4,9,0.2455626135516413,0.0404125824697421,3
108.86896702921398,0,0,3,17,0.0088844358771488,0.0635531888557653,1
101.36278161802896,0,4,1,6,0.0256850471893064,0.1665511851119688,2
124.61197322324276,1,4,1,10,0.0506555388914112,0.0582846583924827,2
136.82068722680066,0,0,1,6,0.1177676392833821,0.0119404611846893,2
96.46399755498938,2,3,3,21,0.010938494739082,0.0174155877906823,3
11.670064029302536,2,4,4,15,0.0102738150373022,0.1449002648173685,3
76.32103400909968,2,3,3,6,0.1315186394436656,0.2124975400646589,3
46.347452064676695,3,2,4,19,0.1899341999018619,0.1057544733967601,1
55.52541297557765,0,2,1,6,0.0819169121683096,0.137748665373718,2
169.04032942275046,2,2,3,15,0.0752278552527995,0.2474212583893864,3
136.97009075116023,1,2,4,21,0.2678971292525244,0.159062770700477,3
91.08125401958635,1,4,4,20,0.1681825772928388,0.1089065343859067,3
209.8044779648408,3,2,0,19,0.1318268787023069,0.1122927258414708,0
50.13743827714536,2,0,5,12,0.1116919021400359,0.2071592207282108,1
101.92427641704636,0,2,0,7,0.1227364906691551,0.0561032362247993,2
123.57642420876196,1,0,5,7,0.2138955716428217,0.2250940692585907,1
184.844490979032,2,2,5,13,0.0228809153001969,0.2030070771088528,3
104.4178995578036,1,2,1,6,0.1916519243195703,0.1057119919692751,2
94.99402990193762,3,4,0,8,0.0669034136327285,0.0503506054497492,0
1.0,2,2,0,14,0.1105089221114371,0.2025404875123998,0
32.68619383840704,2,2,4,17,0.1457751822549241,0.0666246154530764,1
78.25866043661317,0,0,4,17,0.2390064359267312,0.1289880462835566,1
87.00080373736473,2,4,3,17,0.1745919314632508,0.0038651628399246,3
122.41985082648074,1,1,1,13,0.2458539319136451,0.1852440354568406,2
74.8914246573711,2,3,4,6,0.2457665910046143,0.0450982200104393,3
200.5075425044567,3,2,5,20,0.177455684889291,0.0125073109351289,3
97.60850769010432,2,0,1,9,0.0015202916512892,0.2552094910356927,0
111.9967638862463,3,3,4,11,0.0599936841825377,0.0256737876753616,3
84.7203866242792,1,3,0,6,0.1010236789296844,0.1993266304133687,2
104.45503833519383,2,1,0,16,0.1883321280090404,0.1885833863772557,0
96.87859312624346,3,4,0,6,0.2919247990599973,0.039062499832561,0
75.0700982162913,0,3,0,20,0.1022133050232909,0.2791777912296977,2
36.12910259338076,0,2,5,7,0.0892649893292172,0.058524937678039,1
102.74316435780707,1,4,5,23,0.0033562288631217,0.1146917790352362,3
90.70496524121664,2,1,5,7,0.2419137646815676,0.114458060041054,1
95.92530670202538,0,4,5,10,0.1604574221105487,0.1205271503507062,3
146.73350790502673,1,2,0,6,0.2912353971097082,0.1949382380269708,2
65.08888838307519,2,1,1,11,0.145435860378998,0.2927562038030786,0
103.4943997934704,2,2,4,13,0.2819132340093351,0.1661318151718537,1
133.63128804359764,2,0,5,16,0.1866851324860506,0.2734289398300148,1
58.46892097276776,3,0,1,12,0.0379919707010953,0.0674814845407813,0
82.70095845487546,2,4,5,20,0.1573565255946134,0.1892699534873332,3
82.75751237967297,1,2,4,23,0.293356678207243,0.2038087683637552,3
99.23809767499569,3,2,0,22,0.1590644577502392,0.1389549414163541,0
190.5151305002081,3,4,3,18,0.2332580673786045,0.0604324484409517,3
128.30934682105283,0,2,0,18,0.0202981572104171,0.23499699832519,2
184.9006580751744,0,2,0,16,0.2839151467121248,0.1594095215527236,2
116.58940158548047,2,2,0,7,0.1900830096845877,0.137320131617093,0
91.64444360506614,0,3,4,11,0.0589537513750155,0.189254863115476,3
95.6771289713498,2,2,5,15,0.0378444467406384,0.1888138537278521,1
28.793879417103117,1,4,3,8,0.1389189828016998,0.144703084569777,3
80.66033310713371,0,2,1,13,0.2873580502143676,0.1709294329153685,2
147.63798445970951,2,0,0,12,0.127584397150147,0.2647858681293775,0
11.073236540272362,2,0,4,16,0.1705884984838136,0.0844608027941872,1
168.75272455823546,1,2,3,11,0.0276605677963402,0.2042804550302055,3
135.1096455824815,2,2,0,6,0.1423762917384202,0.1641147554578631,0
124.65849171194183,0,4,3,8,0.0256601463123173,0.1462111826629118,3
141.23351966597565,3,4,3,19,0.2892007545034128,0.1568061162827131,3
56.93184735252259,2,2,4,16,0.1599881115441323,0.1584369323277391,1
141.42515399100083,2,0,0,21,0.0225637470632964,0.1134523060505798,0
170.6530421752021,0,0,1,12,0.1978830378107819,0.2126288078394296,2
186.90733791630697,2,0,5,8,0.0367258997117269,0.2071210141790947,1
88.35448962548779,2,4,3,17,0.0190876387623894,0.2648651820502199,3
166.93889852105312,2,4,4,18,0.0249448058206589,0.1088704737971774,3
120.97752209569563,2,4,0,15,0.2064157886206277,0.1143649604011028,0
99.22645776164772,0,4,5,9,0.1953801578754673,0.0643875218947914,3
149.30419457388555,1,2,4,16,0.1268871830659469,0.1378097044938023,3
96.03369018118931,0,4,3,19,0.2238354948951917,0.1751550914387842,3
126.7253774103356,3,2,5,11,0.1590983572873898,0.0212916552004161,3
152.33241804208896,1,4,3,10,0.0563078342174803,0.1462687928473978,3
96.40617352071676,0,4,1,6,0.0254030309377672,0.0525218348744812,2
202.57871609101105,1,2,0,20,0.1411092321934243,0.1146009979216523,2
22.28109604381996,2,4,1,11,0.2986620431217556,0.0715588959341732,0
147.02335038607148,1,3,3,6,0.2006746390266324,0.107573205936064,3
167.08601443600577,1,0,5,10,0.0832032216818413,0.1026452154049838,1
141.2977077810032,1,2,4,22,0.1077652446432062,0.0565758312170355,3
80.76879119679096,0,1,4,11,0.1506688914871463,0.2967642336591382,1
92.19931702883724,2,4,4,8,0.0339578782197464,0.2673053263270433,3
41.188537383125656,1,0,1,7,0.2825878407582026,0.1333751036424036,2
103.14167864596703,2,1,0,20,0.002402190350345,0.1944238232590211,0
151.13802783206123,3,2,3,19,0.0497271578886644,0.1512970330417131,0
93.9240160899881,0,3,5,6,0.0250992412686604,0.048334679138635,3
10.352471135790324,2,1,5,13,0.2484163258618082,0.0614479518767684,1
167.47212528194126,1,2,1,22,0.2778528033299613,0.1759721278119898,2
70.38097697563127,2,2,5,7,0.2100279570964294,0.2207941815365396,1
64.23687403424105,3,0,1,10,0.0717344482486181,0.089098377701619,0
90.01681629067922,0,2,3,20,0.0353123512506904,0.1662214361657013,2
74.05664160234895,1,3,3,18,0.170259495749982,0.1705658477191028,3
102.35171820042515,0,3,4,19,0.0980763231592013,0.1352837659637552,3
177.80522187635415,0,1,5,18,0.2228297712376049,0.2071961914933639,1
27.767041415835408,2,4,1,10,0.1603283006945088,0.16129141890175,0
1.0,1,3,0,7,0.236457095222062,0.019811562560646,2
88.52199134981399,1,0,3,12,0.1117499459251283,0.2410369883876566,1
56.41126295153684,3,3,3,9,0.2242612103605821,0.2287049109816349,0
137.58119805231786,2,4,3,19,0.2272238936627192,0.1448455172285468,3
111.50302021917,1,0,3,22,0.2805138790657878,0.1660993436497409,1
3.5659282568578874,0,0,1,10,0.2235609153778892,0.238608515975417,2
125.41564780812617,3,2,5,17,0.1813931506553344,0.1020386326059438,3
171.0309146387004,0,3,0,6,0.2050914560115155,0.1617991556699571,2
65.40343388306795,1,1,1,7,0.2373464316884155,0.0616181660164295,2
1.0,0,1,5,21,0.0503177612816934,0.078092533014859,1
36.85773751158175,3,3,3,13,0.1319638267405493,0.0534835288365567,0
128.6988350415839,1,1,5,14,0.2881095385574039,0.0948720427628656,1
64.04832020187536,0,4,3,7,0.0621578959805861,0.096866809305325,3
19.30044364519499,1,1,0,8,0.2171093799776257,0.1665712521987833,2
25.708338022640817,1,1,5,11,0.0987119729270098,0.0040567163834525,1
176.67504204901547,1,2,5,15,0.0046139562996892,0.1206243447992925,3
184.8395549370144,1,1,4,15,0.1641499153822326,0.0558278629753751,1
107.83294161575502,2,2,0,12,0.1973556810437351,0.2511334904789206,0
158.6614545646749,2,0,0,18,0.2795415809630053,0.2125055130014689,0
64.69356939069473,3,3,3,11,0.1351664744573958,0.1261274377768512,0
102.42695699113176,2,2,0,15,0.0617943620703365,0.2694964754705525,0
134.5592079188621,2,4,4,6,0.280376948810131,0.0436490830479741,3
109.53653633035574,2,2,1,11,0.0272102965064632,0.2905077846413661,0
148.32702074997067,2,1,4,14,0.054303822150274,0.0321815787460224,1
111.921992219417,3,0,5,8,0.1804850156522829,0.0389298260424963,1
91.0699835283223,3,1,4,23,0.0899610621880722,0.1642438956353895,1
101.61271145304784,0,3,3,23,0.1650491481063993,0.0232553733135172,3
92.99094031945714,2,0,5,17,0.2128861474376736,0.1860235807319641,1
65.07234753086412,3,3,4,12,0.0446471378353085,0.293939739086495,3
14.23573912735003,3,0,1,22,0.1016802497560712,0.2438075993439364,0
105.90079820539528,2,2,1,22,0.0108584559992276,0.160513923311363,0
77.82567804908726,1,1,4,10,0.04381698059603,0.2375198380733238,1
110.93823683923854,3,4,4,17,0.0266136099378844,0.1034714963320437,3
65.06515323705958,1,0,5,21,0.1714951477604676,0.0797536669133769,1
98.10501688907176,0,1,3,18,0.163919985239644,0.1681760329013755,2
162.85513903275972,2,0,1,7,0.0086454383617664,0.2214786846114508,0
48.21486610934444,3,2,4,19,0.252913072375418,0.0472855220424273,1
102.77056279928831,1,0,4,23,0.0463844063492959,0.1057910791744504,1
77.20586323139904,1,1,3,17,0.0609355044620365,0.2078098279201615,1
23.017029052355586,1,3,3,12,0.0782756825817281,0.1890734088108968,3
148.6952559996614,3,3,3,10,0.010698780275738,0.0668646405963987,0
135.67987442786554,0,4,5,23,0.1373413314796936,0.1720813432074826,3
128.14054849750437,0,4,5,18,0.0051393263073573,0.1764152072317532,3
86.77631079515447,1,0,3,10,0.0972150395383573,0.0899958428933836,1
84.6221632409369,3,0,5,11,0.2545209664586506,0.1071545847266246,1
51.183034037261486,3,1,1,14,0.0831412453352322,0.1800691476555441,0
40.99925599528567,2,4,4,10,0.2534583682937685,0.2312359856330509,3
107.21791441127164,2,2,0,10,0.0921113111192513,0.1921155105642353,0
71.38563137028488,2,2,5,10,0.253525305832807,0.1476020089423281,1
33.754199028876826,2,0,0,7,0.0269777092163052,0.0889808293965953,0
163.75622023305715,3,2,1,8,0.2166042697180782,0.1892767286227981,0
36.31285573170921,1,2,3,13,0.1375336232247258,0.0279789103692741,1
161.70849293956877,3,1,4,23,0.2686641253307296,0.0021600397689395,1
31.58753775094921,1,1,3,19,0.0688226608172864,0.0611817198768182,1
73.39353113011228,2,1,5,20,0.2940348929844714,0.0850055504960445,1
38.74082507141628,2,4,1,13,0.2781387103681614,0.1071695186004067,0
177.57188829446443,1,1,3,22,0.0890811686287381,0.034261715526655,1
96.29586689669053,0,3,0,7,0.0524438742117986,0.2378377483087929,2
143.7802465410959,1,0,1,12,0.1833455726563804,0.2925174577536245,2
101.93511473787817,3,1,3,10,0.299529751487618,0.165355861115955,1
103.22690315048612,0,1,4,11,0.0538553902581478,0.1862793074383466,1
123.4118804848444,1,4,5,20,0.2867446882864885,0.0164044462992005,3
23.93701801608698,1,3,3,13,0.2150193621370315,0.1447173410334895,3
111.04381130432633,1,0,1,17,0.2892636613577881,0.047701054229884,2
99.46287266746025,0,2,1,23,0.178716916859652,0.2478650869507155,2
182.63427323409724,3,0,0,11,0.234107748798263,0.2298207200607838,0
81.49683577474102,0,0,1,10,0.038018052705293,0.2776902031269955,2
149.5498089862475,3,3,0,12,0.1961928442370237,0.280128445459404,0
129.50023805522355,0,4,3,23,0.0086736859614278,0.2871517044144214,3
104.9351984207669,3,2,3,15,0.159320659834331,0.0167580488881144,0
56.0180533638532,2,0,0,7,0.1642569012593232,0.2900885703236527,0
95.13094970432662,3,1,0,19,0.0748059732401059,0.2745115573954828,0
111.56288735920418,2,0,3,21,0.1535900773471842,0.080876234309351,1
186.93991804754344,1,2,5,22,0.0445038827301801,0.0542360755546546,3
88.56324868706241,2,0,5,9,0.1876929832569881,0.2528514403489114,1
1.0,0,0,3,10,0.2148537985678126,0.0059787356080831,1
29.849946648623003,3,1,1,16,0.1664083867030697,0.1786031327590168,0
81.14933585066046,3,1,4,10,0.0611291367446989,0.1812589970680812,1
72.25003059428948,2,0,4,10,0.2441093143679727,0.2712736488728986,1
93.83509767905008,0,2,4,23,0.1212439914846439,0.026808828247771,3
118.60833811830544,2,0,0,17,0.067547212928351,0.1518293947022948,0
91.22143954079785,1,3,0,22,0.0542810146230334,0.2461808779052374,2
115.03297244429837,2,4,1,18,0.0588128347290375,0.2569814641953993,0
49.95954029786531,1,3,0,6,0.0408918958478088,0.2175407456118534,2
26.8558031130284,0,2,1,10,0.0916235653846465,0.0963609242906415,2
7.678917047374952,2,4,0,22,0.0204967486714859,0.0905074792379388,0
75.47381737342134,3,2,0,14,0.0828862436970557,0.0930971924545704,0
101.34147654624074,2,1,5,8,0.0767863771359625,0.221206723944644,1
89.86601624644128,3,0,0,19,0.1387772194762708,0.2397810943189278,0
1.0,1,3,3,20,0.2054392726537876,0.035571110890821,3
137.05825236632694,3,2,3,15,0.251591799886441,0.024081830506954,0
65.1085355873051,1,1,5,16,0.2966184737660575,0.1670549050678632,1
97.61459216620516,3,2,1,9,0.1648819191160939,0.2750318104450385,0
64.49704716897449,1,2,0,6,0.028338646348295,0.2048014329342184,2
6.414244013797983,2,0,0,18,0.2903279811470232,0.1462116571463148,0
75.22539277410519,1,2,4,6,0.1874851640670259,0.2634949194297172,1
95.93071528579397,2,1,3,14,0.1370541203622035,0.2842054412369154,1
59.8410027101015,1,0,3,15,0.0257787120925611,0.1794074514861067,1
47.92667775291844,0,1,3,6,0.2237061723768428,0.1573466191039912,1
106.55245819805867,2,1,3,14,0.0689883555855306,0.0162794951502784,1
97.39946095914772,1,0,4,20,0.2815414121006413,0.0385933253477684,1
129.27691291692474,3,2,0,15,0.2297548616151223,0.0591633761438131,0
82.43639814446772,0,4,1,6,0.1784757236361573,0.1950065195245915,2
54.31033242082393,3,2,3,18,0.1360716433578544,0.0138606227352279,0
64.17635494667077,1,0,5,13,0.1488837599323186,0.1431553728711106,1
131.76265324240356,2,3,3,9,0.0659477012322906,0.1650233863491972,3
44.76662261362424,0,1,4,17,0.1125671390465716,0.0928493187892902,1
164.86151767558945,3,2,5,10,0.0158278877565102,0.1067481151243873,3
21.08548119247948,0,0,1,17,0.1553045098340589,0.2810482072358385,2
131.2045091592068,1,3,3,12,0.0800089142562942,0.210519024421045,3
167.98592280724029,1,0,3,17,0.2665877903344872,0.2526012480967499,1
55.62922911515837,1,1,5,19,0.2348742767938707,0.1615612500603848,1
93.44899490298585,1,0,4,7,0.1179775970451877,0.2610265923884181,1
143.9648262839716,3,2,4,12,0.1484973555206422,0.1444308541065848,3
114.41257889346632,1,3,1,6,0.1445148308087178,0.0190530409719279,2
50.09480445261141,3,1,5,12,0.1656057655722605,0.2536399432991534,1
55.15591892828138,2,4,0,23,0.1378684130317171,0.1624027801827042,0
128.21506755709535,1,4,0,9,0.2879626054682618,0.1365230084616103,2
141.47746101125773,0,2,1,18,0.2066160350724927,0.1096489226729274,2
110.8588186292446,1,0,4,10,0.0093562686447677,0.1219302734097759,1
121.73112042909716,0,0,4,20,0.0411508333285125,0.270567649138704,1
38.25581863328112,2,3,0,7,0.1836702676890853,0.2192222567900048,0
58.82829525216329,3,1,3,8,0.1114968382704845,0.098359492956832,1
67.70937736209996,0,2,0,15,0.0357842079231206,0.084067231503097,2
122.04608547079437,0,3,5,21,0.1572145176176675,0.1484465091497427,3
109.48888069631924,1,4,5,17,0.1396593582203862,0.1782079751503475,3
170.61903355463505,1,2,3,18,0.2180107395347691,0.1321574347547663,3
158.91507224716054,3,1,3,11,0.1415270806374046,0.022083763226908,0
87.6424171294104,2,3,0,6,0.2117893074474133,0.2858340365915235,0
172.20716603564335,1,3,3,9,0.1407501820076062,0.1125275766054653,3
100.65901304433449,3,0,0,19,0.2066239938663131,0.2946199872236251,0
126.08373245858732,2,4,5,9,0.1170587101473147,0.2030039329839144,3
80.72381477781941,2,0,4,23,0.1514294960128625,0.1367609489019187,1
84.82803064315041,3,3,4,19,0.2958797212112654,0.0844091970740084,3
65.02695632253611,0,2,3,22,0.0923484563579925,0.2214569268867946,2
88.40379989431887,2,2,1,14,0.2866640461654849,0.2581104002643876,0
141.74586737133768,2,1,0,17,0.0196945518386455,0.0028849695821021,0
242.29387251445016,0,2,1,6,0.0990605646302989,0.2736396330144391,2
160.2233604126824,1,0,1,16,0.2892873998675632,0.2321432052634192,2
105.7726732811434,0,4,4,11,0.0776012529963896,0.0581847530062342,3
59.08237689574651,0,4,0,10,0.2771806291390777,0.0656939106648277,2
129.02098782336793,1,3,3,12,0.1289858926172438,0.25241676656145,3
60.766230621474975,3,2,1,17,0.2510394874318751,0.2571196676351482,0
129.601841290999,1,2,4,14,0.2292955235209422,0.17794671970378,3
21.109679737017657,3,3,5,8,0.023981075419585,0.1202390690447976,3
173.6451622832589,0,3,5,21,0.1751887388305007,0.1537777733020645,3
238.1342266365751,1,3,5,10,0.2282005432848355,0.2869512514266538,3
60.27270959643168,0,2,3,19,0.0478870899847152,0.1867168773330975,2
98.57096241944636,2,0,5,12,0.1788291199219745,0.2914443743161346,1
99.73661116737576,0,1,3,21,0.2875048209916723,0.1886783821732908,2
150.68335429334186,0,4,5,6,0.138800901159349,0.1878470699034032,3
117.9824578941058,2,1,4,21,0.2082269538994836,0.0335889065281655,1
137.1681780753457,0,0,1,18,0.2388500218327522,0.2724822179503676,2
121.13057866570632,1,4,3,18,0.2329353550365007,0.0931034079049095,3
1.0,0,2,0,8,0.0189770094041207,0.1857748095324548,2
54.45409682264816,0,0,0,9,0.001137344601729,0.2521111218263446,2
121.41637070847116,1,1,5,10,0.2211056134254084,0.0576864944110426,1
149.38675505126542,0,3,3,21,0.1297513987820118,0.1057750545213623,3
105.2184390934709,3,3,5,20,0.1953464658718443,0.2665558496968365,3
90.66760311292056,2,1,3,17,0.1956734308098919,0.2803861115995242,1
94.22585518041843,0,2,0,19,0.0572017161453809,0.1864790719747426,2
101.54365921021264,1,2,5,22,0.1717739117550376,0.039706635694482,3
17.69018498106459,0,1,4,18,0.2174141510646325,0.0180241247835611,1
155.0869824772297,3,2,0,16,0.0735146453652634,0.1313993476445032,0
118.75950084711464,2,3,5,18,0.1564005737061895,0.0352053905317433,3
44.15670140335275,3,4,5,15,0.1225363248176632,0.0827056334513396,3
114.482676045015,1,0,4,15,0.0824940170332202,0.0668718978483655,1
121.74685270890384,3,4,1,12,0.0957257295360408,0.0320353430076941,0
64.19157417633119,1,4,1,11,0.1717128950016795,0.1552738751075797,2
108.46227024094824,2,0,5,16,0.0378627589597172,0.1629679944658265,1
143.41058091927778,0,1,5,20,0.0116829296175599,0.2461025408404013,1
138.9286448638925,0,3,5,17,0.1429386731126112,0.2518160674574124,3
65.2239642446777,1,1,3,13,0.1672803621892573,0.0613261070590953,1
79.27269428561065,2,0,0,23,0.0396468857634282,0.1039383601256763,0
92.17518047141547,3,1,4,12,0.1231605769351485,0.1692754648974935,1
109.4823698505994,1,1,0,8,0.2656749745710141,0.0622490445971209,2
127.77230911014648,3,0,3,19,0.0358476731046084,0.2234347821483231,1
118.00956390508031,1,1,1,14,0.1346171348244028,0.1830183531388252,2
52.83786186781111,3,1,4,21,0.2698286949358386,0.1332371879309112,1
1.0,0,4,4,6,0.1238985268319561,0.0806726482447105,3
62.0759200437595,0,1,3,8,0.0565795640581893,0.2300897216303507,1
220.919561012725,3,4,0,13,0.2894061171412743,0.288444368264179,0
104.720347670208,0,4,5,11,0.0728428239545905,0.1722686876860195,3
13.504715128660363,3,3,3,11,0.1756078907172646,0.2239883298113894,0
1.0,2,0,4,19,0.0380187897702057,0.1724163400001902,1
206.78437047066865,0,0,0,22,0.1630211617778075,0.0463920023526751,2
130.58713033322022,3,3,1,9,0.0563085684849025,0.063499631491384,0
113.21809639790914,2,0,3,10,0.0354448673992876,0.129372210392571,1
55.3529015935169,2,0,1,12,0.0161881974123978,0.1282031777977524,0
121.89114392551434,1,4,5,15,0.2826057862959397,0.2045389912264567,3
32.824963508774005,2,4,1,21,0.1747984303338166,0.1258889444909248,0
104.36643519608243,1,0,3,7,0.0881452265337232,0.1449930443494311,1
1.2552484465300182,1,3,5,10,0.1666918694199365,0.1207886280551448,3
79.12269668727062,2,4,0,17,0.2207948064608184,0.1325735326270078,0
119.12704102475338,3,2,5,17,0.0129555260696748,0.0805524443685727,3
81.80442180862607,3,4,5,10,0.2452561879848646,0.2267467676998851,3
149.05695767858424,1,1,1,21,0.0767034875664528,0.0022259614429495,2
154.8271397987607,3,4,3,20,0.2339559698968833,0.2541588193905053,3
88.54716389291552,1,0,3,15,0.2597322121112173,0.0835358332887058,1
89.76217204599229,1,0,4,6,0.0586869133174035,0.1074181560600068,1
109.32709106013122,3,2,1,23,0.1498339682086708,0.2811562382354257,0
81.33630710023229,1,4,1,22,0.0598765331113462,0.1683920728259883,2
72.31562420379484,0,1,0,12,0.1754132421843807,0.0005672056556953,2
116.79676956982294,3,3,5,13,0.0486051839995331,0.1014704029510338,3
63.27330908259843,1,1,5,19,0.279940685806205,0.0588871379833653,1
109.97536632194442,0,3,5,7,0.0409755968001255,0.1174580097550536,3
11.986874970999551,1,0,1,15,0.2263731300133532,0.1812764249350012,2
45.488245990712464,3,0,5,16,0.184474440847851,0.2302981466374696,1
190.90794183378935,0,4,5,21,0.0760936882692554,0.0581549745183476,3
132.00624378208107,1,1,4,17,0.1263681705951535,0.2411104196946702,1
123.53924871976218,2,4,0,11,0.0512843768765597,0.1740334960210648,0
90.29101313685678,1,3,5,16,0.0090019397300172,0.1023325974109327,3
28.513467188199613,1,4,5,6,0.2221132280192643,0.2433570359949644,3
106.46838355054062,2,4,3,8,0.1241946021517434,0.27113896108491,3
140.2913605212387,3,3,3,11,0.1769393853266974,0.0533760495195987,0
94.04569282519702,3,0,0,10,0.0623973525883235,0.1208166618240593,0
139.92385052226234,2,3,3,11,0.0010786324749034,0.0722371716146169,3
34.964911512292815,3,2,3,7,0.1911828839451246,0.1154876339756403,0
171.43212720072776,0,3,5,10,0.1786579185453015,0.2645778319663168,3
117.12067903841616,1,3,4,15,0.2013149238747596,0.1343325678206005,3
101.80330301911616,0,2,3,17,0.0508695913718058,0.2193724130787221,2
97.32073123405696,2,1,1,9,0.1071820709802631,0.2706210863095817,0
141.2591862276684,0,0,5,21,0.0621787844809234,0.0995547119808357,1
122.57442412374732,3,0,1,21,0.2676316017075933,0.247643420836032,0
55.33752512408012,2,3,5,23,0.1963072926054364,0.195774424278303,3
119.89624233576666,1,1,4,6,0.0919857342879468,0.0545833308382249,1
28.519266304026942,2,4,4,8,0.0414461923883877,0.0161877152965458,3
127.20074691532064,0,4,5,20,0.1578706959447181,0.1774551109189906,3
96.0553889042502,1,3,5,18,0.2915111773496739,0.1656295653844409,3
165.73318654876886,0,2,4,22,0.1122110628199586,0.2221925891823978,3
84.52644626502801,3,0,3,11,0.0471675465918887,0.1591464161022733,1
78.44649295288353,2,0,1,18,0.1263128228758861,0.2437941861506798,0
95.74778304809882,2,4,1,17,0.1845788528663899,0.1565917096054084,0
168.55705236710452,2,4,4,15,0.0450717830646747,0.1849447922879802,3
25.36049396856947,1,1,5,20,0.1091229837821307,0.1623661154867666,1
123.99141857597446,1,4,1,13,0.1778855260910723,0.153675279714843,2
118.9441893901418,0,4,5,10,0.2935585036508659,0.2655632600293733,3
105.0516743991398,1,0,0,12,0.1265817476150498,0.2770249726874853,2
71.35887382097796,3,0,4,15,0.217100817833532,0.1596517748486841,1
73.14202687596685,3,1,1,9,0.2342589565900727,0.0385251701182547,0
28.352545819145615,1,4,4,19,0.0917201773375953,0.0146296959286857,3
163.9033052382714,3,3,1,16,0.205501369153046,0.0700316187874748,0
51.13811556426196,0,1,5,21,0.0795601163756552,0.0085278435827082,1
112.58253328398196,2,3,4,16,0.2944994111232003,0.1174733081707135,3
52.36733853002644,2,3,3,20,0.1820694131036047,0.1797530327696772,3
148.46152938059873,0,1,1,11,0.174718898610228,0.0777362927190136,2
116.0127390644077,0,0,0,7,0.1333737665622074,0.2597534993350318,2
178.67714600248587,0,0,0,20,0.0241122066175713,0.124895949287221,2
59.197899950567454,3,4,5,7,0.1714238322954874,0.0923142092741953,3
56.55769608407848,3,3,3,10,0.2552438958146183,0.2083114452143436,0
143.1055689516867,1,1,4,14,0.1035841501603051,0.0705227930003321,1
113.3349894751036,2,3,5,13,0.2092053754808533,0.1576934729983143,3
143.72481641991143,3,0,3,8,0.1558507739562977,0.1614140261096351,1
125.7024070343234,1,4,0,6,0.2940831260531665,0.0941954820427207,2
80.66477293622782,1,2,3,8,0.0619300887650088,0.2174674989229837,1
86.34754587424213,0,2,0,16,0.2248532556074136,0.2209808645448064,2
56.43770940927448,2,4,4,8,0.0734053931740203,0.0639861000971598,3
114.2870080638296,0,1,3,15,0.0808007137553017,0.0582168906492304,2
152.43203545603217,0,3,1,23,0.2489552631753173,0.0104789980566366,2
112.72662948938192,0,0,4,7,0.192008200741798,0.2180393808499058,1
53.67947677030905,0,0,1,23,0.1434094561054401,0.1802890457811108,2
15.414908870250272,0,2,5,12,0.1023044955732333,0.2356169644047773,1
86.59961287473214,2,0,5,21,0.2517092537600904,0.0539309437936623,1
158.73988466908153,2,4,0,12,0.0054683929775406,0.077412398834512,0
80.66829011428457,2,3,1,16,0.0273713018273814,0.1724629531533389,0
123.95895797057472,0,3,1,17,0.2659279619853191,0.0952225570726866,2
72.98141898674955,3,1,4,20,0.0718212759215316,0.180013123302768,1
36.6551643536703,3,2,3,19,0.2644001432201784,0.1220194427844871,0
110.90621848405016,0,3,0,22,0.0209538542593942,0.2273922884832168,2
152.70635041548096,0,3,1,13,0.2410529542856723,0.229777011041508,2
77.80882601543341,3,2,0,22,0.0247870700384388,0.152563189060286,0
163.98242173359972,0,0,4,6,0.09467823175255,0.276710724149963,1
139.4442103774321,0,4,4,12,0.2644984716525669,0.0731066599991443,3
111.32960630889993,1,3,5,20,0.1709486405336504,0.035423172502173,3
80.78373865706138,2,0,3,8,0.0763518883849006,0.2619510175996666,1
36.690449019358695,3,1,3,15,0.2926842039238446,0.17739280092264,1
83.78389795449021,3,0,3,19,0.0084328026622557,0.0013635221524785,1
88.44486746654232,3,4,0,9,0.0256002374934808,0.1942051319420316,0
47.09823705709277,2,4,5,22,0.2183413844811433,0.1966637405142678,3
104.942972250551,3,3,5,17,0.2753052389818063,0.1530415189335353,3
51.8834616277458,3,2,4,10,0.2343927574343584,0.1352496410147471,1
80.2438035859656,2,2,4,14,0.1888561838227698,0.1513389289455618,1
36.489537830652665,2,3,3,15,0.1506950166894176,0.171388999126701,3
107.29090490106448,2,0,3,7,0.0722163211321595,0.1043493860808929,1
199.07621335413347,0,4,0,17,0.0550755419835152,0.0159396123057789,2
144.32544010377626,0,4,5,21,0.0022380464114723,0.2785714513546932,3
138.98864052015634,0,3,0,15,0.1013738630379752,0.1716400549251989,2
18.54533556846735,1,4,3,23,0.0108719147418778,0.1029722359798669,3
33.16120608623763,1,4,1,7,0.2932279299817454,0.2551856272842303,2
82.10165556233011,2,4,0,21,0.29682390586224,0.2566004186388997,0
78.94848270687525,2,2,1,13,0.0387992012273298,0.0545418849189685,0
168.88037235871525,3,0,5,19,0.1295610419039384,0.1726470220833027,1
185.46035771764812,3,3,1,13,0.1273457841090526,0.0866813642524792,0
80.95934839271405,3,0,1,23,0.1084212447516736,0.2074572641899592,0
73.03071364592498,0,1,3,20,0.286685872588828,0.0803094003823848,2
87.40425335644213,3,0,4,15,0.1209532104573829,0.0883292116423634,1
122.66272506428857,2,2,3,14,0.0743995108719602,0.2574494890645487,1
91.24341221803282,2,3,3,9,0.2716956590165973,0.2397391177190977,3
20.58153758747088,3,0,1,10,0.219922471483564,0.2953159385269085,0
37.09900443668314,2,3,4,17,0.1440773322221469,0.0728955899796439,3
139.48855143183533,2,1,5,10,0.1442165905267503,0.1332065177588074,1
115.09003785054898,0,2,1,17,0.0233625078559179,0.179808938828088,2
121.71812449197832,3,1,1,10,0.2592595261210352,0.1545062678425478,0
134.09769406549108,2,0,4,14,0.0366254206143657,0.280543558148496,1
20.81960327899013,0,0,4,21,0.2181172633196546,0.0228911665814347,1
117.49659973722213,2,2,1,18,0.0395793062739539,0.0963831852866791,0
87.54303768802193,3,3,3,7,0.0006009942603686,0.109106496073484,0
72.35520331531437,1,1,4,10,0.2601577214330186,0.2463115126562231,1
81.6322095615876,0,3,0,6,0.1734274585897154,0.207243843868617,2
13.545041128397472,3,2,3,12,0.2063714295228554,0.2849636319474283,0
198.65623328932696,0,1,0,19,0.2962563181238485,0.0038541851206538,2
169.538158601674,1,0,5,17,0.0036370687804414,0.2433822772380717,1
1.0,0,0,1,12,0.1334663164925145,0.0285771391979125,2
126.58327979692974,2,0,3,11,0.209409136888609,0.2075059094806581,1
159.7988231241852,0,3,5,20,0.0978234191715204,0.0522992887354651,3
64.70604929698925,0,2,1,9,0.1812885852951194,0.0582751623304873,2
54.42450156615641,1,1,3,12,0.2038275744453062,0.1140047400435402,1
94.4604262156112,3,1,3,13,0.1049866658147354,0.2546563150074931,1
110.24504289885624,0,3,1,8,0.0140945372207197,0.2635924108646036,2
111.703299552784,2,2,4,15,0.0141003499438566,0.0362114269670872,3
70.92687203697872,2,1,0,7,0.1213865613509081,0.189017354635878,0
122.45540453451936,0,2,4,11,0.0423202260031373,0.2750556723855412,1
168.77298388340265,1,3,3,23,0.1969660570326789,0.0943164639736479,3
137.71569843932787,2,2,4,11,0.0861108578897207,0.0338510764141098,3
57.50458736199373,3,3,5,22,0.1233605203965816,0.1506633304306027,3
5.300320357889177,1,4,4,22,0.0425586968714344,0.1201175931088365,3
117.59077254569482,1,2,5,8,0.1161260051460984,0.0033144558071493,3
71.03610135269034,3,2,1,9,0.199874897312682,0.1448562791318918,0
90.175414996037,1,1,5,7,0.2908481103226746,0.0464226605353309,1
115.64981522674142,3,1,3,20,0.187357990120067,0.1470370821782471,0
136.54161175974625,1,2,4,16,0.1944428134112526,0.1047740308849777,3
51.68104531039655,2,1,3,10,0.2130251626476906,0.062736166308351,1
137.8023887990405,3,3,1,11,0.2426143052180404,0.0499958705029269,0
110.05617293507628,1,3,1,21,0.0984967562897416,0.1103538361736947,2
50.89165247575345,3,4,1,18,0.1109392840207695,0.0620294752633593,0
14.54017369083232,3,4,0,19,0.2698920098475643,0.2270172457710196,0
166.39797393354814,1,0,5,10,0.1313767358958663,0.1563765761328912,1
49.29009649099763,2,4,3,16,0.2567553893232313,0.2055067501511304,3
145.86553992354,3,4,5,17,0.2837512444410171,0.2668411458167755,3
97.69781328141454,3,0,1,20,0.2437561284518435,0.2393744059697344,0
74.70485298038177,0,2,3,10,0.0253157045130457,0.1644549253512554,2
99.0646252361489,0,2,0,6,0.1545209524882043,0.0549424466247138,2
138.00604045277208,1,0,0,21,0.1769216775430362,0.1337843092853916,2
26.401036148528547,2,3,3,14,0.1681401868578975,0.2697305045007642,3
165.01244721260207,2,2,1,8,0.1002697581449416,0.0167090175540694,0
122.67800151322945,1,0,3,6,0.0969221674108513,0.1990649608031657,1
106.30311640017024,2,3,0,11,0.2593022376282052,0.0315270034331993,0
128.3623424428761,0,1,1,7,0.0418742569601752,0.0762149037554837,2
126.9700994104704,1,1,5,13,0.1553450884400771,0.0402186771412002,1
90.22790631035578,0,3,3,12,0.1500428042593349,0.2365399464563893,2
73.12115294996279,0,2,1,16,0.0611631418496732,0.0029941927466283,2
7.31543841151597,1,0,4,19,0.2059106850489128,0.1291917034540549,1
61.76251498971385,1,2,1,17,0.1308237640314764,0.2789866745237043,2
104.04576127635605,1,0,1,10,0.0770072783007704,0.173197131152755,2
55.70356472675309,3,1,5,9,0.0879370236384338,0.028107000478283,1
70.93804014869279,2,1,5,14,0.2696888860615647,0.1757737698390484,1
60.35262485069519,1,3,1,15,0.0029127540168372,0.0700808829070489,2
157.92717256338904,1,1,5,20,0.0346570808532764,0.0685216689579147,1
98.583007731677,3,3,0,14,0.2442534751980318,0.0936098528980414,0
30.279171737054725,1,2,5,7,0.0642998156496879,0.2918067040360146,1
77.94374004019463,0,1,3,7,0.0248051105064938,0.2255997638906814,1
101.8838102354294,2,1,5,17,0.0796307491842348,0.1499176251339981,1
191.94532821547523,0,4,4,9,0.2925079202635752,0.1464960751095246,3
77.42046733764606,1,1,3,10,0.0894630315752728,0.2069218250025424,1
122.82999243492507,0,4,4,23,0.1300040414594521,0.0036456580143741,3
43.10671626731079,3,0,1,19,0.1368548863357665,0.089455777080205,0
1.0,2,1,4,13,0.0290260918414184,0.0485290699550128,1
171.4117107237346,3,1,1,10,0.0164908935759656,0.1434375182080473,0
163.62003137245287,1,3,1,16,0.0120362585967267,0.2815833313552751,2
56.823893349264345,0,0,5,8,0.2161819376849609,0.2203812261051121,1
187.40902290346295,2,1,5,10,0.0180888373403568,0.0508008658524308,1
101.68686474664008,3,4,3,12,0.2807206763650376,0.1999754214395842,3
63.52184921311919,3,4,4,15,0.0593462991971415,0.022321282249461,3
64.60235346820488,0,3,4,22,0.1953108034700125,0.1110900410572815,3
120.64106863665728,2,0,5,12,0.196977696563608,0.2310432780185958,1
33.38525632392057,0,4,1,22,0.0707236799981106,0.2913873104966294,2
127.40355790246306,1,3,1,13,0.1437128832444585,0.1841699954448928,2
46.74219929523201,1,4,4,17,0.2163919790328383,0.2582855028206446,3
135.09688702383417,1,2,4,9,0.0613112597677543,0.1241730762921351,3
52.23922647518628,3,4,5,16,0.1420402705481087,0.2137876839797136,3
47.28474786979605,2,2,5,19,0.164476356553334,0.1935066728939385,1
56.974637444989206,3,2,5,7,0.0622889069933949,0.1514119882931467,1
149.79467077946225,2,3,4,22,0.2314584864502197,0.0956762911216594,3
77.40540153885786,2,1,3,10,0.0955579417078805,0.2145383681647705,1
83.05159745883319,1,2,0,20,0.0590175091290577,0.0989489259816876,2
66.46618817974507,3,4,3,16,0.2341821489048651,0.0277628849641076,3
182.20483889262303,2,3,1,12,0.0208701255642242,0.0606136500580023,0
40.3979227919034,0,0,4,7,0.1895119312454143,0.1209425723132257,1
89.33690279935095,2,1,0,15,0.0626002357310064,0.2730155318144401,0
45.41252853878321,3,3,3,13,0.0435324359448164,0.2630848776215269,0
201.3369839242176,3,0,3,16,0.1448939371192766,0.0852765684570593,1
244.5851494978384,2,4,4,14,0.2810965090703058,0.1782894240519088,3
76.09829936841255,0,2,0,10,0.0093981611174818,0.2292608891379861,2
115.01904684789427,3,3,5,21,0.0076957439618683,0.257242712843628,3
79.7994284682601,0,1,5,19,0.235875075768204,0.0770103818409136,1
72.58004304458352,0,1,0,18,0.1032391514613408,0.1726236386344828,2
99.41772255829235,1,0,1,14,0.2143211340333533,0.069602664669804,2
112.0777434238198,1,1,4,16,0.0133684915360425,0.2778629139521529,1
30.16875170815247,3,4,4,20,0.0568633905365388,0.2908019012988749,3
1.0,3,3,4,12,0.0895451866264031,0.0009214139237051,3
168.03931777395707,3,1,0,22,0.188263080636801,0.2271220625478482,0
138.89688837901534,2,4,5,6,0.2390418184563394,0.2394398290191955,3
81.81933520491911,0,1,4,8,0.266511469805515,0.0959355146579237,1
127.9668662263836,2,4,1,21,0.1943265891869112,0.2923401869762605,0
162.51434564706167,0,3,5,19,0.1576913144933832,0.2590380199611303,3
181.66147582599703,0,0,5,21,0.2829174703848136,0.0537925699592723,1
75.63235303949702,0,0,5,8,0.2041359298220825,0.0349909141028882,1
108.72715299765512,2,1,5,20,0.1835232620829174,0.1355019301739883,1
165.7547005053902,1,4,1,7,0.0695530172770292,0.2429700393536314,2
75.01822984437585,1,4,3,23,0.1280317214243941,0.1266801237230553,3
116.5860973311644,3,1,4,23,0.1578863208009442,0.2303598223483037,1
6.5036352475958665,0,1,4,23,0.173386116935187,0.1754404049927078,1
199.4410026891897,1,1,4,22,0.1158110310892185,0.0343071718273694,1
125.86686473418204,1,1,0,17,0.2150404722794345,0.1831859638813086,2
189.3298511963348,1,3,4,17,0.1195064341630693,0.145854256717356,3
58.1143062563971,2,3,0,6,0.2450863191810926,0.0696644840744105,0
56.74967499133044,2,3,1,8,0.1907509919007931,0.1373941065554809,0
143.52245848706536,2,4,3,13,0.2995741866313074,0.2095965175664242,3
17.16975407578039,0,3,5,18,0.2764094938027841,0.044046937296131,3
9.231460515162738,2,2,5,10,0.0487850118975147,0.1217690576910097,1
188.2369876220898,1,3,0,22,0.2316458245629481,0.299932628621216,2
162.52786232551998,3,2,3,18,0.2943296034453596,0.1706506621651324,0
66.3909181913256,0,1,5,23,0.2935094214471943,0.1572624616150126,1
160.84910196026252,1,3,0,11,0.2759664894050098,0.1589715412722665,2
38.02941764724543,1,2,4,7,0.1102912783610867,0.0716091195117669,1
82.78393991150014,2,1,4,23,0.2943491647311424,0.13923229075636,1
96.72730107889144,2,4,4,6,0.1299573733344425,0.0871308642440202,3
198.49689560324575,2,3,1,18,0.1450037282402155,0.0671212923817406,0
124.40476906895913,2,2,1,14,0.2587133633394193,0.0201004475877483,0
109.57280680749676,2,3,0,11,0.082816535186726,0.1413511661946577,0
136.16741094320025,1,1,4,8,0.1119566790700209,0.103484733076994,1
166.22413129205353,3,0,1,17,0.0790136839360534,0.1479035036217897,0
107.5261602784348,0,3,5,17,0.1167454154401411,0.1862037356443921,3
99.88471063145872,0,0,3,20,0.1909615268081548,0.1240572665830368,1
99.3108294006635,1,0,0,9,0.0217416463840829,0.2542630657793533,2
116.08446850401496,2,2,0,11,0.2152265092434208,0.0627955698464601,0
100.51127371263728,2,1,5,18,0.1842749808644501,0.0752446515021983,1
3.21138345801873,2,4,1,17,0.1284433510105972,0.2208100852097668,0
59.78654752356656,0,4,0,13,0.2462742716303072,0.29347899462164,2
184.30062919305155,2,1,1,6,0.0884845433411158,0.2218404800563472,0
104.55981846857138,0,1,5,17,0.0437159003123971,0.1926962675898112,1
70.13014371546892,3,3,0,17,0.2915719120681184,0.1276661525167955,0
141.34717302325978,1,2,5,18,0.1966416802979515,0.2849021728719014,3
123.07590231890566,2,0,0,21,0.1857357300152519,0.2265137243915548,0
90.634581919598,0,3,3,15,0.2105811457744563,0.2109410495601425,2
64.0106512825389,3,3,1,8,0.113038956819126,0.1529929344930476,0
135.19404639121288,2,3,1,23,0.1075346319601294,0.0829742189493366,0
14.093125481198214,3,2,5,19,0.2223218202330512,0.2050641829806599,1
157.7596420140626,1,4,5,15,0.059677739269084,0.2752428909675841,3
126.36548466997816,3,1,5,17,0.1969165910552042,0.1260104467564913,1
98.37593250290574,3,2,5,16,0.2037302599273655,0.2424036420824241,1
75.13129251748558,0,0,5,7,0.2837171624463208,0.0584486602292654,1
121.3023243622498,2,0,3,13,0.0700810549827362,0.2350164048846824,1
99.08218879031315,2,2,4,22,0.2887362369571711,0.0939441625421126,3
154.3726775347083,1,2,3,6,0.2773520733416014,0.0681325511804514,3
133.64474331495728,0,3,0,8,0.2649001543283505,0.0030628389434583,2
122.33202508276928,3,3,3,6,0.0666351602916544,0.0262972384905459,0
117.64853748614338,3,2,1,12,0.1065279111918914,0.0859084690208497,0
203.102557650343,3,1,1,16,0.2125154840310454,0.1662993065763765,0
70.62839928555027,0,4,1,13,0.2326133536540638,0.137752362684499,2
84.80229684647293,0,2,4,19,0.05895000292299,0.1421696771468037,3
75.45867600429754,0,0,4,15,0.1873527871186277,0.0288494448335703,1
15.955245862675454,1,3,3,16,0.1714426755500376,0.0331782857353861,3
48.2201012610037,1,2,0,17,0.2426620015785698,0.0744593171901943,2
75.50050255593591,3,2,4,8,0.1711778995800309,0.0742679560246696,1
139.53720036199172,2,4,0,23,0.1888806952366945,0.2613130879834131,0
128.1667751529453,0,1,5,18,0.2560496265151467,0.2071299193305452,1
75.67972400872935,3,4,5,22,0.1880531859814116,0.1672460217114355,3
93.52094444540089,3,4,0,14,0.1481470212901045,0.1322574212116859,0
84.61552817465491,2,4,3,19,0.2916830869403282,0.199697296961986,3
129.7205176978626,0,1,5,22,0.1379791404071517,0.019094979557938,1
98.0586855671952,3,0,4,11,0.2100419634588347,0.09814136918252,1
25.900572943710216,2,0,0,19,0.2128805038461209,0.0018968225419699,0
99.1359931969352,0,3,5,21,0.0555492959255275,0.0954588585986781,3
102.2436617829851,0,2,1,23,0.1619057713717631,0.1757958192441512,2
135.98882597388493,2,2,3,6,0.2215148328092687,0.2952319142261088,1
202.7610484258173,0,0,3,8,0.1468676071721354,0.0983536442467789,1
101.00619514978536,3,4,1,11,0.242890265422768,0.1385549404608567,0
17.995312214508147,2,4,0,16,0.1428818964836607,0.1834519687128616,0
25.77342290344714,2,3,3,22,0.1447254449710487,0.2320090674543372,3
83.59673979027528,1,2,0,15,0.0242229116989608,0.111899335890487,2
1.0,3,3,5,22,0.2694608961099932,0.2221190678533557,3
91.28179398739223,3,2,5,7,0.2853947114463142,0.2787475582503644,1
1.0,2,3,5,8,0.2149420766286031,0.2078560033514057,3
19.968707840831044,1,2,3,23,0.2756389701757728,0.1770722298353101,1
79.67365374484197,2,2,0,18,0.1559616182216593,0.2063425291939307,0
96.81867980901986,3,4,0,19,0.2623434756184613,0.1915734397639724,0
67.35490074107754,0,4,3,21,0.2995131016362191,0.2575160153940179,3
1.0,3,0,0,15,0.0287367298658374,0.2486172464621499,0
98.87655116627164,0,3,0,10,0.0609703674664551,0.2595302903464802,2
101.74312076645828,0,0,5,21,0.0313853988420901,0.0255384655516102,1
8.980097596408214,1,2,4,7,0.2071518468821844,0.0230288314449664,1
48.59591200784144,2,0,3,14,0.2337841254421312,0.298902291679879,1
120.13199784960018,0,1,0,10,0.0317075720604852,0.2352140036902847,2
136.28700376351435,3,1,3,7,0.15401819060055,0.2506752458083336,1
83.25746351944105,0,1,1,13,0.1459709053687895,0.0640038647812125,2
186.0584564379632,1,0,5,7,0.2202754406287049,0.1298173341162221,1
77.19371532526984,2,0,1,8,0.0030766374261077,0.0720779018479845,0
43.25047661194401,2,1,3,7,0.059472145968628,0.2000641266776867,1
162.7552708291542,3,3,5,22,0.2118663592684009,0.1037479723707604,3
110.77057013650618,3,0,5,13,0.2997690492451385,0.1407123851418137,1
79.83522090414537,2,3,3,21,0.2306590964517799,0.1581312135294862,3
105.16208293495428,1,1,4,12,0.2280945637422388,0.0199588951926548,1
63.44078795429799,1,2,1,9,0.1051395637235616,0.2017347788772091,2
126.1148420808296,3,2,5,23,0.2359368583883031,0.0210003287720781,3
77.41869556469354,1,4,0,12,0.0143816535701781,0.2139667098843514,2
144.6188567442454,0,3,1,10,0.0628856902158526,0.0510329189462181,2
1.0,0,2,0,13,0.0284473395217496,0.2234915912485849,2
109.60571335393342,2,0,1,9,0.126120693149967,0.0139923185492464,0
109.64107751809664,3,3,3,20,0.0347474431863716,0.0502534633820538,3
91.94073808903414,3,1,5,12,0.2052280808440468,0.1297330195975176,1
78.84696994871103,1,0,4,19,0.2678920747808834,0.1338775907387596,1
223.04981129212905,3,3,3,10,0.2647206048693636,0.2962764582993483,3
61.91773805321182,2,1,1,17,0.0362866859468892,0.2442692973328234,0
82.25258666296709,1,3,1,13,0.2973684966841673,0.2634007994750049,2
51.392217330257886,0,2,3,9,0.1876739315025142,0.2063349848673705,2
88.58390543227762,0,0,0,6,0.0771364367807521,0.2628035829189584,2
84.86235650191169,2,2,5,16,0.1263463972408262,0.0695263448000023,3
88.53474562337506,2,2,1,11,0.1616649956829277,0.2091482205424599,0
25.907384844549057,3,2,4,10,0.1212849553795797,0.2009865517642185,1
104.96970447807148,1,4,3,7,0.1641292524390165,0.1773740900571568,3
178.95168505460003,2,4,5,6,0.1229069527521385,0.0953545865890654,3
91.87201912624651,3,4,0,12,0.0068523869470182,0.2481665374706544,0
38.21042942467871,3,0,1,16,0.2206678814944458,0.0867820736719257,0
46.85286349084156,1,3,5,6,0.2729374749230312,0.2738298161609357,3
163.61351888832746,0,2,3,23,0.0671706272186652,0.092821447194929,2
63.42298526368193,3,0,1,16,0.0756085148648503,0.2142378726572526,0
71.74828697667533,2,3,5,9,0.0124130557633777,0.1828223797472619,3
92.90370381965596,3,4,5,22,0.1808676491619192,0.119203829158082,3
148.64555351841184,1,4,0,11,0.2705409521422597,0.2595281586615152,2
122.54864053758538,0,2,1,11,0.1493889800197307,0.1457206016242392,2
116.8467165072026,2,3,5,9,0.2355888126434796,0.0581344259724197,3
123.70211557561032,2,0,1,23,0.1749793232131777,0.0025653043140252,0
120.30395833149689,3,4,3,16,0.1756292988153152,0.1840325581093098,3
111.5299009446955,0,0,1,14,0.0264510440051241,0.185500024055504,2
68.65828395542614,3,1,5,6,0.2594073493744491,0.2426576864660763,1
60.52231572418395,3,0,1,12,0.0062137280905571,0.0395767600537477,0
116.07315436514912,2,0,3,18,0.2120284161631516,0.0979632930703934,1
75.67954556664742,3,4,4,20,0.0996837820757173,0.2786538843613019,3
119.29013875623492,2,4,4,22,0.2703038766658321,0.1585171695561355,3
77.19628636441848,0,2,1,9,0.0820812424193332,0.2529624079845369,2
79.78883548124068,2,3,0,17,0.2724866108412839,0.0598840191333412,0
150.04822951444913,3,0,3,21,0.1259022399221924,0.2656951714144933,1
1.0,2,4,0,22,0.1702719598390927,0.2292450197257288,0
78.24288952988903,2,1,3,13,0.1582280585387102,0.2305088367148653,1
119.19117819156348,2,1,4,17,0.0004664744130651,0.1064187285645366,1
78.95495307125299,0,1,1,15,0.2133547186342812,0.2593556884007398,2
1.0,0,4,5,13,0.0944109165243695,0.0154358025493816,3
67.901681633376,3,3,0,18,0.1943772747974763,0.1495822502646182,0
150.6722879941882,3,0,5,11,0.2008149438303948,0.1241675536584357,1
65.2911632057324,3,4,5,13,0.1569191815704996,0.2219423872207951,3
131.86090456776603,2,2,1,9,0.0162990899418026,0.0287155785615345,0
55.16078071387931,1,3,5,9,0.0952141401975279,0.2975841900965083,3
109.23229284966278,3,3,4,18,0.002076204422193,0.2449715799547721,3
234.77443547345425,3,4,3,21,0.1817783275293409,0.2001392796341647,3
76.27765042527605,0,1,5,21,0.0930346072504752,0.2380715148124959,1
116.20117171110329,3,3,4,11,0.0782378340688254,0.0649830068829893,3
199.2972388044004,3,3,4,23,0.1071673783104665,0.1680092608575054,3
104.83719564695237,2,2,5,13,0.1356918726581973,0.0806218009158157,3
114.56668216593994,1,4,0,6,0.1629220022090004,0.1643835965593975,2
127.00120984946216,3,2,4,9,0.1622459579796439,0.2248432258128739,1
123.26719969789384,1,0,0,20,0.1387236226023709,0.2019758931142323,2
27.110430599257526,2,3,0,15,0.0167183166477838,0.2329258374010169,0
126.72718067280952,1,1,1,22,0.0888126927051072,0.044991930014386,2
1.0,0,3,4,22,0.2684297671859059,0.2743678749739094,3
135.38574414330645,2,3,3,14,0.2400753817768712,0.1318900763402587,3
146.8807421754799,0,1,5,22,0.0055351274534121,0.1119033567963387,1
44.0969786009086,3,3,1,23,0.273501851534579,0.2138687466830394,0
104.66844304015824,0,2,0,7,0.1929480257430027,0.0934635264831118,2
113.87489862169328,2,4,0,10,0.1439443305805054,0.1999153380780976,0
66.28270867018503,3,4,1,22,0.1512189326055104,0.2451894905173543,0
183.95123992519143,2,2,5,9,0.2319172373591287,0.0583992033671808,3
143.15438930026235,0,3,3,13,0.1669685992634929,0.0243126529027508,3
53.69737690603675,1,4,0,19,0.2061141490767062,0.0595306023539176,2
122.22587718664758,2,2,3,21,0.1186037322865419,0.1073336092373117,3
146.57846155318785,2,3,5,15,0.2355008031182471,0.0048691429589788,3
101.21201213127384,3,2,4,16,0.0685783803933212,0.2070490831138474,1
81.66319607414889,3,4,4,15,0.1942653944248172,0.2021260545957944,3
10.38668971080702,3,1,5,22,0.1962285217146968,0.1107666453338902,1
1.0,3,4,0,7,0.0680047020673029,0.2803936743141558,0
30.50241263080882,0,2,1,7,0.0674367258679248,0.0966050220861642,2
102.0165200444572,1,1,0,13,0.1132703191576589,0.1756824521689098,2
78.7532105131238,1,4,3,14,0.2537605924701758,0.1779131721652109,3
193.91386758720927,2,3,5,13,0.2519585944877385,0.1847619243551708,3
66.66882220159764,0,3,0,17,0.1521245161861257,0.2374384536560873,2
168.42040092793374,2,4,0,14,0.0653877118592885,0.2967508109204306,0
5.494676367312309,1,0,0,21,0.0298624034758922,0.0549773786676965,2
121.68967025095046,0,3,5,19,0.242556226414815,0.0421148595937194,3
110.04198693470524,2,4,5,11,0.163409739352191,0.0914197814080444,3
31.50071137665485,1,2,0,23,0.1164902389681649,0.1983066304907428,2
190.4533374322205,1,1,1,12,0.1264192576317827,0.2703252905214656,2
180.22639638681468,2,4,3,9,0.2150339794388751,0.2205749239211259,3
131.68310106462047,0,3,4,7,0.1405363292720592,0.2105309146310895,3
53.30040201815218,3,0,4,10,0.1171855433334109,0.1818023643404907,1
136.2083620438582,0,0,5,10,0.0585735803238775,0.1421390310090484,1
84.48789709070367,0,4,5,17,0.2482835516329592,0.2637126482885003,3
131.36960370418424,2,3,4,19,0.2786562635770299,0.0864620387885968,3
69.15757045041425,2,3,0,20,0.2433257115441091,0.001099680172553,0
100.02360173945424,3,3,4,21,0.2063178192462575,0.0332230010387153,3
48.26151109732169,3,0,4,16,0.1547582937898413,0.1295117392899719,1
148.2567062182226,0,4,5,10,0.158753167317277,0.2331392366522401,3
43.52500186084172,0,4,4,11,0.1149780362810936,0.1075317369653269,3
95.29938779495376,0,0,0,10,0.0275747333300617,0.1539434202373549,2
130.36835428528934,3,1,1,7,0.2407736035974701,0.289760331121777,0
101.24102773124002,0,2,3,21,0.0808377773311502,0.1270142919135595,2
158.10038521356051,0,2,1,12,0.2727979632243836,0.1171973807722666,2
49.59350216115751,0,0,1,15,0.0343292653449576,0.1464259592827441,2
89.87385012654588,2,3,5,23,0.1019448941931112,0.2039499771299155,3
147.7289790553089,1,1,4,11,0.0378999539920037,0.1824537672764526,1
70.76747023483908,3,4,5,6,0.199070592057773,0.2700040460817891,3
153.05433140794315,1,4,3,6,0.0787146282632374,0.1150051027186788,3
175.6182898685635,0,2,4,13,0.189636641259696,0.2565613314391585,3
44.424730964943805,2,3,4,10,0.0501367152249351,0.0121219026934475,3
134.24210970527955,2,2,0,6,0.1566746194330536,0.2267062186242202,0
103.7694234617174,2,3,1,17,0.0029925239484441,0.2062402724140302,0
84.69772674677913,2,4,4,12,0.0466586657564243,0.1041401361156739,3
53.74846763806921,1,0,0,17,0.113581241891801,0.0943626236260649,2
39.537562276919815,3,2,5,14,0.1486767537275607,0.2267979534028465,1
111.14010508594303,2,2,5,14,0.2477347790402196,0.0546690426039869,3
1.0,1,0,1,20,0.1917702827843301,0.104111029314732,2
103.05142917781605,0,1,3,9,0.056302309373282,0.2738099390679566,1
144.20621605156998,0,3,0,13,0.1314691695493149,0.188655155052137,2
74.03293445594349,1,1,4,20,0.2056963155852077,0.23544083116278,1
137.05496141333558,1,1,5,16,0.1702137602074009,0.004213879595129,1
82.22541685428993,0,1,0,12,0.1649447761762359,0.0229508370566447,2
154.65614879409782,2,0,3,23,0.1984668425314853,0.2468023814795311,1
177.28368627933307,3,0,4,16,0.039897282696157,0.1645752310976999,1
87.9849597425876,0,4,0,13,0.1677055289983963,0.2455644853468111,2
180.77459719450405,3,3,4,22,0.1736285613304806,0.0064352735726724,3
128.14199981608022,2,4,3,16,0.0523466247300074,0.063826900212093,3
130.63204712938537,3,4,4,12,0.0812969548492998,0.2976194713136753,3
1.0,2,2,1,7,0.2797939415297301,0.0778582737130716,0
103.9535134104414,2,3,0,14,0.1363062141597982,0.0569495095496092,0
62.83818166109528,1,1,4,17,0.2603628067596211,0.1900168880649239,1
99.69757406804574,3,2,3,7,0.2529627868225402,0.2816363378672792,0
81.34297618975015,2,0,5,16,0.0994124656192273,0.1095289906347631,1
125.45230693370335,0,1,5,12,0.135230362214535,0.0177335939069051,1
1.0,0,3,1,16,0.1904186168694339,0.0301774668134964,2
42.792676148623855,2,2,1,11,0.2358089871563798,0.1826481318806655,0
154.11769365811546,2,2,5,6,0.0269688771644386,0.1278112962251898,1
192.81638566812435,3,1,1,9,0.0290896872547978,0.1062753728446927,0
156.75232809348455,2,0,5,22,0.2703766396472899,0.2570010474209275,1
128.03403300450253,1,3,0,13,0.2327198570896225,0.1130488294895404,2
71.04691993303877,2,2,0,6,0.1484232892864804,0.2954777807427343,0
36.26943543199131,1,1,5,17,0.0732363192404045,0.1250819110247672,1
119.31584839792431,0,1,1,18,0.2156694731042059,0.2485201847038659,2
95.2295909116676,0,0,4,8,0.2131515730307787,0.2592000161415286,1
95.1192560550773,1,0,5,7,0.0487820556998711,0.0266774769679505,1
48.6198428413308,3,4,5,6,0.2540033085355663,0.2298431701682495,3
102.99566185456308,1,2,3,17,0.0719867384481346,0.1929859849689534,1
162.62478645749997,0,0,4,10,0.2907501175081796,0.0428679066583228,1
97.00502378428683,2,2,3,23,0.1482320996317614,0.0554485248676898,3
139.10665071019716,3,1,4,6,0.1203172681778122,0.127559139814218,1
111.8940385099824,1,2,0,19,0.2932902375706018,0.0959410863899818,2
137.7031063615562,0,3,1,22,0.2925334538950863,0.2463834099590371,2
79.90145139715186,1,2,4,11,0.2870538441631045,0.1572381811310949,1
137.90724446053386,2,3,0,11,0.2619503408296469,0.2252406120001153,0
126.08456297904917,2,0,0,10,0.0618133292123114,0.1201510465571112,0
1.0,1,0,4,14,0.1512936427923512,0.2803160091118172,1
170.84869869187816,3,1,4,16,0.2839231602782348,0.11977429260038,1
1.0,2,1,0,14,0.0765477948549136,0.1985841919921806,0
79.34385571153435,2,4,4,8,0.0421554044531104,0.2208708196765773,3
131.00418408059784,2,1,0,16,0.1506328310607509,0.1044964636640444,0
98.01789610525434,1,3,3,11,0.0401429072499795,0.2478329230073988,3
59.431074955222016,1,1,5,10,0.2798088198960644,0.0842242919630979,1
162.20512580783614,0,1,4,19,0.1879048869040795,0.0466323502286878,1
169.15785845667335,1,3,1,12,0.080003453599741,0.0151624677228099,2
119.42926445163016,2,2,4,23,0.2793481095007221,0.0458183010867983,3
26.518697442674338,3,3,4,17,0.0558714900943814,0.2368290295307281,3
103.6036696068227,1,3,0,6,0.0461984523625963,0.2474768579707124,2
35.97920982917046,3,2,0,10,0.0442431963991489,0.2882148002287081,0
78.86709856914392,0,1,4,18,0.1027842325845556,0.2867196671798879,1
186.0551619569349,3,2,4,14,0.0041819626726114,0.2871476034844463,1
99.56325120512004,2,4,4,18,0.0331944127587125,0.109904164550897,3
100.12511501585614,3,2,3,8,0.2081599233101644,0.0606426308247078,0
97.87579387285898,3,0,3,8,0.1196340561343145,0.1291858124474343,1
7.438071192413588,3,0,3,8,0.0926172085080916,0.1016455287570884,1
97.89247341592662,0,2,5,19,0.00016281067455,0.1695361559287545,3
94.43535461973464,3,0,1,16,0.1607355695078819,0.1422401259316656,0
64.38553570968602,3,4,4,15,0.0108001835964019,0.2351792784427936,3
106.8097931402749,1,0,3,14,0.2782821865734234,0.0209751879339688,1
98.89568425042113,0,4,3,6,0.0317298111192374,0.0675117940026272,3
182.637447790844,1,0,5,14,0.0658286347297238,0.1877557584473964,1
100.07719842061265,1,0,4,14,0.1111057742457309,0.2916897717688701,1
49.68561230810275,2,3,0,22,0.2383069413516987,0.2154226729255406,0
122.16454633037128,0,4,3,16,0.1556451111946811,0.285926742601539,3
115.18789745504633,1,3,1,6,0.2536303841585723,0.1101916572375866,2
52.460454073361234,1,0,0,15,0.2406078872267566,0.280818731034031,2
96.7449730622348,0,1,0,6,0.0240834527042966,0.2684658641292595,2
95.94690690577131,0,4,3,10,0.1632961683436775,0.1154117967381515,3
82.84029758677893,3,3,0,18,0.0180586998515214,0.1607387205625803,0
95.74574171744896,2,3,0,14,0.1793859571454587,0.0792237719562662,0
141.2303645961014,0,4,1,14,0.2031383412145036,0.0275724988410109,2
176.12194548782725,3,0,1,22,0.1840011291831801,0.0110036115995198,0
46.42903041439599,1,3,4,8,0.0741167930137908,0.0710523673064163,3
123.70674005915488,2,4,0,18,0.0724255136182763,0.1016708587007107,0
19.125511037921328,3,3,1,14,0.0479048840205558,0.1789491131914957,0
120.16361387054349,1,1,5,21,0.2793250500213877,0.2415269985074606,1
66.54286246663334,0,4,0,21,0.2360431034639111,0.2762771835301281,2
175.73573062472013,3,2,1,8,0.2760873951317079,0.1849601546890056,0
142.29255922345018,2,4,0,23,0.2001467836324509,0.0152533606632085,0
106.5796480280933,3,1,4,19,0.1164089465925124,0.2180199029445894,1
51.54246336303368,3,4,1,12,0.0164848904844001,0.226045912378266,0
66.80552471934168,2,1,0,23,0.2905633999973464,0.2554305964874843,0
67.96356936866776,2,1,5,6,0.1036791491263839,0.0027995438659047,1
138.17190906947383,0,0,3,22,0.1152218458178992,0.2043799226296995,1
3.6531855877222768,3,3,1,23,0.0468725946553667,0.2435838288288079,0
63.55170890056251,3,0,4,13,0.0040461013324163,0.2535474124646317,1
148.39727565704698,0,2,4,11,0.0680537363426207,0.2335254395147463,3
107.5615536083421,0,4,1,16,0.0660020444201449,0.1089474403705839,2
26.387131825851355,0,0,0,11,0.0247105843810144,0.03065607275685,2
184.5917418762292,3,2,1,14,0.221041176268789,0.0279097727619256,0
91.4421806624818,3,2,1,12,0.2735920108647255,0.0268095789558983,0
55.23077289042206,1,0,5,8,0.192727215749181,0.1558339081887039,1
118.40925182060042,2,1,3,18,0.2277528891054844,0.0885059293079338,1
89.84096316895598,2,2,3,23,0.1806423359309588,0.085938613045295,3
79.48719820394565,2,4,1,14,0.1691446814924124,0.2567928242669472,0
60.68479734308356,0,1,3,22,0.0425594855280886,0.0382112722205592,2
164.7913535886346,2,1,3,6,0.2487631862585408,0.2956616357333617,1
22.305349777622865,1,0,5,16,0.1151370908231528,0.0039696505857234,1
101.97302902320524,3,1,0,15,0.1283316286189292,0.184689496246925,0
22.883490120532457,3,4,4,18,0.1255719814567488,0.0910049237028889,3
13.251215152706235,2,3,1,23,0.2685862738735799,0.1413721390936694,0
175.3292423066787,1,4,4,21,0.0581228525648739,0.2378915352107125,3
137.22648041507014,1,4,5,10,0.1659780880834647,0.1768875273658749,3
87.08556683424408,0,0,3,23,0.0377902041620086,0.0516787278064208,1
145.39995780912287,0,3,1,16,0.0233623918425317,0.1248729443922721,2
140.6685511314712,1,0,0,7,0.2428793221528307,0.0328011315432005,2
145.78323482420348,2,4,0,6,0.1899049875336973,0.0182771127482146,0
83.42994481518681,3,0,1,18,0.2867455311818064,0.2350928529549865,0
102.76280491433384,1,4,1,13,0.2752054734260338,0.0986420019370336,2
124.20639600196148,0,3,0,22,0.0954270885936271,0.1547695962060832,2
186.94959051634265,2,2,1,19,0.2526491010299249,0.1383947124601632,0
102.2814664993932,0,4,0,20,0.2499089896321429,0.0573715706954563,2
87.13445669076617,2,3,0,15,0.1356641899870737,0.2396752046353979,0
1.1443410272772354,1,4,4,7,0.2570480406186755,0.0138769199508331,3
131.13135199061605,1,4,0,6,0.1230951040534175,0.239221544872577,2
113.900464244325,1,3,5,21,0.1414172053182225,0.2708201480403218,3
108.78544713022832,2,4,3,7,0.1038067552636748,0.0518384803182053,3
127.87352640459348,2,2,3,13,0.2627963554406653,0.1639967209801432,3
6.925777472225576,2,0,5,14,0.1138859202984255,0.1699689437037181,1
122.19929107802648,0,0,1,23,0.0807634449821707,0.1600317820850722,2
79.3654920159561,2,0,0,11,0.1233770561242454,0.0363131099236799,0
84.07591005647598,2,2,1,7,0.1205921960783751,0.2151941218906674,0
67.96575032511996,3,3,1,20,0.1762452098949856,0.1935018773555403,0
1.0,1,1,0,23,0.25097668281439,0.0453158878193324,2
140.74126898940557,3,2,0,15,0.1513081669596054,0.2053946529182972,0
149.18677556978233,1,3,1,14,0.1090157638483287,0.0716879567843205,2
31.054172564133367,0,2,0,22,0.1523795089577831,0.2397820198364608,2
26.86830235504877,1,1,3,17,0.1943774225177098,0.1088031431485155,1
107.95432629219331,3,0,0,18,0.0178385376354318,0.1717300004745396,0
81.39327293293258,2,4,5,6,0.0894587842262902,0.1608846854218979,3
187.31461003300456,3,1,5,23,0.2952061287492007,0.1085729480803129,1
100.95170881080384,3,2,0,11,0.115485561176841,0.1955040549861948,0
158.70940825296606,3,1,0,18,0.1106924473771323,0.2940135665322627,0
133.8052464647416,3,0,4,8,0.244880840813184,0.0431256567650275,1
132.7114753248369,3,2,5,6,0.2470378369493575,0.0014303021214974,3
91.91600363927525,2,3,0,15,0.1045534991700566,0.0341780400792287,0
48.72681627444232,0,2,1,20,0.2788281343403305,0.1999542185435604,2
191.69019296818908,1,0,5,14,0.1325637634483492,0.1357404411689015,1
101.71909111289676,2,0,4,19,0.0300907172643128,0.1565691604085296,1
108.3558299612488,2,3,0,23,0.2716349278667637,0.1934154203362502,0
183.85295876485563,1,1,4,17,0.0750449105336892,0.269459844146767,1
17.4158255754502,0,2,1,21,0.0894621079270394,0.0950987838032104,2
161.15564725341517,2,3,4,21,0.0905870160205365,0.2641086950049506,3
87.12956964075194,2,0,5,18,0.2978934315346688,0.0005878017194706,1
115.56761915070254,1,2,3,22,0.1522050284233569,0.2642080972766908,3
68.58345827052246,3,2,4,21,0.0877310913221819,0.2592806158016265,1
126.66823544675904,2,2,5,10,0.2607893072694566,0.0011459935588448,3
180.91892384456563,0,4,4,15,0.1388438113016606,0.1682852021532032,3
84.22299685518207,1,1,4,19,0.0403495732776909,0.1929487139027453,1
114.64759167594175,0,1,1,9,0.0846313165908726,0.2932872541856643,2
140.3166009529465,1,1,1,12,0.1163944168727506,0.2558180560729031,2
103.96384577183854,3,2,0,9,0.1362522213268819,0.0502042820637294,0
58.38250427059561,0,4,0,8,0.1706826121754456,0.2027686931449199,2
114.70124798054572,3,3,4,19,0.1751975217032105,0.2308615757031716,3
73.120797240602,0,3,4,16,0.1087180699339869,0.1831629877100069,3
72.17576149306112,2,1,0,13,0.1917461504415931,0.2070368339894152,0
77.31578651695492,3,3,1,17,0.1724667969109001,0.0559441906111229,0
77.55200920299131,2,2,0,21,0.2020731029986296,0.0941985141327507,0
69.9494939684054,2,1,5,20,0.2249586163292339,0.2876655689735578,1
162.95906607566025,0,0,5,23,0.1610030365073216,0.0650726331197216,1
146.4081416755058,0,4,4,6,0.2572246186656885,0.20428783065554,3
9.779613875146197,3,0,1,21,0.1403961896449951,0.2144395683289878,0
154.52588373713343,0,1,3,13,0.0435108575544989,0.286466834948187,2
137.82659504933554,1,4,3,18,0.0311840570605774,0.0478554658605146,3
188.3025152026144,3,1,5,18,0.045498563618052,0.0795315614020185,1
136.91992245302686,1,3,1,11,0.2064746715262847,0.2051034515713543,2
146.6996111576893,0,0,0,10,0.2609498604679249,0.251836408135731,2
75.03143978404228,1,0,0,7,0.002240769541616,0.1751976698511536,2
176.58212330745187,2,2,1,8,0.1245981610594328,0.0736056416162115,0
78.80261689626052,0,0,4,20,0.1902431371982549,0.2363762235278252,1
108.95570056842335,1,1,1,10,0.2084571676425886,0.1650961424115978,2
192.84218314245865,1,2,3,18,0.25095721827184,0.042720806040303,3
101.68615514606876,2,2,4,19,0.0780926563218136,0.2370398423345736,1
161.08540697599767,3,0,0,21,0.2264682293191933,0.1317356567695724,0
175.26193447032068,0,4,3,20,0.1007519289706506,0.1052753577631849,3
187.55677987072212,2,4,4,8,0.1935253059503295,0.1801294454252122,3
115.54881725071114,2,0,1,22,0.2425583129067261,0.2282351694970052,0
43.42971949324813,3,0,1,19,0.1528704983970136,0.0421060712308766,0
96.93853123990117,1,2,1,23,0.0521830472700986,0.0067347167134767,2
142.59417046885224,3,1,4,15,0.0642227191750636,0.2034708857053315,1
127.3284581431128,2,3,0,15,0.0878846148199088,0.2382924637975267,0
17.41952016408581,3,4,0,10,0.0722711132012608,0.1858354751074421,0
87.51529137666031,3,2,3,12,0.1626325085167325,0.2520724291816503,0
83.07963889715921,3,3,5,8,0.1206005151421936,0.2165219135973092,3
22.926094754281607,0,0,3,15,0.2115150678913061,0.2131587638156357,1
139.403520080148,3,3,1,7,0.2510807414372622,0.152640753439649,0
222.64308105712007,0,0,0,16,0.0207842195717803,0.1565480203475137,2
167.8794104638421,1,0,1,14,0.1734154092054613,0.0915315280060043,2
84.13254163017363,2,1,3,18,0.2960177128305983,0.0983262580235281,1
62.312282971631824,3,3,1,19,0.2946708996097577,0.1448275517235192,0
40.61965662371253,2,3,5,21,0.1524693334559693,0.1458090566465577,3
1.0,0,0,3,20,0.0467367637088354,0.0854967760559095,1
123.22784507435752,3,3,1,17,0.081784008315017,0.0409537558586924,0
70.01681728205006,2,1,4,17,0.267551032697988,0.2615785850712893,1
103.580919635514,1,0,3,21,0.0254498570191934,0.1789139510439548,1
116.08817797319506,2,1,4,12,0.2920812729471392,0.1366448600252341,1
161.63237521909218,0,4,1,9,0.2312379178231923,0.1080252889480821,2
106.6620026987406,1,1,4,9,0.0509391415912128,0.1536519249210717,1
81.79468893053938,0,2,0,19,0.0797426501921541,0.065370927763771,2
72.35475308146005,2,0,5,11,0.2789993141633845,0.1356522348017312,1
65.66703954133408,0,3,3,10,0.1359034535262828,0.0570132867731368,2
27.99394354602937,0,2,1,15,0.2163627050068157,0.0732067254073686,2
25.911638871025616,3,2,5,13,0.1586485987157119,0.0030781545699115,1
72.66079220421452,1,3,0,20,0.1664624055267932,0.290343782060506,2
43.90595168328743,1,3,1,7,0.098834153287563,0.2099301350963239,2
163.624827195389,1,0,3,22,0.0159839986404469,0.0475128218197291,1
112.7157813276855,3,3,5,11,0.1989627165567004,0.286612193447524,3
1.0,1,2,5,11,0.0660065110321373,0.0273177122962161,1
112.56930194287582,1,3,4,23,0.0957609546132103,0.1532245809361144,3
95.663887542925,1,0,1,22,0.2362056061998575,0.138218706963607,2
134.51279645614017,1,1,5,10,0.1146280889261332,0.0493766859279968,1
75.46039871891969,3,2,3,19,0.2926813621396456,0.0291269207590734,0
95.19543904156332,3,3,0,20,0.1250744032428024,0.2054612701110834,0
86.54503406617661,0,0,3,16,0.1161108602079611,0.0625396044465251,1
67.96838849320189,2,0,5,17,0.0544646374582806,0.1095750823695989,1
44.79533444147271,1,2,5,10,0.050942296217408,0.0365316660596982,1
49.751204245005646,2,0,0,23,0.053318165693278,0.0355558713711076,0
77.82377925997999,1,4,3,8,0.1152960329410608,0.1785646010485751,3
145.18663921492055,2,1,3,16,0.1098438990965432,0.0749290694695793,1
201.8436085897908,1,3,5,20,0.1703757032189564,0.1862431649485461,3
67.4913863956921,1,0,1,23,0.0538695421134839,0.0756402638872695,2
121.25666233568607,3,3,0,8,0.1334978364075843,0.2921918956044216,0
159.31716178413552,0,4,4,11,0.1702518385207654,0.1360465649100614,3
89.45958377468945,0,4,3,16,0.2209764023110632,0.1532086287496399,3
92.39545569266006,1,2,1,17,0.085861722418662,0.1375973579873201,2
92.88757856801072,2,0,5,8,0.0574008493320875,0.227847713101041,1
53.6537956950196,2,3,0,13,0.2660079854724542,0.0441364299726077,0
75.73243446072145,0,2,5,22,0.1655215861995847,0.2201760092962572,3
137.55605953902406,3,0,4,17,0.2976380390025578,0.2508333382300087,1
183.04959520703116,1,4,3,13,0.2250649276101002,0.1945580608955566,3
50.2584504315363,0,0,0,23,0.0703720750643838,0.1957204895755677,2
136.99603801232752,2,2,3,10,0.1388097291771351,0.2462886624302748,1
126.88350591009484,3,4,1,6,0.0159671503613198,0.2562872573361152,0
59.59056708759309,1,4,5,7,0.1469198555480663,0.1573441683623958,3
46.20670372555168,3,1,4,18,0.2647885432457538,0.1274175756607314,1
82.77566175229605,2,1,0,7,0.2221072956593178,0.0713389115398424,0
112.59401800464278,1,4,3,10,0.1262744652379987,0.1988661679622088,3
15.490189118359922,3,2,3,16,0.2431127002044402,0.0745956254333468,0
67.22969801976961,2,1,3,14,0.056390221784507,0.0217427235998288,1
143.22703347317247,1,2,0,18,0.2893808932519551,0.1431143082066889,2
83.29553964523845,3,0,1,14,0.2174988776820616,0.0325813937237316,0
1.5051603279700745,3,1,5,7,0.1459152606774356,0.2786077261451255,1
112.23502132308536,1,3,5,20,0.0845252019721649,0.0732839203897157,3
64.32628409464806,1,0,0,8,0.0104317727016489,0.2093240645180352,2
121.56499065318582,3,2,0,12,0.1055971027364307,0.0628054174862123,0
102.07813963167776,3,4,1,18,0.1403074479354264,0.273136085387107,0
1.0,1,1,3,16,0.213631194145748,0.2950399862137486,1
107.05777073455975,2,3,1,8,0.257519629274156,0.1417418392922062,0
106.82957586991964,2,1,1,21,0.2364227037852506,0.0288704357913002,0
74.49567116405109,1,3,5,17,0.1252998191045295,0.0353876240736878,3
67.02521458411914,2,2,4,14,0.1733715024861433,0.1598007335553414,1
112.3365225543466,3,2,4,10,0.2666149267604843,0.1450844129294239,1
120.19577906578598,2,1,3,7,0.1694730368079693,0.0703623851469834,1
99.63637025001468,3,2,3,14,0.1929334313613448,0.0792057638557802,0
114.69381059250732,1,0,5,13,0.1193446791442749,0.1898757113937171,1
76.59137421995783,1,0,0,7,0.0999474258143781,0.2745506044151586,2
111.01065925724012,0,1,4,8,0.0870116826227474,0.2934494212574863,1
82.7611277320552,0,2,5,12,0.1597341641872787,0.019378547951808,3
140.1530244329389,0,2,1,12,0.0370579674426794,0.094418581120663,2
35.74392507176887,1,4,1,21,0.0341540009082208,0.0896587377461202,2
132.59324263465476,1,0,3,9,0.1875434173594222,0.0473473027870293,1
132.14039944214863,2,2,0,16,0.1583491687197041,0.0099229426236875,0
173.60689140825593,1,3,0,8,0.2783391255636054,0.127596705395676,2
123.1131232227102,3,3,5,23,0.1825140598651571,0.0479006788290556,3
86.1190650431741,0,2,3,10,0.1049103020715874,0.1988176564376129,2
1.0,1,2,5,13,0.1453217675066037,0.229754044254246,1
76.75369127920811,0,0,3,10,0.2172206015195721,0.0186379153185016,1
125.51602062220904,1,0,4,16,0.0626209431852272,0.0148283158072673,1
128.3212513993883,3,1,4,7,0.1016041872550401,0.2777783009477821,1
190.21275685389463,3,4,3,19,0.1318681780761964,0.2000666553724102,3
223.64999633840432,2,3,3,20,0.0739054132925551,0.0810634944433632,3
214.09514582570856,1,2,3,17,0.0809030261447492,0.2874974097026815,3
132.49715089061968,0,1,5,21,0.0607189369910745,0.1721276601898423,1
92.95370380505936,0,4,0,23,0.1691790615073879,0.0241011470609943,2
199.08007013256756,2,2,4,12,0.2302842774457549,0.184908632940252,3
9.591103873492004,0,2,3,21,0.170321234164436,0.1817970193961494,2
128.4092001670199,1,0,4,16,0.291615751359676,0.2741327029920958,1
116.52005555028926,0,3,5,20,0.2299367978240007,0.2731930820565705,3
49.091860727045415,3,0,0,17,0.1800759806580122,0.0769174258949794,0
83.96268056827209,3,3,5,17,0.1291940114142261,0.2897111209954442,3
126.51549681239798,3,4,4,7,0.0019056531615587,0.1780701685501063,3
41.42928039530055,3,2,1,6,0.0587199362530351,0.0497410670689951,0
102.65203921352236,3,4,0,20,0.1691449022521121,0.0012923978690748,0
144.01877115272885,0,3,0,9,0.0787855770745026,0.2534380296027134,2
41.12570131967794,3,3,5,7,0.2911149116769372,0.2428825744251003,3
78.99385113640533,3,1,3,11,0.1552636881920205,0.1766793126500263,1
118.91552798204296,0,2,5,12,0.1171715247663634,0.2622455183988453,1
143.66977682086417,2,1,3,14,0.2486021280141117,0.0353306823477961,1
50.41136769603301,0,1,0,6,0.2087524702435911,0.2408754717443266,2
92.70238636832366,3,0,3,16,0.2179700850850905,0.0881225716423477,1
45.50782074897622,0,0,5,7,0.2075191107419588,0.2660837761361701,1
203.51265424335972,2,2,5,10,0.1098915211713865,0.2223817943693909,3
151.68146013894557,3,1,4,14,0.2131709311750792,0.2824709980655158,1
120.62422313957563,3,4,4,11,0.0818326617631449,0.1809966543203697,3
24.79845049255776,0,3,1,23,0.0503091067120535,0.1442688446583845,2
109.22082847134888,3,3,1,20,0.0083689323318303,0.057559638483119,0
65.37071400447506,3,3,5,6,0.1128901217807361,0.2328234621317528,3
130.37828135606884,2,4,0,18,0.2054252330747963,0.1034489952075542,0
121.19661558067742,3,3,3,10,0.0263935633543993,0.0342349049272882,0
112.4943779081915,0,1,3,17,0.1227519870938597,0.1063937951936944,2
91.11864811883508,1,2,4,6,0.2804281768996689,0.2633133077781458,1
20.22163768888862,1,3,0,20,0.1217807676084161,0.129074010651992,2
95.94880816306002,0,2,4,21,0.2426074243577439,0.1693573101447243,3
77.4700137657984,1,1,5,13,0.1493883645864965,0.2008545351949285,1
178.78022795778668,0,3,3,22,0.2579240902080309,0.11440724096445,3
163.2481779885829,1,3,0,21,0.264739095626281,0.064024720208674,2
70.80986165400091,0,3,1,20,0.2513526866588411,0.1999251019613593,2
65.3029005593605,2,4,1,9,0.0674944948356612,0.0102772508791745,0
97.03869156646137,1,0,0,16,0.2846181664555624,0.1456654813172093,2
43.16795582663809,2,1,3,20,0.2358438402235107,0.0488036539951111,1
140.22898178688212,1,4,4,19,0.2949689978315434,0.1687746316970835,3
89.50461044460194,1,3,4,6,0.0149939843414672,0.0359891427716104,3
119.37333963817106,0,0,1,9,0.1850757826634856,0.1068358982859667,2
106.48615243416866,2,3,1,8,0.2710372640578947,0.0325516593576153,0
152.9237386059482,1,1,1,9,0.2107375874915355,0.1527818526553395,2
91.5959507797592,0,2,3,23,0.1238664177660063,0.2618648247283613,2
90.75436405619048,3,3,5,11,0.1663620229879216,0.2016496256942983,3
122.36260777461254,0,4,5,12,0.1684869058574495,0.2037729081772727,3
121.12518132462688,3,3,4,20,0.0021384900877426,0.0133781659117102,3
63.24188449665166,2,3,1,23,0.2459237764141637,0.2810303444053953,0
78.77578417329187,0,3,5,14,0.1011263552997401,0.0222951242894335,3
111.98850867913214,0,1,4,22,0.209668805114336,0.1022324993289211,1
54.94225243305227,2,4,4,9,0.2803139067961697,0.2933395440906299,3
111.07837638041195,2,2,1,21,0.0370508800587608,0.2513739426265665,0
77.57046892749688,2,4,5,6,0.011901818609486,0.2679793938256264,3
136.49160564203208,1,1,0,14,0.0613563268264668,0.1076071992115748,2
119.82334858144232,2,3,1,17,0.17785479858908,0.2121909315921188,0
21.979023476154325,0,0,1,7,0.2493274197809589,0.1576340646670651,2
128.32512275276093,3,1,0,19,0.2916479927183185,0.0746059783417041,0
111.45473781061824,2,3,0,9,0.2201263430091904,0.2239109513408299,0
96.5898513738224,3,1,1,14,0.0455005263704744,0.1674115637118303,0
168.59362932478513,0,3,0,16,0.0944378705204378,0.1664224700907515,2
63.80459054228633,1,2,1,11,0.2334985400266518,0.2548102065804178,2
212.88142732071717,3,4,5,6,0.1377655497046984,0.291709734534856,3
170.1290708521534,0,1,3,6,0.0503804263368111,0.1667075211188741,2
52.14594613666917,3,3,3,11,0.1767490762581943,0.1605335122733474,0
82.16807529304782,0,3,5,19,0.1466639345444408,0.2924775911040618,3
154.33304139254912,2,2,4,16,0.2525943044601957,0.0788679608601603,3
128.85966585938638,2,1,0,18,0.0801147869876317,0.1133100665687895,0
82.21017110350613,1,0,4,17,0.0260181880835763,0.144971624402896,1
87.40764473353245,3,1,1,13,0.0094129724486464,0.1188906573838677,0
98.25740247544977,3,0,1,21,0.0123930437882216,0.1221149728793565,0
67.98406204102922,0,3,1,16,0.1730013713567417,0.0704575939723753,2
3.677253027022587,2,0,3,18,0.0014967892737067,0.0607546581395185,1
136.88129650652513,3,0,0,7,0.1224651385819363,0.1810185626438414,0
51.16534022636042,2,1,4,10,0.2048821543998857,0.2060935380190791,1
70.1981725076234,0,1,5,8,0.1277102477479546,0.2633070322915578,1
60.37922940835141,2,4,0,20,0.052850108261833,0.0438650887902219,0
190.37951610961537,1,3,3,20,0.1668283525293623,0.2169527034704499,3
60.848360070054746,2,2,0,18,0.0839619049802724,0.0190881681832914,0
22.335837373651017,1,0,4,22,0.2665479852893552,0.247847649605909,1
1.0,2,3,3,18,0.215169245447569,0.2125274918058216,3
23.52861399836553,3,3,3,15,0.2654795013835119,0.0972485674128214,0
94.12907381070204,0,1,4,15,0.1769689371333246,0.0851142583077282,1
35.06783025055584,3,0,1,15,0.0153723698859914,0.2058237578756977,0
46.5220047061339,2,2,1,9,0.1968967299295535,0.2851156001449316,0
205.6343693571955,2,0,3,14,0.0887196418673532,0.2288654153202082,1
148.30856529738273,2,1,5,18,0.1246779297508636,0.1363733294303067,1
97.3420097138709,0,1,1,21,0.2261322320799458,0.0138276717091214,2
199.61828319229724,2,0,1,9,0.0313017508777661,0.1975056948693405,0
162.12046539481025,2,4,3,16,0.1635969545972103,0.1719268665987477,3
28.19697525818336,3,4,3,12,0.0719669845741901,0.191071688332389,3
148.15545060217295,1,3,4,17,0.2117204257800795,0.2642038194644343,3
109.08844476919086,0,1,0,19,0.2153453242177821,0.0454678383720297,2
52.37728791423868,1,4,5,23,0.2393038714443728,0.2257344979806797,3
25.98098063371708,3,3,0,12,0.1546244907678185,0.0304735801937539,0
150.3241664995142,3,3,1,11,0.0468772564819183,0.2135554707257069,0
73.12448645774779,1,0,1,16,0.2348077249480182,0.1232102607077531,2
82.44758712638892,2,3,0,6,0.1748983529251777,0.2934705063610894,0
54.0607345561116,1,3,1,6,0.1450169749219543,0.2872454595439067,2
53.25566536433152,2,3,5,13,0.213315044417012,0.208925956963942,3
80.21998133771464,3,1,3,7,0.0772225222705812,0.0265329336676361,1
149.4319261069631,1,1,4,19,0.2547200625359538,0.2597566492007121,1
131.19479715382883,1,1,5,21,0.1553162307782166,0.2516835077837859,1
102.75378191573556,2,4,1,6,0.1391860866601623,0.1831887120475867,0
69.0022151343191,2,4,0,14,0.1501942779990985,0.0717281897231098,0
1.0,1,3,1,10,0.0420568297733828,0.1430665394295081,2
123.52994567516797,3,3,5,19,0.2768245978670963,0.0579131433787901,3
165.79436335230588,3,3,0,16,0.1442183453713913,0.0755981513704733,0
150.26630128331564,2,0,1,17,0.128005238998153,0.1790169189295901,0
147.15257233033978,2,2,3,20,0.0737795072735123,0.1177755696467526,3
85.30228038928918,0,0,3,6,0.2108475638281726,0.2414795673211226,1
97.80374335224391,0,3,1,19,0.1517907608907169,0.2936951700793215,2
131.6584301658026,0,3,1,13,0.022173750961891,0.2966340145067235,2
110.74001878585692,2,2,4,19,0.1429126187802288,0.1669625275186089,3
172.09770767812176,0,2,4,15,0.0940826614084731,0.2898266630326495,3
118.58596193450217,1,0,0,18,0.2408086909343822,0.2986391260435045,2
36.08686853712124,3,0,3,21,0.2716254654637076,0.2777400510777192,1
27.310072462686374,1,1,5,9,0.1714757038275395,0.0888648690980656,1
89.73537029743034,2,1,3,17,0.2743673989941969,0.1987932806215759,1
74.38524268695141,3,4,5,22,0.007151136309386,0.0797920812518657,3
77.72645566165637,2,2,4,9,0.0269256247303455,0.0888708131419488,1
94.9285553409922,1,2,1,22,0.0708363544775832,0.0198674070850075,2
153.39788721291467,2,3,1,11,0.1367771326282603,0.0668486627944015,0
78.92567320742407,2,2,5,17,0.0163115913333326,0.2052151194598592,1
124.0721731155914,2,3,0,9,0.1601979168933342,0.2901724348251208,0
150.00187229129568,2,4,4,11,0.2449511281229354,0.0577164760794245,3
102.95717908458964,2,4,0,7,0.0806583217936445,0.0151667720507934,0
79.51535618533255,1,2,3,18,0.0077123322255866,0.2702479288491358,1
136.31361129385746,2,0,1,14,0.0513501364538954,0.0673113554259193,0
76.2919157250839,2,1,4,23,0.1556083901422508,0.0103936589791376,1
54.67463572510948,3,1,4,17,0.1449344480559253,0.1426095588899573,1
105.2716953068431,1,3,4,6,0.2234741163778431,0.1105681303023212,3
139.0939921302061,0,2,5,6,0.1491188744169231,0.1768657822862694,3
98.03300220363197,1,4,4,7,0.2349944786467139,0.1314491746266541,3
53.88379718661318,2,1,4,7,0.0795558968172116,0.2876782302093309,1
79.73494695983285,3,1,5,19,0.2256001721903508,0.2775560470703385,1
51.413318961413886,0,0,4,18,0.0642959191555307,0.2148762169139148,1
117.05898145016782,1,2,5,8,0.0983075402495053,0.0544863505422983,3
21.789754932651576,2,0,4,11,0.0495297123643974,0.1426002527006247,1
45.68040610612268,1,0,3,16,0.0931512656467291,0.2505606180194477,1
108.68846009786364,0,2,3,8,0.2374168078265324,0.0701875511422975,2
110.84721637978733,3,2,1,17,0.1488447970974264,0.2715818630619336,0
7.781916888965682,0,3,5,19,0.2083537319176559,0.0342310492998835,3
85.20141033938697,2,4,5,17,0.064461010026136,0.0331075198154042,3
70.7189082417136,0,4,4,19,0.0482331293310837,0.0035301997634062,3
114.8374240489079,0,0,0,9,0.0282416365131371,0.0187253523767953,2
160.61922264448762,0,2,3,23,0.0371307144091669,0.1099783531562038,2
38.928575079046205,2,1,1,18,0.21051783513602,0.0962750445634736,0
67.7723534054505,3,2,3,20,0.1722502096413281,0.2223811069106074,0
156.86266233208414,0,2,4,21,0.2071953038359278,0.2382441330327068,3
135.32423802907283,2,0,5,21,0.2158616662892839,0.265669669961301,1
67.02310638684455,3,2,0,19,0.0385278760874741,0.2019097648104293,0
32.84373661777295,1,4,0,9,0.2714436023011238,0.1638352429909631,2
81.3470327808995,0,2,1,19,0.2552480343550008,0.0602822944507985,2
48.644128789060815,1,1,0,18,0.1466799036952705,0.206618537502285,2
42.11841595355694,0,0,4,9,0.232120038291261,0.2100147025317411,1
98.51000119025892,3,3,5,21,0.2446549378696956,0.0489644556449433,3
148.46016108895012,3,0,5,9,0.0587597975421371,0.299230459836773,1
132.24206447771127,1,3,0,23,0.2176540570591177,0.1926560061413391,2
136.90969796291358,2,2,0,10,0.2391870761477464,0.2965847064634403,0
108.76930622699734,3,1,3,15,0.0014636212239028,0.2737143325523897,1
146.87013552360162,1,4,4,19,0.2412804239829809,0.2424804926071402,3
132.8816845503845,0,0,3,15,0.1645152616013952,0.0243085015355895,1
142.63401879135054,2,4,5,10,0.1603085020878523,0.0674037158849352,3
106.41122707519112,0,1,3,23,0.2736005251209515,0.095749796322846,2
139.76651358942755,0,3,3,20,0.1374654470989411,0.1440262309694229,3
170.49523276344598,2,1,1,8,0.2854528090933695,0.1231333763929727,0
16.202949045044917,2,4,3,9,0.2027167249059776,0.1303981580784076,3
219.5267738572929,0,0,5,9,0.1103927517046894,0.0657560513628556,1
31.19164917910328,2,2,5,20,0.1860178482143466,0.0243678120431053,1
120.53372927099004,3,2,4,17,0.2490283218430555,0.0094534946352318,3
140.68930893671418,3,4,1,6,0.1151646477561217,0.2550901958830607,0
41.71583631747852,3,0,5,15,0.2394981706354338,0.0856075830071869,1
155.27062026074913,3,2,0,15,0.16460822330792,0.063244787076528,0
164.62146871685414,1,4,1,13,0.0882937896297101,0.2543455133633223,2
111.88805822974464,0,3,5,23,0.1675738602497187,0.0128383040121478,3
115.29600355237064,0,1,4,7,0.0847898433734024,0.1837605454423126,1
14.718202491880646,0,4,0,9,0.1122427231480959,0.1002251503566946,2
87.16327105787158,0,4,5,18,0.2919850759623675,0.0089768077010686,3
58.79704406559811,3,3,1,8,0.2998649845701037,0.2948967923648258,0
139.38727706557157,1,2,4,10,0.0268023682512188,0.268626224280924,1
116.42164952907746,1,0,5,8,0.100323413594095,0.013710707612076,1
101.28326189987897,1,1,3,17,0.2290066361967079,0.2106468222464947,1
117.12859157657284,1,0,5,7,0.1852125117902361,0.1605206792978939,1
213.9922741487257,3,1,5,9,0.0386159633434802,0.0311410869323972,1
23.97687087645568,2,3,4,14,0.2269760222390404,0.1206214489831062,3
96.43300007497984,2,1,4,16,0.2625640681594836,0.0398571068257447,1
209.87418605272907,2,1,5,22,0.1669269502918742,0.195671341794717,1
74.80803730561597,2,0,4,6,0.0088237860116035,0.1601924541244056,1
71.30322936586086,3,2,4,21,0.017126872690682,0.2582021705682624,1
80.92082256757898,1,2,5,16,0.1924573941622463,0.1548655676325782,1
126.70572341486348,3,0,4,21,0.0115758939873008,0.0726398117218392,1
92.00245577158488,1,2,1,21,0.0999876649950883,0.2034465495426616,2
36.461560558522976,3,4,4,13,0.0171031745561904,0.0610591577758266,3
220.30611790016357,1,2,3,14,0.1406707171762498,0.0990380807563944,3
27.127126774571977,1,0,1,6,0.2655342368690517,0.1537276093598037,2
186.82764263830416,2,0,5,19,0.299113640981626,0.061506285129368,1
48.58391089799158,0,4,0,23,0.2464399865798064,0.2540620876542989,2
137.06970457509942,1,0,1,21,0.1498122379048584,0.0121470097790193,2
139.84828977549626,1,3,0,8,0.2607914163220743,0.0897466024202619,2
93.40111789841056,2,0,4,15,0.2262381534718593,0.1798346310428014,1
133.30448709132435,0,1,0,18,0.0067179285613577,0.2586760265451673,2
118.76873122240023,3,3,5,12,0.0269614549647139,0.2398820377517307,3
129.43177298981362,3,0,5,11,0.1157834315953683,0.1848979392176501,1
92.92618982672016,2,3,4,18,0.0968940962256137,0.0504218145677722,3
1.0,1,1,4,9,0.0267921009289165,0.1261595902868418,1
189.03124779586076,0,4,5,6,0.070086650983921,0.0286112619419322,3
82.17682930984785,0,3,3,23,0.0335537758983019,0.0601045650387243,3
100.73336863427996,3,2,1,16,0.1896958292866755,0.2364333231057414,0
31.238744101889708,3,2,0,18,0.1217623908761534,0.1687011886492564,0
133.61964849404376,0,4,0,21,0.2416168355091359,0.122643548979549,2
79.18948930802057,1,2,0,23,0.2656804113587293,0.1897896842714242,2
108.97241958682874,1,0,3,17,0.08876842685468,0.2197941372479023,1
134.96238110760302,0,0,1,23,0.2990498060227158,0.2863838088828029,2
103.90065372277948,2,4,3,21,0.1015199143010061,0.0615177826548313,3
114.55259505131816,3,0,4,21,0.1013967124506139,0.1051645612036905,1
163.8932168695065,2,2,0,7,0.1354902101014341,0.1417848932767998,0
133.2502957817505,1,2,3,16,0.1078658889204127,0.0968043130423661,3
102.18807642199675,1,3,4,8,0.1303654535924995,0.2056271943861058,3
109.64348382490658,0,0,3,9,0.0462911536352288,0.2344885534550279,1
51.41159711300533,3,0,0,15,0.1276810505521773,0.0289901705971883,0
138.38138811336773,3,2,0,16,0.1192708514168838,0.1808766826981751,0
87.76874584793623,0,2,3,20,0.2902155141824419,0.2669433972147191,2
113.09303296451368,1,3,1,18,0.2105005838927701,0.1542811193585408,2
99.3333576481769,3,3,4,12,0.2162101483999448,0.0326472816626269,3
1.0,2,4,0,21,0.1083448542022338,0.0232350010320256,0
48.04269348197903,0,1,5,16,0.1423227279121825,0.0532243071846138,1
118.7220612225916,0,4,5,15,0.28002126458112,0.2861407959043278,3
108.55507009663388,0,0,4,11,0.0354362211319936,0.2281569351080865,1
118.18849533639153,2,2,3,21,0.184986332913823,0.0860450513769679,3
161.74395086931688,1,3,0,22,0.164756733211587,0.2072681960550837,2
123.95986016380202,3,2,1,16,0.2943730033898646,0.0619980282341309,0
99.43935059088552,1,4,4,13,0.2437617836417303,0.0055105307267096,3
12.771752405098198,1,1,3,23,0.095611738479365,0.1108896984858446,1
54.00460777130496,3,1,5,17,0.0503045538634927,0.1473266392976094,1
53.27945744808606,3,4,1,18,0.200854264247325,0.0596106360367829,0
89.83417330851354,3,0,5,18,0.2932973956917977,0.2860028959915145,1
52.15007573298675,2,0,1,7,0.0881479293729464,0.0231519435002246,0
139.81313997634567,0,3,5,13,0.1562636246912134,0.0105061397794632,3
160.41345457940272,1,4,3,14,0.1792921949020992,0.2439217343641513,3
159.2030807204241,1,0,1,17,0.008236771082286,0.2534323391973389,2
139.35167359749238,1,4,0,13,0.2151731367133102,0.1778040851593957,2
89.77618352877496,3,3,1,8,0.2421032031989901,0.1019274150649184,0
35.40783662445945,2,3,0,10,0.250046995608589,0.2355572422094135,0
158.15967594806887,2,1,1,19,0.1257631895178178,0.0116690616756125,0
58.24211975687463,2,1,3,20,0.0870683577382565,0.1603311051874843,1
95.08318289037506,1,0,0,22,0.1178002254865743,0.0571443960465704,2
58.06862606683944,1,0,3,13,0.1059683916684347,0.200613312316058,1
81.80531052455385,2,4,3,17,0.1387880079373604,0.0387268992495866,3
88.1012093437552,1,0,1,22,0.2036534274161693,0.0884192809234596,2
115.3349186829718,2,4,0,20,0.0592540828145555,0.0508715146062102,0
145.61932868211375,2,3,0,21,0.1251402075907728,0.0212701038417613,0
86.58509114709724,0,3,0,9,0.1373607676473056,0.1320811023424008,2
119.11651638999436,0,4,5,19,0.1625005589213887,0.2235736595883462,3
79.98709295264138,2,0,0,11,0.1255119547219953,0.110706693854681,0
125.3232530964044,0,3,3,6,0.0011964293198486,0.0681265412736063,2
111.54322050640438,3,4,1,13,0.1547924810608054,0.1081576269542947,0
138.4307718833481,3,0,4,12,0.042847315258831,0.0296941740935843,1
159.47091422317382,3,1,4,13,0.2450422450253531,0.0988503910713826,1
156.5728898172678,1,2,1,10,0.0274051123925005,0.0221309410265491,2
87.61789346588456,2,1,5,12,0.1943216229635569,0.1393401025376433,1
139.91740256745538,2,0,3,11,0.0200915103882367,0.1376676251917746,1
117.89638499924412,0,2,1,16,0.2315464607788576,0.244166178903505,2
60.41378630554522,2,0,0,16,0.033949737463038,0.0755734894261341,0
2.972420764817514,1,1,0,15,0.1369937193090447,0.1934328907304816,2
44.74134594904723,0,3,4,13,0.2803844763133633,0.2072944637342866,3
20.72189770670253,0,3,4,23,0.0642874910285725,0.1854771889334144,3
66.48833188932815,3,3,1,18,0.1158690525681787,0.1757781754011145,0
63.85573994619176,3,2,5,21,0.0001055305120862,0.064290917581321,1
10.746527042676718,1,1,5,18,0.0247291386375998,0.0086532944862776,1
105.6949959451592,2,2,5,13,0.1481258141893428,0.2655630111021227,1
48.11475889827624,1,2,3,15,0.2991113778133925,0.2775866263133443,1
75.75227866008686,2,2,4,8,0.1497533333451341,0.1166376248164468,1
117.39770663033948,0,3,5,19,0.1360075281414054,0.0365755545782894,3
4.3333874925534985,2,1,4,11,0.01437593591191,0.2872809701129051,1
152.45003505327003,1,2,4,14,0.2565063732543918,0.2336692128652919,3
96.1113649867792,3,4,1,21,0.0049588879991205,0.144742801773083,0
79.88086512378322,1,1,5,14,0.1758145774006089,0.0611668758204567,1
87.26470295641187,0,2,0,16,0.2208828596885749,0.1910801809434658,2
112.44185393756894,1,0,3,16,0.0586458575178473,0.1665727005465075,1
71.66840376902789,3,1,0,19,0.2826966840681135,0.0737801581369774,0
118.73892654293364,2,0,3,11,0.286068043463071,0.1515801138137309,1
160.5408629595999,2,2,1,6,0.1660131188512072,0.0084504125671857,0
72.79703909905845,1,2,0,8,0.0517712606876599,0.0176509120042117,2
150.38815378257817,1,0,4,6,0.1453750561357831,0.0304961359469084,1
122.9007775744928,0,2,4,8,0.2505693304733076,0.1406467046091402,3
150.07014551150326,2,1,3,17,0.217907960937817,0.0821260366476669,1
171.0589548398558,3,4,4,18,0.1533731578324189,0.0192901219420533,3
123.16122280000673,3,4,3,18,0.0659222046315196,0.1491405233115335,3
65.1856958544039,1,0,0,18,0.1381828271643521,0.0584521201184025,2
73.7840943015296,1,0,1,18,0.2068715175489534,0.207623766094645,2
95.22636778569506,2,3,5,12,0.07477544847847,0.0868454765591781,3
106.80873373739148,0,3,4,8,0.0212654763817286,0.0643407141547068,3
188.3512247197931,2,0,1,7,0.1409993858285456,0.0466971103357995,0
94.9335488590955,2,3,3,22,0.2496184553728485,0.2060126561573919,3
155.18644769757958,0,2,4,8,0.0660734946169135,0.0251511336998842,3
1.0,1,0,5,9,0.0303078589291423,0.0619919279966205,1
107.57694404126354,1,1,4,11,0.0361425559289974,0.2396320251187532,1
127.31658530008755,3,1,0,10,0.2524258534383649,0.1759438200677819,0
14.425575731753,1,3,3,15,0.2509580832425064,0.0835810739232346,3
63.65307012139862,1,4,4,9,0.2101920217455836,0.0123289154051897,3
103.63430625318504,2,4,3,12,0.1493633823819507,0.2284040993009535,3
143.820768323232,2,4,0,10,0.2727222927221359,0.1603728114939834,0
60.86214955603115,1,4,1,14,0.026262815652407,0.2589977086592849,2
1.0,3,2,3,21,0.0999626176284221,0.1385586842125479,0
37.56557572857054,2,0,4,17,0.2092725867208507,0.1007883641911994,1
135.1656530728796,2,4,3,12,0.2689157680442876,0.2015005919240151,3
64.61897315656114,0,3,4,20,0.1925368117438669,0.0089356768423966,3
115.9836306288026,2,2,3,20,0.0124029410183365,0.2688475545466784,1
78.76141829415867,0,1,0,13,0.2588719321124991,0.2490275333150491,2
97.12242648809202,3,2,3,22,0.2085655787412262,0.1742519988274372,0
87.9817484183647,3,2,1,12,0.1624312029226743,0.2158248210246622,0
93.89238769526008,2,4,3,10,0.2047109419811111,0.2369718839715648,3
184.9344076891796,2,3,4,20,0.2304899585044953,0.0419489362575253,3
1.0,0,1,1,10,0.146743936436763,0.0932325372731893,2
100.75150184553983,1,0,0,11,0.2588962272237773,0.1726916535809762,2
138.14043447866476,3,0,5,20,0.1568063474855153,0.0229608679439393,1
19.394323423728025,1,0,5,17,0.0012992776471621,0.1895571270326303,1
70.32048203047177,0,2,1,15,0.1152121967689263,0.2465081832301288,2
88.92132057045207,3,4,4,12,0.1674255594320777,0.0265022393086343,3
140.8618309498944,0,0,1,19,0.0325426096034677,0.0265988985752454,2
160.25588698072252,2,1,5,9,0.2008555877842684,0.0177102746485972,1
137.31469299442267,1,0,1,21,0.2213673127729866,0.0115214113728751,2
142.5093276924188,1,3,4,8,0.2342491382060739,0.2842150095008067,3
137.26261144091023,3,0,1,11,0.1073976733060265,0.0964688118214855,0
110.90567775202784,1,2,1,14,0.1477866282171074,0.0683226533134365,2
165.6344089224824,2,3,4,22,0.0110762062985076,0.1528558911016511,3
33.160739945816005,0,3,0,15,0.1446161821957734,0.0421462444816896,2
101.18375281651336,2,0,3,16,0.275795042647802,0.2335207807658712,1
133.49713880803105,0,1,5,6,0.1506086158674283,0.1538354879559464,1
140.49665075583854,2,0,3,8,0.0835988944947183,0.0621416375777205,1
190.4294983560704,3,0,1,17,0.2545735875528747,0.0788788707570784,0
77.06998569050701,1,3,4,13,0.2730340010851444,0.0545835966937691,3
156.65317208035862,2,4,1,10,0.2941576408159422,0.1106094857816674,0
21.178040323945535,0,2,3,16,0.0378034577236862,0.2445786181102343,2
114.51375087296012,3,0,1,13,0.2062966874321784,0.1731886569512731,0
199.2606409418276,3,3,0,13,0.250331585931627,0.2192874146256954,0
197.5861585201808,3,2,4,15,0.0541019127530136,0.1825694290735839,3
39.13780531864328,1,3,4,15,0.1272118723663832,0.173698076820412,3
88.30012147267186,1,4,5,19,0.2796224178196331,0.2049984838482759,3
118.569092080172,2,3,4,17,0.0756779920302179,0.1094017262160504,3
102.4698673457692,2,0,5,21,0.1252554274068338,0.2838580784308063,1
69.96783314786676,0,1,5,17,0.1581646459601761,0.2125578260962383,1
149.15250743394756,3,3,1,18,0.0028256135108663,0.1603030943387254,0
174.0443145326666,2,4,1,6,0.2317233889554187,0.1302675507657076,0
109.96630980525796,3,0,5,8,0.194882111529683,0.1116483911305837,1
132.70119871157405,1,4,4,21,0.2083152489626168,0.1076321583074224,3
145.0603390246154,1,3,3,19,0.037238275515487,0.0314029456240649,3
144.39494094668575,2,3,0,14,0.1191876303944128,0.1129280106706472,0
181.0823797975661,1,4,3,6,0.2749680118876259,0.1979956858900778,3
33.1998553782536,2,4,1,18,0.0603439503454814,0.0190886909514178,0
12.424864808982464,3,4,3,10,0.1042493566581214,0.1801688861252234,3
105.14977998808403,1,1,4,23,0.1601747638690238,0.192181728905023,1
131.03558765525892,0,0,3,21,0.0579420170462828,0.1435063505868752,1
76.12542015794499,1,0,3,14,0.2067587692490949,0.2791455037765065,1
181.4313848940621,2,1,0,22,0.1418340137322177,0.1561965379748989,0
162.43506363540197,3,3,4,21,0.1055142274346456,0.0061600105749485,3
125.10695646505522,0,0,0,16,0.2613268530341877,0.1212673445343593,2
104.29633046662032,3,3,0,20,0.1855800423875916,0.0767400250208217,0
43.34157520639697,0,1,0,16,0.1204184013023582,0.0846155114643684,2
6.596857934618967,0,0,4,7,0.2481254798341178,0.061547858919012,1
163.34236202835623,3,3,0,17,0.1613505926576207,0.1404849092496347,0
137.70271424228565,1,1,3,20,0.2470079253330266,0.0512372702147654,1
1.0,2,2,5,18,0.1262314921154615,0.2024593056061207,1
39.79426335522432,0,0,3,17,0.1676727847945714,0.2791642497329828,1
149.98155217967417,2,2,1,10,0.1490336220647043,0.2413979523257049,0
141.61347942871038,1,3,3,14,0.0268683906583337,0.1366329166287553,3
81.65192027359159,3,0,1,16,0.1775847447603034,0.1616234095416893,0
157.74455713176968,2,0,1,15,0.1510342748532582,0.0964082403377036,0
118.12581126408836,1,3,1,6,0.0831265201008861,0.2868347015125776,2
133.59381582462993,3,2,4,17,0.0951147665870775,0.2246520174450504,1
51.81197008122415,3,0,0,22,0.2442224877885358,0.1519226761508322,0
117.66115337734276,0,4,1,12,0.0483833781567016,0.1936451742705929,2
148.5033894341262,2,0,5,6,0.1204400540185258,0.0922145685382993,1
92.75870232002076,2,2,1,17,0.0826828508156558,0.1745201559333829,0
93.22368655105646,3,2,5,10,0.0377136532915681,0.2183660826639646,1
106.58945791056682,1,2,0,17,0.0690167192645333,0.0273832707885388,2
73.66851935517332,3,0,4,7,0.2802991814144031,0.2881410936351825,1
113.67038948751969,1,3,4,10,0.2226684737602295,0.1696051971509081,3
116.30221881829296,2,3,0,19,0.0711755832670611,0.2233138917746056,0
40.94347683806752,2,3,0,21,0.2760623210225091,0.0037139355594238,0
142.3167608997942,0,3,4,12,0.0129533110082889,0.0414597162584135,3
11.371071731927287,0,2,3,7,0.2225998377074356,0.0207733486990645,2
194.46536111893272,1,1,3,7,0.0055563490175644,0.2601696135407093,1
138.16214244596904,3,1,0,9,0.2505781129337305,0.0048175578135678,0
150.41772468470066,3,0,0,17,0.2074220072764213,0.1916467883159571,0
127.34978624388178,2,0,4,13,0.0434433876344229,0.1501027257313453,1
51.27336479526335,0,2,3,12,0.2013773477863152,0.1814586385056506,2
80.815787246186,0,1,0,6,0.0347734145180315,0.1294460813211701,2
61.21503252248825,1,0,0,15,0.196107583839875,0.2411335377530277,2
63.23626403112222,3,0,3,17,0.0439043372859282,0.0180300531417466,1
124.22565653863862,1,4,3,15,0.0062141675751545,0.0991078506163522,3
8.494675564120456,3,1,5,7,0.0518148502041913,0.1937907350504211,1
127.90198357595082,1,2,1,19,0.0061418717819081,0.2928925525668205,2
131.7563546875384,0,2,1,17,0.097800595808857,0.1301601548643552,2
141.57713325362667,2,0,1,9,0.1236502296442631,0.0297484447420413,0
49.39229808388605,2,3,0,9,0.1390097321720171,0.0853341622097217,0
184.3046577169497,1,2,1,13,0.0320965783419468,0.1694912885006253,2
69.80100566963881,1,4,0,23,0.1266861840744256,0.2128361438046981,2
133.1920680627733,1,4,5,19,0.1520594702351752,0.0930322360679443,3
167.8023173315721,1,2,0,21,0.168841020474593,0.0781524035057487,2
125.08198411304292,3,3,4,17,0.1092161278395606,0.2897490967842376,3
100.26851894180017,3,1,0,15,0.0438544888153702,0.263405536507357,0
76.14971408393217,1,3,1,16,0.2535071814413191,0.2282573473696184,2
109.28583446844824,3,3,3,15,0.2384948314140882,0.2759256713702611,0
116.23183952147014,2,3,0,9,0.2561074590869244,0.0649641900502757,0
199.03255233478103,2,0,1,12,0.1344690004352771,0.2955381633948523,0
67.83014688998121,0,4,0,22,0.1519662006768039,0.2977885766342165,2
132.86005506480268,3,0,3,14,0.2664970939444234,0.2044902773502109,1
86.01039171505079,2,0,3,22,0.1977062296587776,0.0562377698223798,1
69.12461548848418,0,2,3,12,0.2850153107134893,0.1889504367196231,2
65.88444638964347,0,1,0,18,0.2768792742331193,0.0437478075834022,2
113.22706880510334,1,2,3,23,0.1067289021975787,0.2734711296770185,3
188.08375475969893,0,1,4,13,0.1785645361029071,0.1967762217587161,1
78.0144219781834,1,3,4,13,0.1085683618412228,0.2829197843991741,3
61.816268199891496,2,0,0,8,0.2257562651380948,0.0100361275214097,0
123.42076790943894,1,4,0,9,0.2044033477351562,0.2666271715984571,2
10.659438909315869,2,2,1,18,0.0010931756034314,0.2885802534650973,0
76.3491166364523,0,4,5,23,0.1122788861513539,0.2435051892086995,3
140.3630528167821,0,2,3,9,0.1071646393408432,0.0854271078251709,2
194.6005884994848,2,0,5,22,0.0029262639462916,0.1355192036866676,1
75.40606539751731,0,2,5,16,0.1969394854008789,0.1765851349719434,1
79.66656404807782,0,0,5,11,0.2417335503986002,0.0682487901032436,1
159.59994577661416,2,3,4,15,0.220494098094891,0.2567498835257023,3
139.50077044890895,0,2,3,6,0.0724692564780879,0.0645747308718489,2
1.0,3,1,0,16,0.0285960709131692,0.1633112074293104,0
101.1734661146308,0,3,5,20,0.2363345800781072,0.1706253361904214,3
207.55513601449144,2,1,3,9,0.2579494787344895,0.0463690026590708,1
93.42540940053873,0,0,4,22,0.0557891392057016,0.254954994497678,1
56.37809506991612,3,2,0,6,0.1638982109685837,0.1552965372341203,0
133.06181740574294,2,1,3,14,0.1969839120180567,0.2799111355627841,1
33.097354973254085,2,4,5,11,0.1132416750610721,0.2552393545318163,3
165.11703724268807,0,4,0,16,0.0007159931984458,0.2962086907476561,2
154.90980591217055,1,2,0,12,0.2742304179515006,0.1177712722007762,2
44.337165298950346,3,4,4,14,0.2018538379743023,0.1553928784801383,3
101.38850392676578,2,1,0,12,0.2973587727937408,0.13430193045846,0
21.01862737224121,2,2,5,22,0.20476660306035,0.2556141666963956,1
49.37628149228045,3,3,4,6,0.2672341995289111,0.269728289539859,3
85.85963674439367,3,2,5,22,0.0957193574266977,0.2221966642135018,1
95.4052187292156,2,4,5,21,0.2376594101772093,0.0644473223651997,3
101.4997119346588,1,3,3,18,0.057183190402298,0.1278299001463576,3
105.1560917054028,1,1,3,14,0.255889128988544,0.2619838920973952,1
139.6451733346147,3,3,1,23,0.2310646129184899,0.1625766221894502,0
6.165244576953228,0,4,3,13,0.1805216029932808,0.2021298529380646,3
85.74621285471255,0,2,4,11,0.142495958875804,0.0913491450235279,3
101.24849316909824,2,0,5,18,0.0934568287907791,0.0855068795110655,1
102.99281621729376,1,2,4,20,0.0534327023251921,0.2969960955576066,1
196.2813063730972,1,2,5,15,0.2364416785089627,0.0675627946062907,3
142.36681626771218,2,1,0,7,0.0658530229919728,0.0038164823223696,0
43.89237924457372,3,2,5,9,0.2424441299123835,0.1868980408331622,1
54.76468472072599,2,2,1,18,0.2245067090114774,0.03131681935016,0
111.3679960060414,2,3,4,11,0.0194546992602001,0.18086634750261,3
114.8006026569072,3,0,3,12,0.1232371952623074,0.1120814973542568,1
182.63748517571128,1,4,5,13,0.2434173480509539,0.2952629153458146,3
87.76491716357135,3,4,4,8,0.2653636395394464,0.2186681618583573,3
87.10853116819838,3,2,4,23,0.1586267787139289,0.1484643712982184,1
169.8173751955922,0,0,1,13,0.2144027231736597,0.2972057709417643,2
113.12640061616624,2,2,5,11,0.0302743492874475,0.2826796287444734,1
144.61049364049927,3,2,0,17,0.2703248370235945,0.026795730695276,0
78.40887252875288,0,1,5,15,0.1640357019511076,0.2728277369069143,1
69.48588442610708,1,1,1,8,0.0529781646490732,0.0989809594993852,2
75.25856972901875,3,3,3,17,0.2455424771915217,0.1049981753117439,0
15.662111727522344,0,2,1,16,0.0789705459838496,0.0946069723593272,2
81.53181905358785,0,0,0,19,0.2061066585261943,0.241462888231011,2
105.72903085504224,1,1,3,18,0.0581673117960391,0.2083744913619555,1
90.55197481667844,1,0,3,17,0.2330390718430872,0.0063462452754676,1
160.82298889495587,3,2,5,10,0.1992969208153718,0.2765922311560189,1
13.9158712536522,3,4,4,9,0.0235485889365348,0.0067814167715908,3
66.43378848657588,2,1,5,7,0.2991008385463524,0.0676888917981635,1
116.28422626054132,3,1,3,10,0.2113526776823303,0.2072491226478699,1
42.32663994069424,0,4,0,12,0.0855941690538818,0.0172894262787765,2
33.291962212538735,1,2,0,12,0.0812461953718323,0.0327440293702931,2
83.91682097254417,3,3,0,9,0.2498395045343479,0.0522076242770673,0
115.80340712008154,1,4,5,19,0.2466030009244753,0.0407638007001778,3
32.61065123937455,3,0,5,11,0.0550045018226874,0.222036115228131,1
76.76565387379298,2,1,5,6,0.0215282353849749,0.2463608629879109,1
116.0003513463987,3,1,5,16,0.2834043475734733,0.2201021399473432,1
57.72839080975124,3,3,5,18,0.1217346559405614,0.1739388302218043,3
149.9972171655515,0,3,0,9,0.1112431232748731,0.0968759686553956,2
58.59864104061705,0,2,0,16,0.1745865167685416,0.2383672739842312,2
120.39985636248818,1,0,0,22,0.0208642633836114,0.1983136757005589,2
133.93038295350954,0,2,3,15,0.1994368441160941,0.2964907832842823,2
25.081550726708212,0,1,1,20,0.0930518068588086,0.2337358850489247,2
60.296887148198905,0,1,5,23,0.2906613137361291,0.2785684322853717,1
100.61825475682664,2,3,5,21,0.272921013136781,0.2719974943401239,3
177.69165711478396,1,2,5,22,0.0168377399310467,0.1120733613804286,3
164.28715510665322,2,2,3,23,0.2534286384667858,0.0436724719536056,3
88.5953384001483,0,3,4,6,0.0910015683809129,0.0143264238734197,3
38.54985697527768,2,4,4,14,0.020813575543445,0.1803761558243003,3
39.69530268609402,3,3,5,17,0.0065318317865438,0.1522205202210131,3
195.0560365633804,2,2,3,17,0.1626824859894569,0.1190277378310958,3
116.43130576880512,1,3,1,12,0.0264327720981627,0.185329296503347,2
63.29204138145273,2,1,3,12,0.2536754554229768,0.0451817873736522,1
93.0467200765396,1,0,3,9,0.2208391310738977,0.1241761795859476,1
85.27389545936815,0,4,4,15,0.2666429755141855,0.1573885983299448,3
66.71000649491148,3,2,3,9,0.2037718271568953,0.0927275197083255,0
144.33193605568692,1,1,3,8,0.1423582835357588,0.1587490412114942,1
185.3189890391204,2,4,0,17,0.029120946741005,0.0783131736885859,0
85.61812694814935,0,2,3,12,0.1314887076623687,0.1701044699608396,2
174.96382920084332,0,1,1,10,0.0545591764486426,0.1764859528237982,2
33.515869630368584,2,1,4,22,0.0697315623031603,0.0953325474556099,1
150.11346363092565,3,3,0,9,0.0109208220517969,0.0941777826133121,0
26.34900847423681,2,1,3,18,0.0011462758444523,0.0386755556013918,1
31.552972164840284,1,4,5,8,0.1912689531195785,0.0401893427671776,3
115.1075118715929,2,1,3,13,0.0200058456912659,0.1367096673309354,1
40.89253755991013,0,3,1,16,0.1720891696723751,0.0227286902071427,2
131.04208740166692,1,2,0,17,0.0084635335590214,0.0981344406988803,2
82.67077091905904,1,0,0,13,0.1465854712061176,0.2151596452916039,2
38.91651988783927,0,4,0,12,0.1370763201022743,0.0822863661178035,2
107.2560166463802,1,2,4,10,0.1579934977402275,0.2365477467807066,1
208.46353675628416,1,4,4,8,0.1187227785233704,0.071103601587356,3
139.45086259060818,3,1,3,16,0.1599586507695785,0.216578125473777,0
173.53812371603587,0,3,4,14,0.1659306530787038,0.1682480810562181,3
92.5433084468546,0,2,4,9,0.0569208936158583,0.2684933463839004,1
133.613884845534,2,3,4,7,0.2298352639307063,0.0247132663771895,3
1.0,1,2,4,16,0.2701442116648751,0.1179106031008573,1
1.0,3,2,1,10,0.1426123573831454,0.0500395333585272,0
64.42222529852515,3,3,0,7,0.0532208207587374,0.0017584132541975,0
126.6216864355158,0,3,5,15,0.166752484573346,0.0704794646353244,3
77.49225400786358,3,2,3,18,0.1208979073325994,0.0582717141449753,0
72.85662026237314,1,0,0,13,0.0864264262347983,0.2475487144662053,2
40.31368778621209,2,1,1,6,0.1213903856686874,0.1750714725483469,0
100.19942802555612,2,4,4,6,0.2563288254148231,0.0230905495501896,3
91.93823726603652,2,0,5,8,0.0747903811060506,0.1360487762943466,1
16.873774893195375,2,2,0,15,0.1191490337019668,0.0470597153107114,0
49.41094121385829,0,0,5,13,0.1415290996183366,0.1985127337211301,1
57.46175756561362,3,1,0,11,0.0133307324356878,0.2223893883876059,0
162.73724186688267,3,0,4,13,0.0043775447749898,0.2922230831050691,1
77.6391092635572,2,0,1,7,0.2766411237098044,0.1310882301995105,0
112.03449111469388,3,3,3,20,0.2163942560935453,0.0812654773975521,3
157.89234257297872,0,2,1,16,0.1180232183060189,0.0194561301498225,2
62.21615806355508,0,3,1,22,0.2518723604477131,0.1068151587580935,2
45.63798306276672,2,3,4,22,0.2603353883857944,0.1806986588153745,3
93.48568753580416,2,1,3,20,0.0223212855956256,0.0088769024418085,1
58.43469341798577,2,2,4,10,0.2330407554279315,0.2770977246833695,1
105.02264752260574,2,4,1,23,0.2598388302404085,0.1160808960064949,0
104.3117437648598,0,3,3,21,0.0130501074609437,0.2847211702239323,2
48.072184698205774,2,1,5,23,0.2582391989431692,0.0693791710301675,1
63.849215085696606,2,1,3,6,0.2925034549033642,0.007702239282883,1
3.1104921909252283,3,0,4,18,0.1333768275023145,0.0102793462582831,1
99.11266537908033,2,0,5,6,0.0503337338498088,0.1560714696878744,1
89.32844674008794,3,2,0,7,0.0396114958358186,0.1981247292755797,0
228.2920829622199,0,4,1,15,0.2598396303512202,0.1512915725665161,2
150.19009448177664,2,1,3,9,0.2813680649716998,0.1435160752146284,1
123.71915194908463,1,4,3,21,0.0787658464516057,0.0108073445266777,3
120.298274959151,3,1,4,12,0.2168259760351765,0.07132341664033,1
101.33015606267818,3,0,5,23,0.1684861219502995,0.2578542171499616,1
148.5443456006676,2,4,0,17,0.1888936749198994,0.156815365362188,0
113.5612807099578,2,1,4,8,0.1621426685866472,0.1613694807919978,1
142.34627906063403,1,3,3,19,0.1286167164569755,0.0369160498726519,3
210.3999326665484,3,3,1,9,0.0036547130049577,0.2792941228796358,0
91.06967822950544,0,3,5,16,0.220687307798303,0.2913618058331271,3
118.85134165151638,3,3,1,19,0.2117811026527664,0.0493898951229964,0
224.9100058987056,3,3,3,6,0.0354355258822989,0.1528628148469528,3
122.59487930582355,2,1,4,9,0.1758262402845157,0.0648755892648097,1
59.52163065770633,0,2,3,19,0.0317445198413125,0.1182419102422535,2
96.51490404410886,0,2,4,18,0.2700403274318635,0.2553957562860998,3
136.15964880143667,2,1,1,21,0.0073529632273026,0.0947911624064836,0
124.50985709231428,1,2,5,6,0.1041807521814141,0.2832079152789939,1
115.74937677102504,2,1,3,17,0.0782204473159369,0.1555066202098504,1
114.38488035058587,0,2,3,11,0.006404475175163,0.0626915291316264,2
152.42009365708134,0,4,3,11,0.2690840732509277,0.2287088747603372,3
240.04384738046957,2,3,5,13,0.1326315111000655,0.0375725832852536,3
61.9006676939584,0,4,4,15,0.0484410688878018,0.2081303980469368,3
110.1952675672452,3,3,1,15,0.0122789561417405,0.2470806000844481,0
15.325045458246365,1,1,3,16,0.0860346184729568,0.0270008840417881,1
83.59124365794236,1,0,4,20,0.1853456367930256,0.1821231591588857,1
52.27253445877611,3,0,1,15,0.1059967677084174,0.2441799471372846,0
138.05855065368326,2,3,4,10,0.2454743045205696,0.1922885608855741,3
78.52091772041416,1,2,5,19,0.112831717545007,0.1364085358045896,3
1.0,0,4,4,20,0.0606002923566734,0.1509295603460852,3
146.68810376249596,2,4,5,13,0.012777006115876,0.128841930531656,3
46.51104784454248,3,0,5,19,0.0431209960878151,0.1825729509079924,1
116.5054005057576,1,3,3,10,0.091578307144902,0.0476587068302491,3
170.92012730182913,0,3,4,12,0.1156218447838511,0.064119968328081,3
18.811582397521107,3,0,5,15,0.0368008198880506,0.1461572365004576,1
15.814718731700822,2,1,0,17,0.1422235922031477,0.0391177327356322,0
200.25981701177227,2,2,4,23,0.095234204565347,0.1719866942548285,3
1.0,0,3,4,21,0.0803886814353864,0.0810482765449167,3
165.7370132410656,3,0,1,16,0.0273261646717438,0.0440857786426607,0
104.95008137946606,0,0,4,13,0.010100825099643,0.2089106294170478,1
160.12154528897798,0,0,1,13,0.0959320027366788,0.0011406369490003,2
14.582051688042997,3,2,4,6,0.1116200518688349,0.1846111287243348,1
158.80088458920312,0,0,4,6,0.2233186679479067,0.0705344071328604,1
139.18099152704144,2,4,1,22,0.1383642715287079,0.191715136392872,0
49.76368861772725,0,4,5,10,0.0888758616757833,0.0811069649189344,3
75.28992254186474,2,3,4,18,0.0457105657910053,0.0450683939679369,3
94.21517585421662,0,3,0,7,0.0665508302622233,0.293437128515801,2
98.1210204275538,1,3,1,19,0.2067388553451917,0.1491795182325067,2
155.8434081135369,0,3,5,23,0.0322088659939077,0.1641684131545479,3
93.69487917209212,0,3,1,13,0.2616532818902962,0.2667611716547813,2
75.52025587756137,3,2,0,7,0.2543440048290442,0.2977645239625845,0
146.18889263219884,1,1,4,17,0.05005394908423,0.1352645345113666,1
120.07320709334974,0,0,1,23,0.0884080185177203,0.1001381153027378,2
1.0,3,4,3,21,0.0646019778513995,0.2559618646032311,3
133.8926987420515,0,2,5,15,0.0078581338853363,0.1492459494132967,3
90.65157852660283,1,4,3,13,0.0393273059411793,0.1082076552846483,3
134.96501998589503,1,2,5,22,0.0673909535584472,0.0658198715007309,3
175.20338022600993,3,3,5,10,0.1849447084805972,0.24234481569307,3
1.0,2,2,3,7,0.2257137722000314,0.2320252475610444,1
76.8026015257796,1,1,1,6,0.1589382547744768,0.246644603785171,2
2.93134355086616,2,1,1,14,0.1511895141699703,0.0856530981116547,0
62.65361533139025,1,4,3,19,0.1882454945008941,0.0256995516201498,3
99.25111131851848,1,4,4,7,0.165018027371676,0.181917254058789,3
112.7691682692666,0,1,3,23,0.2509750237171895,0.0517959513766703,2
156.2493553190082,1,2,4,9,0.2457694658265507,0.0438159949991485,3
95.47064893059432,1,1,4,23,0.1326570691851863,0.282143985023523,1
49.40363453183133,2,3,4,19,0.1079783903767226,0.1989454262092228,3
139.14034124962117,1,0,1,20,0.0609489282551892,0.2628081927307993,2
129.7613885917101,2,3,1,15,0.1227846561933673,0.2724375302982306,0
87.34392118570938,2,0,5,12,0.0812334550706016,0.2532934697709422,1
141.77913881698638,0,3,5,16,0.0673825026506613,0.1225548480853565,3
137.03781892515536,2,2,5,23,0.0952042717553814,0.0153712044571521,3
148.79410416538758,2,3,4,17,0.0703630035342574,0.0912159378932362,3
65.56379217378634,0,4,0,9,0.2038068065240068,0.0747714446757995,2
199.39032823810425,0,1,5,8,0.2232909571621461,0.1943698232602956,1
180.37096735406752,0,4,3,22,0.0418603197533769,0.0845820612867884,3
221.30964073415333,2,3,3,10,0.1025436664927277,0.0386678555159167,3
97.5951288478671,0,0,1,20,0.2468959135630573,0.2587339943407921,2
134.10390978701133,0,2,4,9,0.0658477060357895,0.140280497352693,3
130.7927399075043,2,0,4,11,0.0156869247358142,0.065677133671505,1
116.46250310796668,1,1,1,21,0.003786935411352,0.2255896477724699,2
83.77985400259425,3,0,0,20,0.1832393070111252,0.2351089992701813,0
158.95153762959737,0,3,5,10,0.0886812359026813,0.0771990238552955,3
71.60412607070235,0,4,0,21,0.1703684796014564,0.0192196661499227,2
42.62547924631125,0,2,3,17,0.1681048618444731,0.2685367795030248,2
205.87597008655175,3,3,5,14,0.0639655731150324,0.0838408761289282,3
23.79265464769924,2,1,4,21,0.1399650291391402,0.0742974232548785,1
165.1001546879345,2,4,1,19,0.1422980199341555,0.07724671107047,0
114.94292318752898,3,2,1,18,0.1834505315159494,0.0036433054913218,0
62.95728867596696,0,4,4,17,0.081258927563656,0.1094718935142913,3
133.60837911261743,2,2,0,18,0.0773611078511722,0.2739976557416725,0
46.23530483347948,3,2,4,13,0.0666602750518031,0.2233727638244328,1
97.88704219531512,2,4,0,22,0.0738409051584326,0.1536798885004145,0
136.94116417251828,1,2,4,14,0.1054719819790803,0.0131735258813718,3
88.82444704921551,0,3,4,15,0.1606938120702757,0.2191965294552829,3
152.65000136493703,1,2,3,17,0.1262183089467859,0.2255399473618376,3
77.37758971081965,0,3,3,19,0.0355081599632801,0.1510248978214267,3
14.26790297663254,3,1,0,23,0.0901543537681251,0.0261195030128696,0
223.17784660661297,0,2,3,21,0.0103060266357351,0.0789234470323284,2
35.33485903951164,3,3,3,8,0.0234403289720861,0.2446601675778937,0
160.37456246372687,3,4,1,19,0.0667093441314042,0.2754068528954412,0
32.099497047924714,1,2,1,13,0.0718571669393755,0.0151336748403812,2
83.48253767242642,0,2,4,22,0.2961302876402954,0.0139359046984142,3
136.76207221448112,0,3,4,9,0.1277187891428122,0.0918241902056474,3
198.1542942340752,0,1,5,21,0.0069569794536983,0.1671527224395297,1
132.92758010020054,2,4,4,22,0.0297379409029242,0.0131157965494164,3
70.51903687197567,1,3,5,21,0.0696952900042468,0.1956344852660109,3
120.14684362102652,1,2,4,17,0.1187115003688289,0.2696229357029047,1
133.2226692179877,0,4,3,22,0.2570566857869035,0.0141896919463357,3
151.25316480255592,0,3,1,23,0.1115030022230804,0.0873408439858535,2
91.67769952650312,1,2,1,20,0.1934305945486701,0.2056180490099233,2
46.98420049844791,3,4,1,11,0.0633906334404863,0.1858930751913503,0
141.3054918346935,1,1,3,13,0.0867460130424642,0.1852052464588954,1
125.20761806882405,3,1,5,9,0.1001683555960415,0.0538682484687885,1
58.31245290811402,3,1,1,12,0.2694358816100237,0.1547124360744438,0
149.80613301261576,2,1,3,14,0.0373057020813107,0.0649056715654845,1
33.41909418942821,1,0,4,8,0.2843737059897588,0.0779987378137388,1
115.00768707634882,3,4,1,8,0.0548673327055203,0.1953178226455672,0
112.84787190919722,3,3,1,18,0.0604446223761404,0.1730285519758388,0
133.29744189170327,1,4,0,15,0.1659542752187059,0.1431246756720071,2
143.96732735135467,2,4,5,17,0.2861031754616234,0.1826831020815023,3
183.54252647218303,2,3,0,22,0.0359400571866051,0.2264355789370831,0
130.5340112106231,1,3,0,7,0.0083560081655521,0.1520779623996775,2
85.45926936462064,1,2,4,7,0.048244702625513,0.1731889677396592,1
174.7607248934285,1,0,0,12,0.2123892203560263,0.2785483902826413,2
94.13802052819874,3,3,1,7,0.0664557181152547,0.0007488502830002,0
107.8211010210334,3,3,4,22,0.0519598166682012,0.2237844312003153,3
33.944216658649395,2,0,1,21,0.2844553047946735,0.2932526845144681,0
26.096545470372973,1,0,5,11,0.1587921234901743,0.0907948326556482,1
71.18690354858637,2,2,5,9,0.0873174916161221,0.0250044836888869,1
185.7850046440302,0,1,4,21,0.2768800271808708,0.2188950689135217,1
135.2064924024638,2,1,0,13,0.1244705655851724,0.2773759875650269,0
194.0380573101324,2,0,3,13,0.1128452633894804,0.2705014231051592,1
114.59400130581582,1,3,1,8,0.2457134701137229,0.0865072855518106,2
1.0,0,0,3,10,0.0581220604613172,0.2678717474294048,1
104.38517488621656,2,4,1,17,0.2457120351465076,0.0487125405293628,0
81.20321400432104,3,4,1,14,0.1157871074023301,0.1798481505295297,0
95.25218152484396,0,3,5,15,0.1973478599408887,0.2870877749288453,3
74.85535706183339,0,2,0,14,0.0909852616537185,0.2607697559036946,2
115.46413016067966,1,3,5,8,0.0174727218996041,0.2360683310525957,3
26.312054932830108,1,2,5,16,0.0825662480459901,0.0878120654630949,1
186.2759702282249,3,3,3,7,0.1084398085976169,0.2455770596962394,0
84.55031158147564,3,0,5,23,0.1979840575932198,0.0669267423995467,1
158.0603835879014,3,1,5,8,0.2842040952548975,0.0941337475704522,1
121.673282502782,0,3,3,9,0.2404412140925869,0.0741064583016174,3
119.290635160432,0,2,0,22,0.2746315404232454,0.1591446414131677,2
35.65097178596194,2,1,4,15,0.0937288882419921,0.1822033964018356,1
132.32246842711305,2,2,3,23,0.2956989358660546,0.0922255052233455,3
85.32310328563914,2,4,0,6,0.0520978159374855,0.1854536949111881,0
135.86617469633944,0,4,4,20,0.1147990984524176,0.0617912832553872,3
37.54146901765547,2,1,3,11,0.1171239215530371,0.2789955437391417,1
72.31455034620751,0,3,1,18,0.0502092241664142,0.0111506030634137,2
87.39311736752946,2,1,5,7,0.0198463256273732,0.283883202952023,1
129.8286172441775,0,2,4,18,0.0146191547857488,0.134765188843851,3
129.7948729260183,1,1,0,11,0.182611611611189,0.0253645581330753,2
197.0603004132961,2,0,4,6,0.0510107845035697,0.0640022779993352,1
77.77833535385415,2,2,3,19,0.1639009651383376,0.0383597148494719,3
114.76185183467628,3,2,1,11,0.1549725484122641,0.0671685139529437,0
89.37344870781544,2,1,0,7,0.0778555128349558,0.1698649330851389,0
38.37197187546597,3,3,3,16,0.0920083042352866,0.1753776999648983,0
185.7277073880504,1,1,5,8,0.0995759384847688,0.2708218976078352,1
91.63760476304137,3,2,1,20,0.2082197510428441,0.0428582661407146,0
71.42746976728742,0,1,1,20,0.2411411410722304,0.2970270010531118,2
133.91591365670806,3,0,4,16,0.1884633416015917,0.1347610706389199,1
135.1982902564313,3,1,5,17,0.127712777137522,0.0385817236912872,1
88.73023589188384,3,2,4,6,0.1117496544181663,0.1250137501903878,1
88.14146844370339,3,0,3,13,0.0209120052276929,0.2627348969036283,1
134.13528238734492,3,3,3,7,0.1195930031996446,0.0351267694499466,0
4.526449104937157,1,1,3,11,0.0551856718310794,0.1895181544840086,1
98.00845023580098,3,3,0,6,0.0642224173866487,0.2095243123544237,0
44.83746472648301,3,1,0,21,0.1720888649814548,0.0876113796141671,0
142.24267950125216,1,4,5,8,0.0817079782883627,0.1850906158338432,3
136.7860655509444,1,1,4,9,0.2602231881697154,0.2281239315939472,1
1.0,0,3,4,23,0.2238033621258323,0.2067503565641553,3
98.00246011982708,1,4,3,14,0.0663602774256987,0.0901106992217316,3
89.268966730739,0,2,1,19,0.1746555779506624,0.2484054167711833,2
82.9176652175802,2,0,3,21,0.1175371479725735,0.1418977908509698,1
35.91021898242957,0,4,1,8,0.0518713836912645,0.147963797368833,2
104.62556544910711,3,3,0,9,0.2373785532353239,0.0158897526404468,0
32.71254479752152,1,1,5,7,0.0761447247365681,0.1840539254247652,1
149.6478565226482,1,2,1,7,0.11975464294252,0.1790644862631906,2
104.43959111589012,2,2,3,20,0.0845013934655419,0.1007015184359219,3
123.4789448449196,2,4,1,18,0.0121101363575298,0.1301587491646003,0
69.80070703920619,0,3,4,12,0.1225328519546605,0.2033676538743811,3
55.31732448521964,0,4,1,13,0.0023598292942099,0.1322603772880307,2
126.40792608558417,0,1,0,21,0.2425679443668602,0.0499818916337709,2
110.1707336694791,3,0,3,19,0.1990025872323675,0.0668114136464939,1
131.38056062962252,2,2,0,7,0.2100651669632045,0.2431746373501574,0
16.523652535261533,2,1,4,13,0.1975590976890233,0.0300317181151613,1
133.2880027003901,1,0,3,9,0.0026532937611202,0.1472308483038187,1
65.09991723447823,2,1,5,6,0.0968999844437047,0.1687153496928375,1
97.34369306227715,0,2,1,14,0.0630109933088868,0.0004596314297721,2
40.95820415039323,1,3,4,14,0.005099762953116,0.125671340068623,3
165.21275999129813,0,0,1,14,0.1625715865001166,0.0956314863988804,2
173.6315125331529,2,0,5,15,0.028895341300785,0.1353067985592926,1
170.28593216971328,3,4,0,17,0.0332217294495354,0.0889806444319817,0
113.02358745354404,0,1,0,12,0.0398445420183373,0.2164302244464524,2
198.9643202750732,0,0,4,21,0.2423687386872857,0.1289573330871826,1
153.95056812067682,2,4,0,8,0.0825506286844457,0.2090078645502003,0
142.0459318265218,1,1,0,18,0.2286907406241687,0.1618650012108792,2
123.81263800436103,3,1,1,6,0.0132100171612609,0.2440528132148941,0
60.96728000720131,2,3,0,15,0.0495066974120151,0.2891651993982762,0
64.10618202104354,1,0,3,12,0.2228320835196856,0.0296794599900343,1
5.633152428245779,0,3,5,10,0.1619089530418345,0.1694188276155572,3
81.32128181735158,2,2,1,16,0.2140583471798991,0.278828491309548,0
118.5730344158755,3,2,4,9,0.2898535438975504,0.0325430613850736,3
58.015416981937626,0,2,5,21,0.1367392499536049,0.2518647304283818,1
85.6254509937735,1,3,3,16,0.1309760182203679,0.1276179006935251,3
136.97726035979696,1,2,1,20,0.2422334595781883,0.0731231608782802,2
111.58503098891778,2,3,1,20,0.0491968743733373,0.0597283180611894,0
154.4549501423722,3,2,0,11,0.0145219966957912,0.265091490314406,0
96.58524263549305,3,2,1,10,0.1973206854604266,0.2614249152431614,0
149.78075820126222,3,3,1,16,0.1665247226515702,0.1563050695389364,0
71.32429897397859,2,0,0,18,0.2987492261058809,0.1533177215975157,0
184.2611755739869,2,0,4,14,0.1377468119356312,0.0892859883752078,1
52.30554557933439,1,3,5,13,0.0293493034052712,0.2830036807073017,3
51.77160337854124,2,4,0,6,0.1397485818295949,0.2826550203357827,0
97.62512772725684,0,2,1,9,0.0551609457663141,0.0239491112436063,2
97.42352809067798,3,4,4,7,0.2705363500189956,0.1313853027174761,3
52.05519192760516,3,2,0,17,0.293994166822683,0.174025485127908,0
107.20909957544646,0,0,4,23,0.0411918601264181,0.2034776724687368,1
18.138604653796836,2,1,5,9,0.0365240188961053,0.1849225634886588,1
104.62817768111393,3,4,3,8,0.197378822231505,0.1127854458044926,3
81.44716425998072,3,3,0,19,0.0991634101332865,0.1622189154024967,0
111.58605001070958,1,4,0,14,0.1536328259484441,0.1837323522074984,2
75.1204627677902,3,3,4,13,0.1405957522085261,0.0214384721396992,3
134.82382320839906,0,2,0,22,0.1598912599311502,0.0891306144317797,2
124.38076836389531,1,3,1,13,0.2449786650298729,0.2569414719008565,2
131.24768490320784,0,2,5,8,0.0353804340158531,0.1315682466584125,3
60.49149345707586,1,3,4,19,0.0361484569879609,0.0548052274830536,3
130.5810000556355,0,1,4,16,0.2973568227033396,0.1590444837998685,1
120.55717666598215,0,2,4,9,0.2770528639749963,0.11536442256305,3
65.15669927733734,1,4,4,12,0.1928733287749474,0.0507653980870477,3
79.29677835998388,2,0,0,18,0.0820824178173808,0.1134728818216256,0
162.68870089990466,3,0,0,19,0.2122220476837851,0.0558173561630002,0
34.45145821385549,1,4,5,16,0.1764987340205976,0.2583578918932017,3
50.894306204281605,0,0,5,13,0.163777734560716,0.042783290956167,1
44.49056009237883,1,4,1,14,0.1520748906716134,0.0044274172035471,2
185.8179249399727,3,2,0,9,0.2004634859498306,0.1853935057863601,0
135.58108670920865,2,3,1,8,0.0127843168641337,0.1493393368522066,0
104.15800416996484,1,2,4,14,0.0929298218410131,0.0731398524727907,3
117.0672129672662,2,1,0,15,0.0617875053069188,0.0875090779943592,0
172.71550508982455,3,1,3,18,0.2179967804876952,0.0709598365138977,0
91.04706119744267,3,3,5,23,0.1444160561971012,0.0372210341655819,3
36.27395630574347,1,4,4,14,0.2531251958696201,0.0853569033294013,3
59.90689115809592,3,4,5,18,0.1424056547482574,0.1736275210629919,3
140.21191473413376,0,4,1,10,0.246383844524055,0.2181722849900569,2
33.221549014927746,3,2,3,16,0.0762259121184014,0.0772069118575983,0
68.82454932548332,2,2,1,12,0.0753698032145951,0.2466875867888037,0
180.2345314940516,1,1,1,6,0.0623542461312738,0.2013244926792046,2
90.92205392023835,3,3,4,11,0.223206315021262,0.2362122172779268,3
20.37585138608973,0,2,4,9,0.1110002587075782,0.1708953383706921,1
62.50758948086998,1,0,1,12,0.1090710007473794,0.0327885448376864,2
120.06035817414975,0,2,4,9,0.0882043200726635,0.0901532084453836,3
244.16056481688443,2,2,5,21,0.0675512743371978,0.2747951147290793,3
87.34963261994451,1,2,1,17,0.0662092063171159,0.2539161379840882,2
67.16927342769218,2,4,4,23,0.2791993866060692,0.2747422313638624,3
121.57299788636078,2,0,0,22,0.019407961139532,0.115930771079551,0
101.0007775055462,0,0,0,21,0.2519164875383429,0.288004253269646,2
117.4549001202752,2,3,3,17,0.2514922107804591,0.2012128343601398,3
156.9359033928049,1,4,5,9,0.2613153276592313,0.1835861034055014,3
96.72562309891926,3,2,5,9,0.2791467859759377,0.0111580673918944,3
49.13940710499204,3,4,4,12,0.2767398319204171,0.2291682631875542,3
169.36251279833914,0,4,5,14,0.2879351056660507,0.0984168337065864,3
55.22708431402993,0,4,3,17,0.0474238462393171,0.0367264519686677,3
52.70683460518376,3,4,5,7,0.0826906080120171,0.1375736683272661,3
40.88767990058,2,2,4,6,0.2222972371553601,0.2573898621004662,1
53.78905180099923,3,4,1,13,0.0724846766545144,0.0615699048850606,0
30.377673674840597,2,1,1,16,0.2356746399662624,0.2556553198483,0
93.98556442481018,0,0,0,7,0.1253846520541928,0.1125328177833229,2
30.45529343706144,1,4,4,8,0.076720288539127,0.2188404086067932,3
120.2387928886767,2,1,4,18,0.0296914520349689,0.0423412764709246,1
105.46634914812248,2,1,0,9,0.0850036944248009,0.1042373432484324,0
42.71308584739742,0,1,3,16,0.1981701603547654,0.1534495679359156,1
88.85891929066376,2,3,1,15,0.2168962611418058,0.0713357099387404,0
65.33017315328291,3,2,3,18,0.0076236608846449,0.1479424534422095,0
153.55102360564177,0,3,1,15,0.0468587903458923,0.2660183824802558,2
13.873112870309924,2,0,3,14,0.228398070971731,0.0046584760962145,1
95.12573870114709,1,4,5,13,0.0801715656159245,0.1818119927626429,3
108.88890692924927,3,0,3,19,0.159755559534804,0.1936844172600672,1
52.713920624076366,0,0,3,14,0.070965743725183,0.199469831344887,1
210.42583400045868,1,2,1,11,0.0545697802364122,0.1494499409225393,2
79.69544355542182,1,0,4,20,0.147506624553794,0.2147767282133013,1
92.28348120601449,2,1,4,18,0.0873578506560295,0.2171878848571155,1
62.88601572456315,0,1,5,19,0.1253922077483839,0.167706672010678,1
75.72793154479501,3,2,0,20,0.2967794284040777,0.2769309471764181,0
104.24740391833144,1,1,4,7,0.199404290824501,0.0191170554465587,1
50.93770256996651,2,0,0,23,0.1766579627790507,0.21693432463101,0
75.52316640047174,1,0,1,7,0.2432135841392813,0.2653590596599405,2
221.36866921898425,0,3,0,15,0.1649162538098442,0.1574152002191529,2
154.2080508477433,0,1,0,12,0.2848940988549137,0.0763673606730214,2
127.7332048684413,2,3,4,22,0.0221956240334881,0.0834394475117185,3
178.38392686073269,1,3,3,18,0.1708261354980852,0.222908721538665,3
7.364523256736064,0,0,5,23,0.0108221270896452,0.1627806232144063,1
105.36624415670596,2,0,0,8,0.1441856513420076,0.1826191161444018,0
78.50340145378959,1,1,5,12,0.0168858387975933,0.0430049290351817,1
1.0,1,3,0,15,0.0304580654617756,0.2266550075828015,2
86.29918430904516,0,3,5,11,0.2087648592562112,0.1863836246811556,3
165.2701213132583,0,1,0,14,0.1955210323593506,0.2718739108949915,2
188.45990394387212,0,1,0,12,0.0790820378464153,0.11345321910576,2
62.83641163205517,2,1,4,21,0.281178497323322,0.2578504070769257,1
142.81207061482752,2,1,5,6,0.0053532451331607,0.0732013741678855,1
118.8101158930058,0,1,5,13,0.2644211809593585,0.0212765928575878,1
126.45851834723663,1,1,4,7,0.0366294662777047,0.1876284475562466,1
180.891336178399,1,4,4,17,0.232427067836782,0.0882620106464412,3
101.28138362010128,2,2,0,15,0.2464940377509439,0.0407604551018838,0
84.21209958914527,0,4,3,7,0.0821537447244123,0.2821432068230907,3
143.24791029188378,3,3,5,20,0.1616473500206392,0.2892487291061869,3
96.95341824263578,0,0,0,12,0.0631566425206825,0.0779618319577542,2
110.5782416597124,0,0,5,15,0.2451475451242019,0.0206610814649199,1
57.365749188358016,2,4,4,13,0.2773394907336038,0.1914704582461348,3
94.78728423417728,0,0,3,22,0.2382525511504674,0.2942720342776702,1
185.49710254998007,3,3,3,9,0.1872044852278959,0.0452081720930388,3
185.20232399109585,1,0,0,16,0.2786236044858743,0.0341857201618201,2
101.824996591308,3,0,0,8,0.018997876404682,0.0451964607667339,0
68.30032683717428,3,3,0,10,0.1727717887758347,0.1072851990283447,0
131.6024238560528,2,4,3,20,0.0167678180798145,0.0178788579355919,3
110.1757801859274,0,2,0,17,0.2520123505955667,0.0480756133252684,2
149.6667250803884,3,4,3,8,0.0194339283898599,0.1601553126663944,3
69.84262164931528,1,1,4,20,0.0586767012868636,0.0513297969502283,1
127.87519105169186,3,0,0,7,0.2421582186114909,0.1435711772553248,0
12.260105731437749,0,2,1,12,0.1595611304266631,0.2452829360104995,2
109.241988218019,2,0,1,9,0.0996570784414495,0.1810622811463671,0
77.68339606164076,2,4,1,18,0.2591024075454258,0.2324657624019565,0
130.67359683458895,3,4,5,7,0.2208931642188915,0.1605856163339487,3
95.85500046414208,2,0,0,13,0.1953074608254727,0.1361427807218192,0
83.62202883155102,2,4,3,22,0.2334616356823877,0.0677513456279139,3
142.60870906609526,2,2,1,14,0.1685224848792111,0.1696876563754869,0
167.99976352812234,0,2,1,9,0.1163067072784019,0.1639187805352738,2
110.37102924807164,3,4,0,22,0.2115694403893907,0.1400641304030549,0
191.2998605870523,0,2,0,15,0.0875641240737503,0.2393497931166264,2
90.91453039865986,2,4,1,18,0.0271240269012469,0.0685646536077369,0
47.07219788278555,1,0,4,23,0.1175415913750156,0.1720512590232788,1
53.420092823559706,0,3,5,19,0.0211977297723948,0.1717091948129845,3
140.48141390310798,1,2,1,17,0.2562220315949785,0.2544825665153572,2
103.27904856850893,3,4,4,19,0.0305365161321535,0.2961965933158693,3
117.06171858417136,2,2,5,8,0.0030090988829499,0.2957750863037945,1
197.20538517627477,2,3,0,20,0.2516686128087738,0.0912559483613023,0
123.92651570749516,2,4,4,13,0.2167916564774439,0.2482579550605145,3
58.55366854903143,0,4,1,18,0.073480808374474,0.0621980700179968,2
132.66571571072706,0,1,5,11,0.1086807672928072,0.134793834864802,1
79.48632438095918,2,4,5,8,0.1458504590048756,0.0299800666619764,3
21.84905493517752,3,0,3,19,0.0403474519543517,0.1102423551128877,1
131.5089796182557,2,0,0,11,0.0439779052426783,0.1179622270910879,0
106.99467117351593,3,1,1,8,0.163110204095954,0.2695225449069301,0
112.14781760656756,0,0,0,16,0.1041841060962031,0.092340561014469,2
170.76740734991563,1,0,5,23,0.2788342865137822,0.132642077298538,1
137.9687749694726,2,4,0,20,0.0907320169312686,0.1861262282056069,0
1.81649380694644,0,4,1,13,0.202014990165809,0.0410570757576452,2
143.47542410000597,0,3,4,8,0.0856181346868922,0.1269761759198288,3
144.7295741284615,2,1,4,16,0.2712740705798315,0.1134447375412759,1
124.80105317606242,0,2,5,20,0.1788437630507565,0.2325097966256306,3
77.72240482440365,1,0,3,14,0.0507354629438805,0.0928235652084263,1
115.625993988861,1,0,0,9,0.2597628632438501,0.0814242239114329,2
129.02592727978524,3,0,5,9,0.264993761513984,0.0525851835939378,1
90.59818570566658,3,1,5,21,0.0748120405301646,0.1521565796954073,1
76.68946089030345,2,2,1,20,0.0585786683732309,0.0129427539971481,0
184.7236265263968,0,0,1,18,0.0225046617115092,0.260833920978303,2
60.59891906121721,1,2,1,16,0.2284924278470499,0.1629427234326111,2
69.31843808098579,2,1,1,8,0.1186578225888042,0.2731480655980098,0
108.97466813956233,3,0,1,21,0.0634528532614137,0.0556137942065743,0
104.29081597781972,3,0,4,17,0.2396907778161804,0.1525238482124331,1
99.1129082742811,3,1,4,9,0.1557465365758324,0.2192903388287637,1
95.45900833123072,3,3,1,13,0.1549026770973347,0.1311833464852921,0
1.0,2,2,5,16,0.203581693466426,0.0195804955571872,1
56.41989009213499,0,2,0,11,0.0708956787315363,0.0987127574776503,2
104.71396468071396,3,2,0,18,0.2876588965621998,0.0337960132731972,0
118.66284620675847,0,4,4,21,0.1698500971629962,0.2615707829081578,3
207.9871156334069,1,2,5,19,0.1015057802330903,0.1065144914538374,3
137.02600766499975,0,4,4,11,0.2111447832924047,0.0959315121545393,3
68.471091884184,3,0,0,15,0.1476605759147006,0.0857506815612871,0
130.4368448045936,0,4,3,8,0.2309691751854846,0.0309744900945426,3
102.72301846482222,0,1,4,8,0.0436290067513052,0.2539941448928386,1
84.4360358060232,2,1,4,7,0.0264454663624199,0.03623359470991,1
129.45120849628583,3,4,0,15,0.1609878721868322,0.1321556265335304,0
66.00318728526916,0,3,1,15,0.1863982478599831,0.0420606476353731,2
67.58294079280026,1,1,1,13,0.1006025719169062,0.098552285358201,2
151.07474932037195,1,4,5,14,0.0560874869444877,0.2625188137321124,3
124.34803197148392,2,2,4,10,0.0047000321254439,0.0519254714934813,3
122.5159413390362,2,0,0,6,0.1392485025537845,0.0163815741020454,0
149.64387340943438,1,4,0,13,0.0453473129520044,0.2025031466916947,2
92.47650512587455,2,3,3,18,0.2574976270629553,0.0073618040716224,3
125.29309549202966,0,3,0,16,0.1865880879320773,0.0205924519335629,2
99.45421594632754,1,1,1,22,0.1410256221932724,0.1233929255635997,2
126.10819351942088,2,1,4,17,0.0714238126789412,0.2468862031945851,1
99.54014179745371,0,2,3,21,0.2838226501816664,0.0968378592991323,2
19.862455625055404,2,2,0,21,0.1581420741892278,0.1550486771836372,0
133.4811316190142,0,3,1,20,0.1804056044071371,0.1894840724305686,2
125.2753878795898,1,1,4,7,0.2876906116016861,0.1773605319956054,1
169.5497402602186,3,3,1,19,0.2230076148601862,0.2053097908166814,0
100.19917408120418,0,2,0,23,0.1826532778148714,0.1091000700302994,2
53.32807430635034,1,0,0,7,0.2663209943422472,0.0304709919423455,2
136.73548337864975,0,2,4,23,0.0364201978093807,0.2162849604930392,3
144.10374076447405,2,3,4,20,0.0640065423639979,0.1422435479654219,3
16.28864254540153,3,2,0,8,0.1053892135587972,0.146612559197217,0
90.85987837968165,2,4,5,16,0.0119540700465423,0.0217419057506354,3
93.72697304239146,1,4,4,11,0.0312799319670331,0.2542234174874939,3
146.92144287900922,3,1,1,16,0.1782083719278556,0.0002281190595185,0
88.36970485053712,1,0,4,8,0.2020483872292766,0.2455392414456431,1
133.12812749399598,1,0,4,6,0.2829216156295533,0.0719367522221769,1
97.35891302362111,2,3,5,10,0.2061762030232,0.2337261752350251,3
4.842839701316095,1,1,0,18,0.0444996597352727,0.10520309727568,2
170.28565255079133,1,0,5,20,0.0844035838625746,0.0015640222368009,1
95.58000416029633,0,4,0,12,0.2050309229373987,0.1285895046446479,2
88.61394984609568,1,0,3,7,0.1514122342836519,0.0365166069377748,1
126.59626606844267,0,4,0,8,0.1674497849157672,0.2819166237775011,2
102.40943773739512,1,1,0,13,0.1049083433377378,0.237205725079551,2
84.48380420973015,2,4,0,16,0.2260678837796093,0.1096742382473608,0
56.99498393359676,2,2,0,17,0.1877861776241401,0.0938548925989852,0
101.46344919524134,0,3,5,11,0.0983833980402601,0.2516047780703459,3
71.87241131906333,0,0,4,9,0.0554296485937413,0.2369555774794874,1
59.59491772371459,1,4,5,6,0.2568592453763333,0.2640091042222193,3
83.36646007435996,0,3,3,13,0.2355919126558144,0.1037413741211072,3
48.88451719760327,2,1,1,12,0.0577464156828984,0.293559746135012,0
147.04346191366483,1,4,4,6,0.0449840417234037,0.2931310164475648,3
99.10667092994572,0,0,4,14,0.189204031748996,0.0522776825233213,1
64.06564779255584,0,1,4,17,0.1591784458223498,0.0676218778248926,1
188.53528253669,3,1,5,14,0.2762397283642207,0.1735052460177731,1
108.21393821671424,2,2,3,13,0.1178468404892751,0.2198845560920392,1
187.9906461586839,1,2,1,20,0.0051795909736307,0.1602974112428764,2
101.52118400212385,3,1,5,18,0.2305525327908296,0.2638227541550148,1
128.4669586462649,0,0,5,15,0.1890379179716497,0.090950659298152,1
1.0,0,1,5,20,0.2609297938754432,0.0761832187151089,1
78.39780928776129,0,2,0,11,0.0237862621094801,0.190695751215705,2
182.6497834424325,1,0,1,9,0.1586340036160773,0.0175235403093367,2
134.08915909173146,2,2,0,16,0.0383449180143957,0.1049157422671274,0
81.25401639747126,1,0,4,22,0.0329490278897757,0.0339275649263415,1
153.97617580250846,0,4,3,22,0.2276435234400409,0.0876636264180836,3
164.65958843510802,3,3,1,18,0.0143247513560128,0.1042315947134666,0
114.40452609936624,1,2,1,22,0.1842127385371398,0.1140179420056544,2
84.85358670971868,0,3,1,13,0.2089416911489782,0.2956898746495571,2
165.20332316744185,2,4,0,23,0.2608296792875392,0.025330192250037,0
119.63654701909952,3,3,3,23,0.0101727193882172,0.0997034254590181,3
98.48736691372898,0,2,4,22,0.1477606813104214,0.2493352899100931,3
125.96731647985668,2,3,5,21,0.2260092955337997,0.2625741627131738,3
174.222954641285,3,4,3,19,0.2183525176813314,0.0087594536053287,3
180.28056916209383,3,2,4,16,0.1998789531870564,0.2601968034310171,3
31.538644326471115,3,2,5,23,0.1331391226628508,0.2069177476924677,1
81.4360335237958,2,2,5,22,0.085236424096214,0.0069282704079127,3
55.16667528333092,3,4,3,7,0.0633276860354433,0.1189822590800313,3
1.0,3,0,3,11,0.1908787545660737,0.1942947214893497,1
30.228117844516504,3,0,1,7,0.227759351831053,0.2134291196741732,0
192.72167166809135,3,1,1,20,0.2285259271671987,0.289079931498151,0
60.01179361060507,3,3,4,16,0.0381213779380616,0.2180814744201488,3
157.54383013636962,2,0,4,22,0.0849788197882071,0.2552804207076487,1
67.42362601171226,0,3,5,21,0.1566390097400901,0.0005290545665931,3
98.1555523465548,3,1,4,23,0.2195353925433639,0.1101915579659445,1
75.06542875951524,3,2,1,17,0.0439396026956606,0.2801086734151611,0
49.15580072260776,3,4,3,8,0.1238501924768881,0.0393994218053259,3
100.48852836766208,1,2,5,10,0.0023145266168231,0.0863681968307906,1
70.18000470100964,2,0,0,12,0.055733164935846,0.0289273139225044,0
61.81486704105214,0,3,0,16,0.2143177637792413,0.2090687797724367,2
58.1078351988722,2,4,1,13,0.1888049013415775,0.0947802657415256,0
2.0613169352203187,0,0,1,19,0.143390538184534,0.0014988187312088,2
39.23637118865532,3,2,3,7,0.0094970273236273,0.2569354171098145,0
52.84268610112489,0,2,1,17,0.0275954661316481,0.2723613534350538,2
1.0,3,3,4,11,0.0728848489516906,0.0434003029529093,3
124.17218341391592,1,4,5,21,0.1929538978322601,0.2305939026415298,3
103.5143533544567,1,3,0,9,0.1861304267227763,0.1907698785100537,2
115.43591970969204,0,0,1,6,0.043433537624331,0.0693204795703098,2
125.7266233170904,0,3,1,19,0.2866594946621159,0.1902625007939965,2
190.1518931447176,3,0,5,12,0.0123756791154717,0.1920222309558511,1
117.0613316346242,3,2,1,19,0.230605417433966,0.2604954277976882,0
11.679107466351638,0,3,5,6,0.0447609312101902,0.2981900382662754,3
125.5865482134954,0,2,3,22,0.2422026279789556,0.0814198581982974,2
1.0,3,4,0,11,0.0890514868955584,0.1745065571526068,0
48.99223887365567,0,1,5,14,0.1074993198645141,0.1174918832188409,1
131.48188015127948,1,2,3,6,0.1903806467834657,0.0750066271635111,3
123.12596197960391,1,2,0,22,0.1958230702851079,0.152414716788195,2
43.052656397143394,2,1,5,8,0.0006025633686326,0.1199900601971671,1
116.6236715541054,3,1,3,19,0.0388756089499434,0.0030788126157986,0
100.9788381045086,0,2,0,18,0.0235371181611474,0.0810896081764851,2
104.56505855298342,2,1,5,12,0.1651867058099057,0.0446703535058747,1
42.10587840417056,0,0,4,9,0.0826545317551541,0.100941891597913,1
105.0781211751804,3,1,5,7,0.1658953190706808,0.0908256402212927,1
199.0037616722009,3,2,1,16,0.0678618309491101,0.0716950275925698,0
118.52992069901056,1,0,5,7,0.2861617531589666,0.0974147712933266,1
160.6238351981005,3,2,3,18,0.0779177299161745,0.1291319629092951,0
148.20893866917126,0,0,4,14,0.2270771411690329,0.0434896965234273,1
29.836448512977626,2,0,4,8,0.0201878151334451,0.1486742524444211,1
80.9352519597712,0,2,5,12,0.0606372312878721,0.0686952739743954,3
109.17097295106014,1,0,1,20,0.0220710610635238,0.1547820804679091,2
87.01737958526527,0,1,3,17,0.2558966661189031,0.0860960374558236,2
108.0115182306703,3,2,5,21,0.0395510639539372,0.2290152817121311,1
67.3857577636645,0,0,4,17,0.0777258913242347,0.1595602874934341,1
128.78983564454663,3,2,1,14,0.1931296378605494,0.1224911054192529,0
232.68624376831752,2,2,1,21,0.2631569770026403,0.2563964663961799,0
181.72758460384824,3,3,5,19,0.037881038449254,0.062964972285388,3
151.0489802573813,2,1,1,16,0.0661407804909648,0.2401545059806508,0
160.00707937632086,3,4,5,19,0.2815372347097238,0.112139537939909,3
122.32245994083652,2,0,0,21,0.0929772913610743,0.2574399041503523,0
72.57885554359551,2,0,0,18,0.206352735149864,0.1886022028635026,0
64.28241083579402,2,4,3,7,0.0443113952824256,0.0828808314545633,3
73.17729424885326,0,4,1,10,0.2223895857433771,0.2326316767325923,2
72.80854730360535,2,3,0,17,0.1503909394790496,0.1569238385171501,0
121.2172471930701,0,1,0,15,0.2892665296591736,0.1621527174496034,2
150.1135517837805,3,3,0,10,0.0208221745770984,0.136147826483114,0
81.89145305707737,1,1,1,17,0.2243440838712576,0.2996655182973117,2
127.87280002363372,2,0,4,21,0.181824923451188,0.1895609511185355,1
18.87673345537199,3,4,5,9,0.180947653135472,0.1724589361571169,3
184.6662817870191,2,1,3,10,0.0362269736608634,0.2360098379089778,1
65.19007638479106,0,2,1,20,0.0747278616171712,0.2835346683316153,2
103.50624662324222,3,1,4,9,0.1878013402303334,0.1912223133444209,1
116.6327535738554,1,1,5,9,0.0616686444377995,0.2422286079132146,1
39.49090474513588,3,2,0,17,0.2774564243425712,0.2053877731513876,0
14.781664585186718,1,1,5,16,0.2613316498156404,0.1855400306431245,1
113.21352865309022,1,2,0,9,0.1002636658540332,0.1886900011942349,2
132.48047200492812,0,3,1,22,0.0384848391206425,0.1528138407922031,2
135.73717695838536,0,4,4,19,0.1757259913639743,0.0042277496467055,3
192.10000747672152,0,3,5,17,0.2973441376140543,0.008404148415255,3
93.48193595103255,3,4,5,17,0.2840673619083003,0.1627212447522099,3
150.55595357221767,1,1,0,11,0.2825032758800395,0.0473650506177314,2
110.98207933085074,1,2,5,22,0.2537571202396205,0.0495551145564454,3
104.68666515869266,1,3,5,23,0.1438085290666309,0.0609395685403743,3
91.04454245730972,0,1,3,19,0.1943626780549455,0.0588732580563971,2
90.49613763917009,3,2,3,13,0.1484936303842848,0.1106495225749887,0
23.260633545243024,1,0,3,23,0.0521701095494074,0.1429129116556296,1
94.08099624729348,2,3,1,20,0.1675316174986397,0.2011936371753912,0
40.57322730194497,1,2,1,11,0.2796661358279141,0.0311617792972232,2
105.5892315664928,0,4,5,9,0.0009650319959263,0.2607379073966113,3
88.71133636420988,0,0,5,16,0.1513020512913529,0.0810225558551916,1
160.02452283868655,1,0,1,13,0.003747464769515,0.1651897337536598,2
149.6986032037739,0,0,0,14,0.2414612484187179,0.23515670041629,2
60.70589384625159,0,1,0,20,0.1356753447327689,0.2193291305301752,2
159.93213044977318,3,4,4,10,0.0350804744919176,0.1727164378270949,3
189.29719241347956,3,4,0,20,0.2882609148897462,0.2638181939375754,0
65.98286904500631,0,1,3,7,0.0785971562380768,0.1146990825175191,1
162.78830876342795,0,1,0,10,0.1886039740997622,0.0781401631983552,2
141.73748613216512,0,2,3,17,0.1270948875323683,0.1021871541359195,2
201.34011844684528,0,0,5,22,0.0051829052791853,0.10151045082817,1
74.74452922942453,2,2,3,13,0.0646071447875496,0.1950859323214471,1
134.35335348180598,1,0,1,8,0.2133930232440644,0.1529912788995569,2
101.36862393466043,2,3,0,7,0.1921970400010813,0.1493441608443018,0
49.40290267425375,1,0,1,20,0.2366795613984071,0.1094369267962102,2
187.96083017812143,2,3,0,19,0.0717114534938847,0.188473419787107,0
143.6466433787729,1,3,5,17,0.1205240071606919,0.2050539044980974,3
117.6476542406876,2,0,4,9,0.2782932852589426,0.1608437485461148,1
116.23198705733245,0,4,0,22,0.2258753386944688,0.1650419694036187,2
204.66978625249632,0,1,5,18,0.0092735067370713,0.0874147344449531,1
71.78192232194203,3,4,0,16,0.24987807871577,0.0431074946140405,0
125.51540031317172,3,0,0,14,0.2957658879384262,0.2045328438758568,0
128.11444589502054,1,2,1,13,0.1263935630829924,0.0598140692966767,2
73.36212302693903,0,1,4,23,0.0668142270497463,0.1684798373735998,1
126.11693152360928,2,1,0,20,0.2496335877164575,0.1045233592401677,0
110.07919803201813,3,0,0,8,0.198886652636392,0.2293814752219647,0
63.54921387594737,1,3,4,21,0.0183443303725034,0.1114307083407815,3
41.640787307616925,1,2,5,17,0.0926333575182487,0.027984797985671,1
200.51341899182768,0,0,0,19,0.1361692898422241,0.229963504291328,2
49.50228986619201,3,0,4,16,0.171970173383691,0.1588836706844804,1
107.45198503124988,3,3,1,7,0.2593531832428302,0.0721617579482705,0
151.73804035523457,2,3,1,11,0.1072392275503425,0.1544717359759664,0
41.74166921205879,2,4,1,12,0.100146599742724,0.0057168846434863,0
79.82510335278846,2,3,3,15,0.1093914709200743,0.0018411654208536,3
164.8876855893621,3,0,4,21,0.1277726368098648,0.0366373601506076,1
129.58588633909935,3,4,3,11,0.0817354490354412,0.0160380763882088,3
87.1672731648851,1,1,4,15,0.0297824524432465,0.2922024846033631,1
155.52562757562202,2,0,1,7,0.0502612632635738,0.232476603972412,0
158.03636421587464,1,1,1,10,0.1407503447848404,0.1625371134679512,2
129.5607392308346,0,2,3,8,0.0592864297206554,0.0539325950068198,2
123.30091150066922,0,1,5,22,0.0648018558816736,0.2579838288422393,1
167.66774612941015,3,3,5,18,0.2453611611298513,0.2516665155695873,3
111.37694769481206,3,2,0,18,0.00507712202208,0.1323575350309659,0
73.2483457654215,1,0,5,21,0.0061878364200443,0.2034235768502018,1
112.02237525700056,1,4,0,16,0.0221842353298018,0.0452477399977369,2
98.89186576845728,3,0,3,19,0.1667332061118772,0.2806026202291985,1
59.42592315077476,1,2,3,11,0.2618652785515254,0.1686077289590054,1
128.8149826520255,2,0,4,7,0.0083558911138164,0.0844436496226317,1
208.29398706955956,2,2,3,11,0.1168248581118026,0.1122889772329398,3
76.311397611538,2,1,4,6,0.2308613097043478,0.2614618968103837,1
119.8045502429886,1,1,3,13,0.0745374164327095,0.0133727707383069,1
63.75479840876034,2,4,5,10,0.1461471852938403,0.2513882773187539,3
119.01197978984148,1,3,5,9,0.1175710786671275,0.019326877380484,3
85.49741083578915,3,1,1,7,0.1347864643749117,0.0015865263718425,0
166.1613473887456,3,0,3,10,0.1413545535430918,0.2662122041489829,1
119.70465525141095,2,3,1,14,0.0380397629343268,0.151583988448728,0
112.86188753382612,0,3,0,6,0.2600036646617112,0.0856820964585246,2
112.5072223866277,1,0,4,19,0.1378231582415528,0.1234466471159768,1
72.1989988920932,3,3,5,13,0.2328686892881768,0.1231817499656124,3
204.03462552151484,0,4,0,22,0.0590873960793396,0.2295671098755194,2
96.08310543119426,2,0,0,12,0.0453422424724836,0.1895209753057107,0
149.01314763608417,1,3,3,21,0.1418477170768996,0.1193776576829488,3
77.33137896850812,1,0,1,9,0.1750904044471787,0.148255559440185,2
66.37959071028672,3,0,3,16,0.0193944910967454,0.2064691243945809,1
84.57305143554804,1,1,0,10,0.2324992270305248,0.1278220269781528,2
36.6105717869173,1,1,4,17,0.1437103698179574,0.2531775098606663,1
144.02898354271755,1,3,4,21,0.1095695967666741,0.1250837950203596,3
32.997155481959524,3,1,5,17,0.1033971455132528,0.1365961382795885,1
62.85329518543598,1,0,1,18,0.0263630103270063,0.1405012932283613,2
131.52721043417262,3,0,1,17,0.218282218172915,0.2221022613235954,0
56.350836932473655,3,3,1,17,0.1656584482184298,0.0323953232421262,0
120.36985888221852,2,2,0,7,0.0795360798739204,0.2279612276478944,0
91.58973546839428,1,3,3,22,0.1812634340218947,0.2033972932907962,3
106.84708917340518,2,2,4,22,0.1938849632335209,0.1963718688054185,3
69.88709113589769,0,2,3,6,0.0937853365799653,0.2055713049233645,2
158.8245218817516,1,0,0,6,0.04729552624793,0.1115025396796426,2
146.19325079820874,3,1,3,8,0.150049875990684,0.2505452892671632,1
98.96010847338944,2,2,4,13,0.0993173854466533,0.1244969350082725,1
89.73934968870185,1,1,4,12,0.2586290701824803,0.0567872070982884,1
38.22760839385735,1,1,4,8,0.2468602115100393,0.2654758189986924,1
101.5713504676923,1,0,0,9,0.1452200809136703,0.0583712666225893,2
97.2126910938068,3,4,4,20,0.2161461935726578,0.2947130022572915,3
108.72657041722422,2,0,0,19,0.2668217641126904,0.1046500407587677,0
14.628354477555815,1,4,3,12,0.2342925775208657,0.0305344327247295,3
116.72353525292426,0,1,0,6,0.0811394158480624,0.0214840846215845,2
138.79887832030803,2,1,4,22,0.191802849473781,0.2552589936908498,1
123.40759898421268,0,3,0,13,0.0325756329155168,0.0167111409837884,2
28.33380358096578,2,2,5,15,0.1695507611490539,0.0516404083978785,1
57.49328986411908,1,2,4,16,0.2336244729108277,0.2510440959694043,1
64.96694489683514,1,1,0,7,0.1093806387830788,0.1675635621254297,2
58.27097112614202,1,0,4,20,0.0506443859415385,0.293606119614322,1
17.39279340555916,0,3,5,8,0.2707231494612619,0.0612029049596186,3
114.59866000333923,3,3,5,20,0.0564859610111962,0.2858792892052189,3
65.47611442167891,3,0,5,18,0.0771949610795925,0.1750929981809751,1
116.71641267667624,0,3,3,12,0.1726823982067749,0.2519640127894116,2
73.59694434871312,3,1,3,15,0.2519728657778928,0.2230511802833991,1
165.72234499884985,2,4,3,6,0.2450621619094279,0.2123831620003578,3
49.832796812695655,1,4,5,11,0.1337869971748956,0.2482809070320261,3
113.08092172731008,0,0,1,21,0.2289109020035685,0.2428372285586644,2
79.7722541220802,2,0,1,23,0.0377344177373565,0.0677499119534709,0
6.6363224182362615,0,1,3,10,0.299250820394203,0.1952485337164444,1
80.89210689738387,1,4,3,7,0.047391723734268,0.1318362205120651,3
99.25103972853113,0,3,3,10,0.0176123887712971,0.1069225420815308,2
157.26621328494474,1,3,0,20,0.220536529979925,0.1794561372925626,2
15.61475687870923,1,1,1,12,0.2121228833213507,0.1185899689926052,2
31.472047896649528,0,2,1,8,0.1823192112807408,0.1733207283161831,2
151.4305155651689,2,1,1,20,0.030157168516278,0.0771797560889069,0
1.0,1,4,0,18,0.2050749901348033,0.2994356911079221,2
105.40060612194992,1,0,5,12,0.0045645535433312,0.1959024273871513,1
150.47348362460633,0,4,4,17,0.0610032109051705,0.1377127279573531,3
217.01482490226533,3,0,0,8,0.174783199649183,0.1222071674247815,0
109.505314642464,2,4,5,16,0.0213232628300476,0.1284030578410697,3
30.729530409093528,2,4,5,7,0.0912094227695608,0.2012832739671432,3
58.47438508612293,2,1,0,6,0.1060159913814847,0.0579006198634511,0
142.85651658763592,0,1,4,23,0.0551346987519499,0.0148587143049711,1
101.23438819428291,0,2,1,16,0.1958635016953258,0.0438645392549275,2
99.6166098975966,1,2,3,6,0.2375389934850006,0.0152292820795961,3
173.11870757117146,3,3,3,7,0.025614658410679,0.0697936382640986,0
90.5644200130083,3,2,5,13,0.1371324236303174,0.0779935289704048,1
104.76465595801172,2,4,3,22,0.0655350276655849,0.2344015741267883,3
120.5129534490387,1,1,3,11,0.1806405300050432,0.1502938164254534,1
177.81503977579666,2,0,0,22,0.0637426041384931,0.2912334835998614,0
53.55073419553473,3,2,3,17,0.1451257653914608,0.15765316368147,0
14.203046372388355,1,0,5,17,0.2355875376673915,0.2037501710051048,1
138.51869645370317,2,0,4,17,0.1598424842317738,0.2859439678842072,1
59.7401057138945,1,3,0,13,0.2500319349263429,0.0335492910968736,2
158.17629298131632,2,1,5,23,0.2313289983290767,0.295028637326154,1
1.0,3,0,1,14,0.2228715219080415,0.2930427923740871,0
38.44790085923295,1,4,0,15,0.2661595353835856,0.2732268562392128,2
171.6637285313439,2,3,5,18,0.1722351389131347,0.266557804197728,3
112.09845840277022,2,3,0,19,0.0011468669185104,0.1718282731430035,0
19.094041480323117,0,0,0,21,0.1177365679763849,0.1908447584443476,2
84.54858620914781,1,3,3,13,0.194932208315072,0.1744298729638653,3
198.35874814015725,0,1,4,9,0.0438940583152564,0.0779587944749359,1
138.2561986971853,1,2,1,10,0.0353253484448841,0.1231030577950323,2
97.15171598683668,3,2,3,13,0.1865701031121234,0.0269853447586085,0
115.44481466346484,2,3,3,6,0.1784035677655748,0.0629171213610613,3
67.1394145894455,3,3,0,7,0.2042630008777295,0.2940138610901209,0
102.90319150122176,3,1,0,20,0.0055172582772328,0.2702002957176261,0
71.12989038852807,3,3,4,15,0.1042575088878451,0.2944251719158904,3
71.70882448231609,3,4,1,19,0.2063464830237944,0.0546598479513066,0
2.479389917129666,3,2,0,9,0.1696755858683805,0.0165887056391557,0
149.1895875976603,1,0,1,21,0.120909680643879,0.2290208932259364,2
118.72427887956428,0,3,5,16,0.2322624678126317,0.0977390804696677,3
159.19602419256864,0,3,5,17,0.1386239737736595,0.0229854442488855,3
117.6975397188491,0,1,5,19,0.134741016923878,0.2981655352217712,1
139.99636497649584,3,3,0,14,0.1342178457376313,0.1166966024338101,0
145.8120231484966,1,4,1,18,0.0361977731216935,0.0793761629428121,2
33.14624460560809,2,3,4,20,0.2156121887818185,0.0817356045836146,3
1.0,2,2,3,17,0.0704980221884784,0.1719523306434806,1
70.65751332256312,2,0,1,16,0.0680954448217132,0.0034370613767942,0
90.81530168117035,2,2,1,7,0.1328117024272483,0.1391967873982724,0
94.22953309001072,2,0,4,8,0.1127962207741141,0.2912487379724086,1
109.10530160286636,1,0,5,10,0.0516674764353391,0.2535398303464822,1
102.49972135601534,3,0,5,6,0.1220798908820549,0.1358276826200137,1
101.42317242095775,2,2,3,10,0.045655996564363,0.2056503892807528,1
63.64075586735656,1,2,4,23,0.0149447371136431,0.1240321714059872,1
110.30434922525,2,2,3,10,0.2699333436219608,0.2265654365603885,1
84.82581850716304,2,4,5,12,0.0059192697975608,0.2096322645949579,3
141.92707387796304,0,4,3,19,0.043776779019156,0.105264842330348,3
24.22367693072053,1,4,1,15,0.1619761215839197,0.2933394590398874,2
1.0,0,0,3,17,0.0880726951565199,0.0945218061982254,1
143.82702561461514,3,3,3,16,0.1374606929577344,0.2348032854774146,0
129.13652791637816,2,3,3,7,0.2903434059661673,0.000464032185607,3
212.4718792098145,1,3,4,14,0.1533216541177151,0.0473060261188357,3
223.6979390208358,2,2,5,9,0.2626388130394355,0.2586403669529175,3
92.59455102640584,0,1,5,14,0.1209979711890432,0.2158357649554616,1
59.56699791711433,2,3,5,20,0.0727908371552808,0.1373666837772341,3
102.6480544957306,1,1,0,14,0.038901044588044,0.0485254766098638,2
62.66692817896519,2,3,5,16,0.0697345901110766,0.2735298278112185,3
75.86583681763253,3,1,3,15,0.0539801955030111,0.133834008673419,1
42.255298191706416,3,0,1,21,0.0037992711338798,0.0185077671362889,0
54.70174293411504,2,1,3,15,0.2973697399242327,0.0622509347528506,1
99.5134916245828,1,2,5,7,0.2182967588648305,0.059678095712954,3
44.60373869025689,2,0,5,12,0.2576170234292326,0.2257455089183737,1
43.38604352275519,2,4,5,14,0.2366860722747749,0.0540595734991715,3
113.91790832226812,3,3,0,20,0.2285277390810555,0.2860165423288763,0
134.93433546766573,3,0,4,9,0.091748577483402,0.0124594813925282,1
119.07757879446304,1,2,0,6,0.2432801811953951,0.1919370279408186,2
157.80678743228196,0,1,4,8,0.0617657345476741,0.1975185505120365,1
197.7355598630644,2,3,4,15,0.2619881758495142,0.1997602946556777,3
81.80420879154892,0,0,4,20,0.0293410086415792,0.2511276628650702,1
161.0711796695976,3,1,0,15,0.0756809299675722,0.2026724704385825,0
63.0524488049063,3,2,4,13,0.0082410960026403,0.1684967158765608,1
105.24325165393066,1,3,5,20,0.1007462654278707,0.2491021490868685,3
159.59656181075366,3,1,5,12,0.1831354181132221,0.2730990389450485,1
173.23336294409003,3,0,1,8,0.123890303447969,0.0588135489237883,0
92.2979984986514,0,3,4,17,0.1916173576346291,0.1186519036032525,3
137.63543468030923,0,4,1,19,0.1204179447063737,0.1113871884471053,2
102.8335147035836,2,3,4,21,0.2000493884440241,0.2250682340057809,3
150.55315439464508,1,2,4,20,0.1580455965897836,0.1490296291175958,3
178.86854350440177,0,1,3,10,0.2313968261131238,0.0171110530648759,2
56.806701680214985,2,1,1,13,0.2842695585544017,0.2710289186349193,0
99.12320456582736,1,2,1,11,0.0861383441701993,0.1419275463391905,2
148.00918346871745,2,1,3,13,0.1433957633604173,0.2747704701272235,1
36.085099307566615,3,2,0,18,0.1912247571990124,0.0629174143146889,0
29.486773591300164,1,2,5,19,0.0522326324332235,0.0059753512845478,1
101.80913647215458,3,1,3,9,0.1559969575610637,0.179685728625631,1
94.88826679072112,3,2,4,16,0.1287808835176817,0.2922117788959744,1
68.17213951369493,0,1,5,18,0.0104322245897809,0.003547057998244,1
9.497843873599097,2,4,4,14,0.1910982388103483,0.064422955729285,3
95.4896412496082,1,1,5,19,0.0083683974608382,0.2135327538035266,1
175.5676573988768,3,4,5,21,0.178269501761737,0.0656984039832251,3
134.06171599975,1,0,5,8,0.0119687336442069,0.2443009672956992,1
40.54889703870078,1,2,3,6,0.162523478948169,0.1885178187030068,1
91.48577340870996,0,1,0,19,0.2846413763631742,0.1088595132269584,2
139.3679023347168,3,4,4,17,0.279294464683151,0.118484475490122,3
137.15660899291004,3,3,3,21,0.137251382469522,0.0262770462278582,3
113.94890509578244,1,2,3,12,0.0530643910995612,0.0696660793455795,3
116.15208118936896,2,2,5,12,0.1308099222621837,0.1066879460818464,3
112.26060867341772,1,4,5,13,0.2351245595301038,0.0953776068275816,3
91.3724371242566,1,0,1,20,0.0783566242778276,0.0664674828115779,2
60.11096369629046,0,3,4,13,0.0838727780959206,0.2806638815773552,3
82.86894350761435,0,1,0,6,0.1844663875814872,0.0336340703140171,2
93.94963983785584,3,2,4,22,0.1598642655604598,0.082613332079374,3
154.63092956284132,0,1,4,22,0.0884754555812565,0.2408207570430288,1
93.6875926125206,3,4,3,20,0.2589015796723102,0.0623349490408797,3
66.66856921606774,2,0,1,12,0.0030479940035696,0.2212187775974826,0
85.68086649133065,3,2,5,23,0.1371008260563537,0.128738515520887,3
61.48915426343378,0,4,1,8,0.0587515674213097,0.2805853129507116,2
207.9317457917536,0,2,1,18,0.0568867808178585,0.0658525770654647,2
127.25847306111218,3,4,1,15,0.2030590839280548,0.1345000562308793,0
56.47348718859963,0,4,5,6,0.2398301803743626,0.0156238882385967,3
148.56949447137714,3,4,1,13,0.1253991235572423,0.1738901736761562,0
168.4941629976181,0,4,4,10,0.2804318311792179,0.273819252765464,3
189.4849494798192,0,3,4,21,0.0173764063701893,0.066952442035122,3
76.67842938193637,1,3,1,14,0.0575272715487576,0.2091686090156415,2
70.682959934997,2,1,0,18,0.1364951027184034,0.1090820851983355,0
109.70660760028218,0,3,0,7,0.2823606685774715,0.2093960532284727,2
113.26594352241096,2,1,4,6,0.2690201598096739,0.2466844769961552,1
87.30704614274643,1,0,3,6,0.2363523072032559,0.00031157671877,1
43.08770269700351,1,4,3,18,0.237474003012012,0.12862049044314,3
38.15005493189687,0,0,5,13,0.2595495719386779,0.1055422959670158,1
103.6680494084438,1,0,1,20,0.0258877967268244,0.1589993205484859,2
144.51910478825238,3,3,5,12,0.2677179759897177,0.0449995064989739,3
207.89858430141297,1,1,1,16,0.0096204041529097,0.2038321918607443,2
42.63467581254942,0,0,5,22,0.2213041281816322,0.0433122835209008,1
1.0,2,0,1,11,0.2663588987789733,0.017314166106688,0
71.83511662270585,3,3,3,18,0.0524091479738481,0.1491914133152473,0
140.48678748973973,0,0,5,11,0.1636285825089204,0.1582326323138746,1
121.440035888713,3,3,5,12,0.0132959802543787,0.0316070113630883,3
83.15668974797332,2,1,4,14,0.2695826024859295,0.2378553260212748,1
39.63102989461478,3,3,4,19,0.222674205929903,0.2368070636900618,3
108.7577220333237,0,1,3,10,0.1790409643900684,0.1565826353985749,2
57.73754981714673,0,0,1,11,0.1877496160802029,0.2637761076189692,2
127.7776240916278,2,2,0,10,0.0818256401763475,0.1102152951180757,0
61.44325163831861,3,1,3,19,0.1795516977908811,0.0640860055564348,0
94.54533958618732,2,1,3,10,0.0838979391734616,0.0342576825592761,1
114.98861178010682,0,0,4,9,0.1244454790826864,0.150767468413763,1
164.66185261748035,3,1,0,21,0.0592946790798225,0.1517768673480517,0
190.83030817777365,1,4,4,19,0.2312824477886579,0.244158587978142,3
119.46284607133636,3,2,0,19,0.192395476325914,0.271510874476532,0
125.2025168867631,3,0,4,9,0.1162194854630399,0.0634403414748302,1
113.72379007889046,2,0,0,16,0.2071350368680581,0.222335902445308,0
143.92267864992198,2,1,1,22,0.0631779870918982,0.2375263337807885,0
1.0,2,3,5,16,0.1863850727276335,0.0698976120346484,3
56.0017823988795,2,4,4,7,0.2244497741484258,0.0069453629208602,3
183.6969898622384,0,0,4,19,0.0356196578026206,0.2643357770516302,1
145.03538595209977,2,0,0,16,0.2861226514532218,0.293551387054765,0
185.70917333121685,0,2,4,20,0.252060787454548,0.0450689227168717,3
141.10308921530083,0,4,0,10,0.0152796451456116,0.2629250805150323,2
124.9265096077836,2,1,0,7,0.1745396171164183,0.1971882542378069,0
65.13581597650929,3,1,0,10,0.2743764216627587,0.1433229884444566,0
102.00595412182894,2,3,3,7,0.1498334376281956,0.1228093028624149,3
104.5683879553326,0,4,1,23,0.2882891110157268,0.0444361959189649,2
105.5448215081706,2,1,1,10,0.0966246744121263,0.0637280461995063,0
100.82522276555645,2,0,3,16,0.2600890865201534,0.0248237651261835,1
40.99954563263234,3,0,0,22,0.2839636655777774,0.2095837017989827,0
172.93406687293617,1,4,3,13,0.0974791425168729,0.1598619749626197,3
61.70479945269759,3,0,0,22,0.1621377243705076,0.2361022056380031,0
128.37393170686386,2,2,4,12,0.2775061296121733,0.2628770172804698,1
196.3906498719286,2,4,1,6,0.0176161539227175,0.1898787633746837,0
98.49921339760488,2,3,1,15,0.0772496376255131,0.2061489133894549,0
105.97989772874294,0,1,5,21,0.2451308112213207,0.1186506304420218,1
16.920488082916194,3,2,0,19,0.0567993591993582,0.037120039097739,0
77.64003034650082,3,1,1,9,0.0733960854690573,0.1727266093802478,0
77.42369915391592,0,1,0,20,0.0948381324004051,0.1322057919739257,2
69.80387031281418,0,4,5,17,0.0080650540959528,0.1945222505000966,3
156.15196488157326,2,4,4,17,0.2245751108830658,0.113539194429244,3
88.78953641029665,2,2,5,12,0.0622297980165449,0.0277056048665747,1
50.56313407900909,1,4,5,23,0.1098438679007618,0.0824192901190619,3
147.09514808805105,3,2,5,17,0.0543506155659079,0.0223981198683401,3
188.55105751990305,0,1,4,15,0.1135566991857532,0.1730156865849078,1
114.12252446326195,0,3,5,23,0.2347940450636018,0.1509364304345692,3
180.31301903633369,0,1,0,19,0.2140717159670176,0.277508422004767,2
42.11253770681004,0,1,5,23,0.1364443667198557,0.0476942629546827,1
144.98934253815088,1,4,4,14,0.0218823311286457,0.275571052192001,3
148.2448859553089,3,1,1,20,0.1609926500368646,0.0657448064785432,0
1.0,2,2,1,21,0.0348235143808477,0.0627607623525711,0
38.05924909378587,2,4,4,16,0.2811936035754527,0.1313145287167183,3
170.9459035956342,0,2,5,7,0.0529562040865194,0.1168171032384196,3
58.14899517794424,0,0,1,20,0.0122803761794868,0.0703460212573186,2
107.0739670741902,2,4,0,6,0.0587733248211174,0.2460386026157152,0
26.285347224573457,3,2,4,10,0.0838611457150107,0.1202497012473228,1
169.51665917660858,2,4,5,17,0.1004305311686248,0.0669532543672582,3
116.09682220948189,2,2,4,17,0.1347826390131381,0.2636423602710352,1
101.42141318558592,1,3,0,20,0.0013588474704742,0.1315144829971886,2
73.9416316495926,3,2,4,11,0.149871214099637,0.0302040225187949,1
117.30261550435164,1,1,5,20,0.0091339431010452,0.2732572092282657,1
65.16476163506098,1,3,3,14,0.1859994546902293,0.0237538970770641,3
124.5682568616316,3,2,1,23,0.1452073580376985,0.0739612444648534,0
177.2492397691183,3,1,0,16,0.238560685574509,0.0546705784104662,0
49.643431409795966,3,0,1,16,0.1713865749205734,0.1888055977846696,0
130.85315223676017,1,2,5,11,0.0901446335374852,0.033558140995625,3
34.71643264818792,3,0,5,12,0.0420960231531243,0.063777511614677,1
101.08647454948614,3,2,1,9,0.0190531859542014,0.1716824401417897,0
95.2790868931976,1,1,3,16,0.1463961165901126,0.0171139685646557,1
169.359535659317,0,3,1,19,0.2876401072698232,0.0552135336830707,2
96.07848898576748,1,1,1,15,0.2226475889307327,0.1592636789992932,2
38.64354315449897,2,1,1,8,0.2638140044533449,0.1232200291093833,0
69.67991188765312,3,1,3,22,4.2158543915205016e-05,0.2630099140024368,1
104.17936826922389,0,3,1,21,0.1721074496003111,0.0370655625088069,2
155.76252466408903,2,3,0,16,0.2081481855611322,0.2487381696441026,0
138.62709095256596,2,0,1,6,0.0884251999950944,0.1991951310033507,0
146.55631388439195,2,1,5,11,0.2535670886712107,0.0184804874514127,1
81.08036536530992,1,2,4,20,0.0452006291947949,0.0402871356001011,3
129.8956753699469,0,3,0,21,0.2206862096050456,0.1298527559749325,2
198.83051669403028,0,1,3,22,0.2948413403140091,0.0502487493981463,2
54.13986599341818,3,0,3,6,0.1384776813692388,0.2635827574903565,1
16.963775244499118,2,3,1,17,0.0534090175158784,0.0969414167938123,0
137.723784988535,1,3,5,10,0.2916606004087964,0.1486446645576288,3
99.28654112027212,3,1,1,15,0.0219253317393159,0.198997304772847,0
77.54981898142333,0,1,3,19,0.2911892019675579,0.1672207397406769,2
105.97283367028936,1,0,5,17,0.1704412273613802,0.2113622515802192,1
102.86756349898408,1,2,1,11,0.2096699221485874,0.0829631538451957,2
136.5141909653482,3,2,5,7,0.2908250504455761,0.266447828343389,1
3.0297295929062784,0,1,1,10,0.1647779297380305,0.1598970815891945,2
60.99670235374424,2,1,1,15,0.183579567224454,0.2585162011665335,0
111.3260770120834,0,4,0,19,0.1045690095265508,0.204967542793026,2
173.8265018726351,3,4,0,10,0.2214155948699991,0.1204671419376349,0
24.011605859498037,1,4,4,22,0.2376793142605621,0.1275489693381512,3
108.183588111486,1,3,3,7,0.1822535482671466,0.0264884907183555,3
119.40109026493153,1,3,3,9,0.206042936035236,0.0498527402931676,3
60.45230597307929,2,0,1,12,0.2081415817555637,0.0015954622739061,0
103.70759479655554,0,1,3,22,0.0514943976246216,0.1913233217662893,2
62.54394620194878,2,2,1,21,0.2875045245446219,0.0236615291752922,0
184.9572790761601,0,3,5,12,0.1074757881068452,0.2743827722421239,3
19.84418720348981,0,4,0,22,0.2196300129541721,0.0977437276409624,2
98.12946759130688,1,4,4,20,0.1806198541950419,0.2634034264808425,3
89.78797551674141,2,3,3,6,0.2449390576465728,0.1371112882366117,3
194.9691880483973,2,0,1,17,0.0938470456358773,0.1466015552779465,0
64.94106740381784,0,1,5,6,0.0073997060933703,0.1515741370200199,1
48.4797131386221,2,3,4,15,0.1634521815084269,0.0770658946504244,3
120.71087924754174,3,4,0,16,0.1563020733651801,0.1925692922373433,0
180.11056943658377,2,0,3,10,0.2721182783548463,0.1763984454196291,1
77.44869406922969,2,4,0,14,0.1222465749236631,0.0266933803845237,0
133.7875940754602,3,0,3,18,0.1854379050630805,0.2315599508819357,1
66.99859255446285,1,0,5,18,0.2775995906787169,0.0149231156500458,1
77.93206042425741,1,4,5,9,0.0360095620898629,0.0886783137081212,3
188.64919260485112,0,2,4,13,0.2581476292081608,0.0499690841007405,3
56.92906809512222,0,4,0,20,0.2199712457360677,0.2800548954229953,2
110.03470626214624,2,2,3,11,0.0345830600328384,0.2904171279795829,1
108.91549781578468,1,2,5,8,0.1881924225076683,0.1966168267499812,1
151.71800490072795,0,2,5,16,0.2314318082019781,0.0713045660677169,3
96.40372035257374,3,2,4,10,0.2372207066414346,0.2067750656947514,1
177.1769465690399,0,3,5,23,0.2103429086989414,0.0297031190775604,3
68.92632976427612,1,0,4,11,0.0349444569548357,0.2646657785030197,1
64.99335235250454,2,4,5,13,0.2565081011100581,0.0765282191373023,3
93.26000739532604,2,1,0,10,0.0685426720388696,0.0549122181477787,0
46.3882023322347,3,1,1,16,0.1571433879648194,0.091679326793805,0
86.66934933602315,0,3,0,17,0.0537109591225166,0.2474445769491302,2
89.52061168985418,3,1,4,13,0.260038300211743,0.2816710892880036,1
87.21043607679951,1,3,0,23,0.0414507880977107,0.2217751976819499,2
49.49567705702287,0,2,3,9,0.1964765003587801,0.2566131727349225,2
172.21300234101892,3,4,5,9,0.1529977638554955,0.183549610177073,3
63.3646605451413,2,3,4,23,0.240335964647759,0.0066127637367872,3
105.5103439617062,3,1,3,19,0.2154709876656795,0.2818446850261971,1
34.69211497605232,2,1,4,10,0.2390421356973706,0.0985767171943807,1
226.66695003489215,1,3,5,6,0.121657830803774,0.0827862859779556,3
68.2184192069201,2,3,0,20,0.2382468682387595,0.1657682056162728,0
115.3610522147845,1,4,3,9,0.1696303926962926,0.1576562815136128,3
64.59365679957762,1,0,3,12,0.286131279659092,0.1814387089575207,1
82.53522658973894,1,1,1,20,0.0673547191000549,0.0285609398621272,2
116.53466133284276,0,0,1,21,0.1024647187392491,0.1675512224806578,2
40.822931459453805,2,4,3,11,0.2476688409583707,0.0174502945600345,3
170.6992578498901,2,0,1,13,0.1650188639035615,0.2649404402360612,0
72.11722104506738,0,2,5,16,0.1201183124496258,0.0175674807048519,3
49.36459916691842,3,1,5,21,0.2872396101431917,0.2214437321379424,1
155.03309237749994,1,0,5,18,0.0311367524752687,0.2399137265696294,1
131.6823482035694,2,3,3,23,0.0128172013456848,0.0061401796480671,3
114.47503612335646,2,1,3,17,0.2400866480711319,0.1420819144987308,1
76.97965392515133,0,1,0,13,0.1763509833711662,0.2543897129571688,2
130.43010819652946,2,2,4,19,0.0286869856872747,0.0843306810608743,3
64.13039181702842,0,2,1,11,0.069449753323979,0.2703359594001089,2
77.76549864235638,1,3,1,19,0.0587021787391451,0.2888410164067376,2
109.17365593557837,0,1,3,23,0.2900622757354451,0.1600360446763895,2
30.90032244126229,1,2,4,17,0.2175960862215098,0.2798328686021444,1
81.71623326366958,2,3,3,19,0.23344881907843,0.1844676526600424,3
188.48953664185552,2,4,1,12,0.2804217568184606,0.0276485190406891,0
40.244571986989705,1,2,5,21,0.0167248607841246,0.231891516431212,1
90.9583307800574,0,2,1,11,0.0550760024720055,0.1099673885899129,2
31.121180996766668,1,1,0,10,0.1078921783523987,0.0925768191754117,2
126.85636043686516,0,2,1,10,0.2034134957356113,0.1753932508276485,2
119.65021034290928,0,2,0,22,0.1908837148315682,0.0230648663501374,2
133.47902867401527,1,0,4,7,0.1165123765089956,0.1083280167397234,1
13.349310575433035,0,3,0,15,0.2094044028772739,0.2732452772981712,2
125.99550361682924,0,0,4,17,0.0434812676415491,0.2919273014362457,1
92.99669868611792,3,4,0,9,0.1863901803859704,0.219111298269449,0
84.21215813904057,0,1,1,23,0.2546043333827555,0.1203087359432946,2
100.409741709837,2,2,4,23,0.0669197740101775,0.1570598592191981,3
88.8477943350766,0,3,5,13,0.1202346013077551,0.0063808085315536,3
123.6886180929424,3,2,3,23,0.1900366516657053,0.0696026733002507,0
28.232204200445963,1,3,0,10,0.0129682758529941,0.0311887702583465,2
202.74273099065837,0,1,3,9,0.027124065787636,0.267260317865414,2
169.85052774932612,3,4,4,19,0.2040347687770759,0.2125677676373203,3
81.82189777237159,3,4,5,11,0.1449607417832834,0.1085510816130537,3
122.76959720512596,2,1,4,16,0.2933632190398346,0.1078261202614171,1
49.2812522009025,2,3,0,17,0.0517405794800358,0.0143634924657968,0
133.2043114385111,1,2,3,11,0.016049806278175,0.2810768473299823,1
109.1797362153653,2,3,0,16,0.2618272725483763,0.0533477060982889,0
151.36430848698424,2,4,4,8,0.0574692685160089,0.0460325982923434,3
47.67923819031442,2,2,0,20,0.0477108311595459,0.0036576104228684,0
72.84817525351784,3,1,3,8,0.0028265423379306,0.1929553168115506,1
71.21111225379798,2,2,5,15,0.0806220523044262,0.1158265379836464,1
140.5268057414869,3,4,5,21,0.2725122092365639,0.0076310358792189,3
136.8039378022439,2,3,4,16,0.2259468971652004,0.2299885899762491,3
91.40121281755891,3,1,5,7,0.2271631125256512,0.2216914267340962,1
49.017733212748006,2,0,4,8,0.0245745140537276,0.2793069194310216,1
123.38081399721229,1,0,0,22,0.2766060981851714,0.0441858669223284,2
122.6048644225344,1,4,0,19,0.2772950415466677,0.0676086516240552,2
46.69808185573032,1,0,1,12,0.0753616048978493,0.2376914491996299,2
92.11387774650495,0,3,4,13,0.2884391272478966,0.1707310861380105,3
84.9289255377541,0,0,1,6,0.0471594983182951,0.0303126154793819,2
89.48477525039786,0,1,5,23,0.2715457686979783,0.1199881931238423,1
92.48739879916717,3,2,5,13,0.2687005097186521,0.0899100140580796,1
111.24754222195766,0,3,0,6,0.0947230482072114,0.0058566151244021,2
140.64615504449725,1,2,5,21,0.1161450161699996,0.295641803317254,3
172.35351508673568,2,4,4,6,0.039655656071565,0.1576108484769913,3
148.60640659500467,3,4,3,23,0.1489023749423195,0.1280506989644121,3
98.85170498427748,3,1,0,20,0.0730317572927047,0.1389638020783369,0
66.90317956183122,2,4,5,22,0.19897282732139,0.1528258481547155,3
34.78465382367932,1,1,5,23,0.0758079739592061,0.1710394369872573,1
1.0,0,4,1,23,0.0711046887055574,0.1393788331077914,2
51.60672865574565,2,0,5,19,0.1777904845774603,0.1357354118984476,1
77.74713280563735,2,3,0,23,0.2586031561259252,0.0349279158721714,0
1.0,3,3,5,23,0.0731217546017954,0.1724434518305592,3
43.56518331965621,0,4,4,21,0.2541082230729139,0.0806300342406662,3
11.48779120122569,2,4,0,20,0.2108316894446586,0.2486224177432562,0
85.4255289373324,3,4,4,11,0.2937159492643729,0.2756686961402549,3
115.88231845053176,2,4,5,17,0.0163116220226663,0.2907317069607628,3
64.97979076659193,2,1,0,14,0.2220744333240979,0.2928599168750513,0
107.11126003481915,0,2,1,19,0.1362081141532122,0.2075346417480021,2
62.798007948407424,0,0,3,19,0.2628119039420226,0.2326124087163155,1
1.0,3,2,1,16,0.1501313796514025,0.2549720841097223,0
201.7944321750377,2,1,1,14,0.1162513397533348,0.2626287673150557,0
42.07154212268346,1,1,4,20,0.1793999467321941,0.1479049618140153,1
105.4199124044105,3,4,4,14,0.1459605315255334,0.121658227277759,3
181.1971743508134,2,2,0,8,0.1683954096759375,0.18825433756127,0
134.37738573106122,3,2,1,13,0.1573593201738729,0.2417972256481088,0
187.8637108536072,3,0,5,13,0.0581957427389054,0.1639214209945083,1
120.28322285999457,1,4,1,17,0.0850492709718575,0.2043354296802954,2
62.43057486585627,3,0,4,6,0.1937771539503025,0.0160746998420749,1
38.57546618095464,1,1,0,23,0.2538253323273362,0.245490861790974,2
128.16865208824413,1,4,5,23,0.0860479816712201,0.1412904740943438,3
93.0365646666207,0,3,1,20,0.1610437553095789,0.2523023363455136,2
51.28547195866852,0,3,3,16,0.150242459890477,0.0210401098551026,3
83.61906669672422,3,1,5,6,0.2955500219298574,0.2478774407330661,1
164.2218526388692,3,0,1,6,0.2795355122280841,0.1962864816070725,0
36.87377029736131,1,3,3,9,0.0670644624111704,0.0788459508983241,3
1.0,2,3,3,22,0.2575834263314262,0.0850632862732591,3
107.06525620524052,3,2,4,8,0.2886757687278548,0.1736002501630444,1
81.9861576561512,2,0,4,16,0.1614438732200719,0.265584879331055,1
129.9519789867169,3,3,0,7,0.2438139779772909,0.2094751637006819,0
44.31566890472303,0,1,4,17,0.1502628888061934,0.1762498860120364,1
63.946370100214175,3,3,0,6,0.1899725068806301,0.0671082781044101,0
90.91103836099464,0,3,1,6,0.0021305971608235,0.264033944553962,2
39.87581507093535,1,4,5,10,0.0098929880146512,0.1007904398943378,3
69.35052555332271,3,0,3,7,0.2525569554150857,0.1934133026064214,1
148.090323625531,0,1,5,10,0.247255644828349,0.1344919024755672,1
111.80920776489452,2,1,4,21,0.2514257326307837,0.0159535551326183,1
169.60476220605915,0,1,4,10,0.2963853382411704,0.0847882412086439,1
59.78249210839503,0,3,5,7,0.1850050129808244,0.0940937106503373,3
110.49896403788914,2,4,5,19,0.0814911938379861,0.2492349408629138,3
84.77595913048461,3,1,1,11,0.0809564474698079,0.1387592872770658,0
72.92170616945575,3,0,1,12,0.0568498784810056,0.1314941902106907,0
49.79795694898864,1,0,3,17,0.1527476317119222,0.2023389187721942,1
1.0,2,4,3,14,0.1435931923980808,0.1135158192387015,3
130.73992051800258,1,4,1,9,0.2433075175758186,0.151306439345782,2
158.02492447050156,2,1,0,16,0.1994195629224874,0.0432984662843006,0
78.54616745147868,0,1,1,19,0.2601487436245411,0.2763870107701698,2
188.6667528502164,0,4,5,13,0.28000484948763,0.0937636872450603,3
104.97787987999834,3,4,3,10,0.0435573930598668,0.2912932245664585,3
44.94834570581779,3,2,4,11,0.0581830094596713,0.2956438599442364,1
202.1128920255396,1,0,5,15,0.2500246299655678,0.2669099563999333,1
50.00523538759499,1,1,5,23,0.1123086591898789,0.2188297683117053,1
187.89533449273,2,3,3,18,0.1455569425953191,0.2078890919645161,3
158.5130415684044,3,2,0,15,0.1137725390600443,0.024082020246025,0
60.228760412259696,1,0,5,18,0.2024331170139038,0.2841478982148422,1
138.5133264241552,1,3,4,7,0.2986514639727817,0.2794474755492992,3
42.33611732942961,2,2,1,8,0.0546835805845709,0.0271547619356872,0
122.4488072210838,1,1,3,21,0.1610282322248257,0.2600241635379143,1
96.67192257277716,0,4,5,22,0.1992870465617054,0.2209426895596498,3
134.46348345626535,0,3,5,13,0.1687279362425683,0.1137621717183043,3
198.08147366490897,2,3,3,14,0.0458067922049016,0.201418687959076,3
76.75956098969937,2,4,4,18,0.0166456923227017,0.1395129217821432,3
1.0,1,3,1,6,0.0239038115620705,0.0760224824475952,2
162.56252982623428,2,2,0,13,0.054887510972569,0.1777616414941359,0
59.221157278091056,1,4,3,20,0.1962623285358846,0.0761376150827824,3
153.132781680485,3,3,3,11,0.2812374376651787,0.0737650548736885,3
47.59248501099316,1,2,0,9,0.035327620739083,0.0758235568249184,2
37.42376228923278,3,0,5,6,0.2806519736160821,0.0555605144405069,1
54.60271432386919,3,3,1,14,0.1768666317997128,0.2926307604962403,0
96.79717826771302,3,2,4,7,0.2859140258548494,0.063394180113531,1
113.95448425286708,2,0,4,13,0.2908119713539874,0.1812114934935929,1
186.5879191590176,2,3,3,8,0.2742760261248372,0.0598738046327182,3
39.89158164128301,3,4,5,11,0.2351460834838088,0.1023120920315858,3
107.61598966022788,2,1,4,17,0.2891895038949351,0.1409574469950092,1
44.60735902217445,2,4,3,14,0.1650593968353571,0.1897927359115855,3
48.752523443415896,3,1,0,10,0.1766730581901925,0.1784253930617563,0
66.59177046132362,3,1,3,10,0.0955166363923835,0.0115035146600284,1
78.89640574551521,1,2,4,20,0.2863204262862922,0.1061670123329713,3
98.23049609130877,1,4,1,22,0.269418471372765,0.1735057046428762,2
143.23364652967842,2,4,3,9,0.250986257312295,0.0309952699071243,3
156.23999884889443,3,3,5,7,0.200187465764649,0.2699247916058436,3
149.5442560802174,3,4,5,18,0.0605419978105678,0.2943718585029105,3
19.38451320102918,0,1,0,13,0.2179617150829256,0.2113162278980491,2
47.160718342505895,2,2,3,11,0.2848177856687295,0.1689199973511607,1
1.0,3,0,5,13,0.2670018156252177,0.1678520989132189,1
194.0401759396658,3,4,4,16,0.1180766036001441,0.1023568148353281,3
119.6218852038114,0,4,3,6,0.1485719629691622,0.2626080924110575,3
98.0792095349031,2,2,5,15,0.0986310037242918,0.2421310287144445,1
171.08479416424245,0,0,3,9,0.091330385086716,0.1240525530147834,1
38.84305927952884,0,2,0,17,0.2281588607873603,0.2371614568370068,2
113.74067305987438,0,0,4,19,0.2466493731933856,0.1933239777590914,1
115.96609430364686,0,2,1,16,0.0973613630885696,0.2625184042785105,2
101.21272769434955,0,2,4,12,0.0819857013136158,0.2400489626212122,1
89.4354321103372,0,3,4,21,0.1559169746414239,0.0206023318744962,3
80.07465410587432,3,3,3,21,0.292205084146935,0.0006726523144116,3
102.97699681154972,0,2,3,14,0.0795934099846848,0.0894877008623268,2
143.8555062625983,0,3,1,10,0.0288095207080398,0.2690292283245202,2
153.6425745310496,3,4,1,22,0.2321781138817857,0.0408425140230191,0
85.90177557853968,3,4,5,6,0.2324161504811002,0.2983635224069322,3
74.95297314017091,1,2,5,7,0.2878437813711689,0.1685760053474227,1
92.50182994449318,0,0,4,13,0.2312779294690615,0.2630819490626094,1
51.47917102187362,2,2,1,18,0.0208544756846296,0.1606848127868718,0
67.39889984323602,2,2,3,9,0.0325952525988625,0.1616696750945804,1
121.21797199616496,3,0,5,23,0.0156058841921305,0.1576713875246196,1
164.5274112883979,3,0,3,22,0.0147231607358232,0.1644324194257501,1
86.35583486201861,0,4,5,15,0.1986209313448393,0.1413395859729257,3
143.49128406980066,2,0,0,10,0.2925941519777187,0.1792299662197083,0
109.2745500159245,0,3,5,10,0.2752929424231066,0.2110572599714504,3
110.11906135446544,2,1,4,12,0.0532245616321489,0.2634223962607149,1
91.25263195020544,3,1,0,10,0.0204985789111421,0.2800147544162037,0
131.50465790657523,2,1,5,11,0.0643709823701566,0.0040047865511367,1
86.01423553398138,0,3,0,20,0.0569835594937965,0.1254995993667423,2
47.18282639503868,3,3,0,14,0.0473543574331027,0.2266909327506474,0
44.24387837456483,0,1,5,6,0.2839808477916802,0.0678208386701165,1
208.36229865664973,0,0,3,15,0.1600318121696101,0.2807651336596379,1
170.0277193250401,2,4,5,23,0.142331729344183,0.1280602299554852,3
132.94770673905182,3,3,3,11,0.2284376958522904,0.2896098551125033,0
60.11673154762784,2,0,3,16,0.065489308911584,0.1105830398486639,1
151.51643661250773,2,2,0,18,0.2684831153173062,0.2817372964287761,0
79.98593643985325,3,2,5,12,0.0245020762301364,0.2255092686670623,1
1.0,0,1,5,16,0.0484005120992417,0.2620294187555816,1
108.05924611259292,3,0,4,21,0.1699427891232933,0.1412562265985491,1
1.0,0,2,5,9,0.1299204131332547,0.02447650304905,1
115.276198311331,0,4,4,17,0.2270160485504119,0.0829358846422554,3
129.04811473618008,1,4,1,9,0.061751710077939,0.2320053767894486,2
136.73742978705042,1,2,3,9,0.0102965162005369,0.1655196832712712,1
56.97267137256856,0,4,1,17,0.1346549667757134,0.2693795995079584,2
105.92297743696102,1,4,0,11,0.1634890640542886,0.2753979183304786,2
69.63947785021101,0,2,0,19,0.0425800945119668,0.0092654670494506,2
77.38645804032217,2,0,5,16,0.0443058797875937,0.2028320770046483,1
74.63922261972274,2,3,3,23,0.246315255702995,0.2077131048919959,3
132.06395097052877,2,4,0,14,0.1979463732604927,0.0121350495570902,0
36.0681647721104,3,1,4,17,0.0069765410279084,0.2106200440896362,1
145.90157343399932,1,2,1,12,0.1289611929800369,0.2422469210480689,2
1.0,0,3,5,9,0.1362800834758209,0.1762036662988304,3
92.28179636130584,3,2,5,9,0.2105356054630647,0.2650970612505925,1
1.0,2,4,0,23,0.0008598198110034,0.1547031988853487,0
148.63551964610872,3,4,5,13,0.2704916780640254,0.0933625253346719,3
144.7998605206817,1,0,3,18,0.1764230776822026,0.2471415455231573,1
137.94721598793353,2,0,4,7,0.2503903265590714,0.0751162959971888,1
34.48980792306348,3,2,0,10,0.0462212139942174,0.1386442675463034,0
83.39576266629024,3,0,0,14,0.236994161367699,0.1506096877392579,0
136.1986372034684,0,2,3,20,0.2727975115945892,0.2633972592591522,2
20.56559348112052,0,1,4,23,0.2532547423414031,0.2652596975890219,1
41.33771550261661,2,0,5,21,0.0777088729761746,0.2381195486767899,1
140.13153506618085,0,3,5,20,0.1417477204720166,0.0160661428130653,3
117.09608052946518,3,1,4,8,0.0951645083761074,0.2270335201215071,1
115.41821563159428,2,1,5,9,0.1327061165002658,0.1431407844856182,1
48.79086797761328,0,2,4,6,0.1271487621778265,0.1424684355488035,1
109.197320125071,3,2,3,13,0.2774975662114289,0.1923459292166094,0
15.905982248873102,1,3,1,15,0.2279848854427438,0.2731900188407072,2
67.65620489648674,0,4,1,19,0.0218359981173838,0.2452514563500269,2
105.6385372542534,0,0,5,14,0.198000338216758,0.0403580430442758,1
84.40067579648391,3,1,0,13,0.2360914182003304,0.2962548197237565,0
96.63471650161422,0,1,5,6,0.0649780437804571,0.2156983765135072,1
122.55218168729456,2,4,1,7,0.2514403464342266,0.0187680778358732,0
94.5546752430834,0,0,0,21,0.1687114678299168,0.0627489545347357,2
86.5773719401618,3,1,0,7,0.2473143611081729,0.2547709245193532,0
88.56007460928272,0,0,1,15,0.0163765387805832,0.0213823289630027,2
14.018624066723234,1,1,4,23,0.0100169534465881,0.0133618431405259,1
73.27362050312762,0,1,5,6,0.2343501226272954,0.1330128122138764,1
103.40662778496744,1,4,3,15,0.0962717368564809,0.2010022044145545,3
28.119873194422222,1,1,0,7,0.2638609286243691,0.296723569069621,2
168.706269625108,0,3,3,13,0.0514004406463428,0.1679349036812916,3
234.40071452455297,1,2,3,8,0.2930833585621784,0.2885074428095454,3
128.94045548922782,3,3,5,7,0.07314283076049,0.1496535239908563,3
143.79186643828518,1,0,5,16,0.0241669269902852,0.2586044929571821,1
93.49074057589152,0,0,4,11,0.1648275000219941,0.022761411293167,1
178.60777399513577,0,2,5,23,0.2435328727046708,0.0097967609754597,3
86.39228111803808,2,4,5,6,0.155304749091074,0.2849099008418001,3
128.74211628851995,3,3,4,21,0.0331011334758643,0.2816511745160912,3
101.8647039910331,1,3,5,17,0.1974522016488423,0.0536445465218545,3
138.37950384749797,0,3,5,9,0.26056817308862,0.2761729179190189,3
112.99789968218457,1,2,3,12,0.0748320837298371,0.1997849678525257,1
90.42214207658776,3,1,3,6,0.2038965883228166,0.2486514251720733,1
75.23176866050274,2,0,0,11,0.086939916290906,0.0948679561387631,0
168.81670793385973,3,3,0,10,0.0297607070626358,0.2147672718894222,0
1.0,0,3,5,6,0.0635857518590687,0.2397222996941054,3
63.72861284083023,2,3,1,12,0.2427068390541104,0.2180475229249067,0
195.7821010329696,2,0,1,22,0.249387779187905,0.1403057962022412,0
133.006578972542,0,4,4,8,0.2437703829230629,0.0602998018687393,3
4.565614361458827,2,4,1,14,0.1033370358299872,0.0406670212719002,0
80.4762501528055,1,1,1,21,0.2794271207718307,0.1013666838219617,2
28.92676564217372,3,0,5,22,0.1261751188859713,0.1667021508928684,1
142.2695691639036,0,1,0,8,0.0889506651502755,0.0016975829637737,2
130.2548916314792,3,0,3,17,0.009925039985496,0.2508846096385083,1
1.0,2,1,3,16,0.1011027003552338,0.0639875665466022,1
62.075117321342645,1,2,5,14,0.2811118118679994,0.0281342362205651,3
64.41692307118471,2,1,4,23,0.2144658365352499,0.2594248816082224,1
129.4751524938624,3,0,5,17,0.1222883929875463,0.2237707491368179,1
44.149521888483726,1,2,5,11,0.043523141641617,0.0805826384300178,1
163.62703162927505,1,1,4,8,0.1461390076964117,0.1397893308397225,1
55.93426688386282,3,4,3,19,0.040732019812589,0.0731815450682245,3
172.97690874389707,1,1,4,19,0.0451939693619824,0.1312483383153829,1
119.38906046811935,0,2,1,23,0.1984548749938625,0.2573653706610793,2
99.13633809759136,2,3,0,11,0.0521440113277011,0.1280385674164055,0
207.6243066398659,1,1,0,16,0.0938809034998744,0.25194719505167,2
106.72578357973076,3,0,0,13,0.2660601254549735,0.2185761036034712,0
149.90582443580604,3,2,1,17,0.2428709944202617,0.0698546818929118,0
174.45455080555774,1,0,3,7,0.167017627034898,0.2215637897450517,1
225.26326227367323,2,2,0,15,0.0166009394522294,0.2123545845343272,0
78.29838681154939,0,3,1,13,0.2989058503729563,0.2414960642636754,2
111.53289626041786,1,2,1,14,0.2443960054481005,0.2614772129634766,2
89.09402696745921,2,2,0,23,0.0450602737365215,0.2555331793928748,0
160.96289945483232,3,1,0,11,0.2304003133987986,0.1049567145123737,0
103.17700252511683,3,1,0,17,0.1525110145310396,0.1158466856116117,0
84.74188500285089,2,1,5,13,0.1119056614611814,0.2008184565211563,1
109.73240019529034,0,1,3,17,0.2395620038890114,0.2463848840436354,2
114.40827538210432,1,2,1,13,0.0235982671834102,0.1244190778245333,2
66.78088542520156,3,1,0,13,0.0380100474213388,0.2987303791367657,0
94.46754257845826,0,4,4,20,0.0939152528767756,0.2442292746787223,3
149.23673428756027,3,4,4,20,0.1952797362744568,0.1315334113817287,3
90.81333626165976,3,0,0,7,0.0548388410026406,0.0504842662063905,0
159.0500265501973,3,4,4,19,0.0366924565364884,0.1748517485287487,3
58.65097002081875,0,4,0,22,0.1919377895354555,0.0220180391935532,2
98.16986686525264,1,3,0,6,0.2989886978155977,0.1486076266888569,2
118.27857773190688,3,1,3,10,0.0540762567894848,0.2107994894669577,1
74.16614464830155,3,1,5,19,0.2825162879439603,0.0883346006402771,1
106.6429341333624,0,3,5,16,0.1552963741345515,0.2124576564080347,3
87.50984228323405,2,2,0,21,0.2707993473646533,0.191474033367217,0
165.30307309213632,2,4,0,21,0.1300499655693007,0.091685143135997,0
154.3154377218176,3,1,3,20,0.1462258687286463,0.1281600597083879,0
102.9377693969542,1,2,1,15,0.1132335873990708,0.2431404655854793,2
55.04884431376191,2,1,3,22,0.1771585276334325,0.188533734813817,1
163.10452480129226,3,1,4,17,0.0197381586741553,0.0309016321862833,1
18.29420740814828,3,3,4,16,0.2694666503794288,0.2142551582074781,3
184.6164860338609,0,2,0,18,0.2177002199291557,0.0031974494394701,2
139.0733707123725,2,4,3,12,0.0279058568286406,0.2033251316742691,3
55.60721462613969,1,3,5,23,0.146781547497384,0.1447561177348628,3
180.02812536849797,1,3,0,12,0.2648855273801421,0.089487918740794,2
38.37119726922589,0,2,5,15,0.2398512895627271,0.0330887106206715,3
83.95124153004043,1,4,1,12,0.2586642793135105,0.1478889223125577,2
85.74057766281703,2,3,3,10,0.2218378852048401,0.0069271546146579,3
74.37099481266199,2,4,3,12,0.2817734704373164,0.0303136638513405,3
136.17911429550284,2,3,4,20,0.0885230205306195,0.0559887139764248,3
88.72784362914999,2,0,5,14,0.1706724397400965,0.2509618911626761,1
82.77067321326832,3,1,1,12,0.1056524093040612,0.1463439026788809,0
111.73189979706672,0,4,1,13,0.2105481196865585,0.2216440846590644,2
23.489292708874515,3,2,5,17,0.221927826258066,0.1175269327368881,1
93.27424360883587,2,1,4,17,0.1266671884834411,0.2579902636487425,1
107.08523583269658,0,2,1,19,0.2058632621372134,0.1148550781618101,2
88.21732997423989,0,1,1,10,0.0629613255539358,0.16315460209321,2
80.26087954022867,3,3,3,7,0.1405673092536809,0.0176280584501198,0
74.13185054288836,1,0,0,15,0.0544073141714668,0.170555808342334,2
84.82561202507821,1,2,3,21,0.0783484694045912,0.0591850249985713,3
105.38740673130336,3,3,4,9,0.1378996012534538,0.1480090976486405,3
61.06550184374694,3,1,1,15,0.2661549239527431,0.1070592405813467,0
87.25501922555775,1,0,4,18,0.0370500961390093,0.2523691797320272,1
88.9107399460804,0,4,4,14,0.1415926523705687,0.0692593985419618,3
141.76297835997156,3,3,5,21,0.2463277255421871,0.2018405095119854,3
86.8838201850436,1,3,1,6,0.180108713109613,0.1657253457999606,2
106.4682169139875,3,2,5,9,0.1603426371352337,0.0658456769774411,1
141.04909673689502,1,4,4,19,0.0157396178671389,0.0338233082227397,3
121.82545659600308,0,1,1,20,0.1138313139930707,0.2240804362817668,2
167.03331153016958,2,2,3,23,0.0726336876432262,0.0099228169389272,3
157.9798144687749,2,1,4,11,0.0899725468486509,0.0242488228524609,1
156.15884733008414,2,3,3,13,0.2852685319761381,0.1742337130253103,3
57.506416429673614,0,3,5,15,0.2467982270851582,0.2106400245053505,3
117.27119095202356,0,1,1,18,0.0503687507362694,0.2370317811285537,2
152.42033161174857,1,0,3,12,0.1411601553707835,0.140057533076885,1
85.64350718850645,2,4,0,18,0.0838042121435222,0.1236759398985931,0
124.67580176014393,0,4,1,17,0.035825929383966,0.0046245522337194,2
75.23483786982924,1,0,3,17,0.0676955114103326,0.0929865524311097,1
151.64980395481948,0,0,0,17,0.0750994428025556,0.0890178535948257,2
91.2929641434878,2,3,3,20,0.1830221878700891,0.0858102334907612,3
106.06303311745924,2,2,3,20,0.2960695042686333,0.1333884499867985,3
157.27334932796705,1,1,1,21,0.2008448519655496,0.2951499227178957,2
172.68340870369758,0,0,0,21,0.0927609034306673,0.1558587400731839,2
41.0665381851239,1,2,1,16,0.0732425361299398,0.1236251901335002,2
155.87903661228123,3,2,0,6,0.196873458651363,0.0011990217675046,0
132.16750897848755,2,4,1,16,0.2611217681003079,0.2726120048408998,0
70.52763406801537,0,3,1,6,0.2699506400980384,0.0608479618648466,2
81.03770461143704,0,3,0,16,0.1327338261700888,0.1367923667148999,2
121.19758340316044,0,4,4,17,0.0236833586145729,0.2786162808309216,3
97.68992644455172,2,2,5,19,0.1894783881394612,0.0385509731931929,3
35.163365128998024,3,0,4,15,0.1144031873162718,0.1718284095557702,1
141.11160910196708,2,2,0,9,0.1463445854519019,0.2055416480294076,0
1.0,1,4,3,18,0.1677336015193886,0.1174797145718255,3
67.31227537110618,0,2,0,18,0.2220293106514226,0.1977239500530732,2
107.46669198849006,2,0,3,21,0.1327172961488096,0.1600573992437965,1
117.54352672963572,2,1,1,19,0.0197101683629675,0.0376309340039884,0
21.59696202738756,2,2,5,17,0.2135306048183248,0.0590428892832186,1
117.44409156518358,3,3,4,22,0.0691809918949774,0.1422136126379073,3
154.8335443748065,3,1,0,7,0.0202693807528856,0.101113775097477,0
106.19541228180348,0,2,1,14,0.0702664620103445,0.1199297379380002,2
98.4671947323781,1,1,1,21,0.1389542130199844,0.231211321244492,2
101.53375880353543,0,3,1,22,0.1056680888282794,0.004546444237377,2
50.27203768342643,0,1,4,19,0.1929046584162604,0.1835875184136343,1
91.91428419096977,1,4,5,22,0.2593753699267821,0.1904383506324601,3
122.3946429278962,1,1,3,11,0.0957175069850482,0.0685412867410888,1
84.37238454890229,1,1,1,6,0.0700416672609225,0.1824851253493354,2
145.08425610708397,2,4,0,18,0.2251320699898074,0.0263780632111186,0
98.92992510454008,3,4,5,9,0.2637456922837299,0.154538223612578,3
70.78524851597594,0,4,3,17,0.1914099503651984,0.0786511342094733,3
111.01837744190018,2,0,4,23,0.0891689519033973,0.1231723707379308,1
1.0,1,0,4,16,0.1471498106735341,0.2828075928435881,1
37.07925847175396,0,1,4,13,0.2167249230171899,0.0810992956845748,1
100.29184160170205,0,0,3,10,0.1173535566034165,0.1532104700495043,1
77.48882234816844,3,4,4,14,0.1837415469854714,0.013448710762271,3
97.05267332405232,3,3,4,10,0.2054504620525597,0.297577515502462,3
56.2363950712499,1,3,3,10,0.2405334142583724,0.1197286866832865,3
32.517498501707834,1,2,0,12,0.1817088352090137,0.0005551038293802,2
124.05857787896134,3,4,1,9,0.0934209595868878,0.0790491225058765,0
65.46957292583383,0,2,5,11,0.1277114196496651,0.1792678699748482,1
210.90804527221127,2,4,5,8,0.0441736447391158,0.2104608764150479,3
119.6557328029017,1,3,5,20,0.286451265734262,0.1749992907807692,3
144.4776815539814,1,0,3,6,0.200124580271598,0.0449986662504489,1
78.26284684038376,2,2,1,12,0.2066863342225571,0.27482252796261,0
19.248406393606032,2,2,3,10,0.1668233211759386,0.0111956858841391,1
37.03143625170184,0,4,4,22,0.0951856608617449,0.2401315791324588,3
104.52919617407484,2,2,4,8,0.2686158493810535,0.180445085108539,1
86.38101884573871,3,2,4,14,0.2717582547434891,0.1465122886653748,1
75.5079028996797,1,2,0,13,0.2362285012806486,0.1554633902632948,2
105.43916819269828,1,3,0,14,0.2353069636553828,0.0550187817310825,2
70.68988906963584,1,3,3,19,0.0975612254180663,0.2737671105347998,3
149.84081447694103,2,2,5,13,0.0226040232729915,0.2266765792991024,1
44.12724955529055,0,3,3,21,0.1472961453587785,0.1406311451681845,3
107.7827098549866,2,4,0,17,0.2968060510078424,0.0127715213043141,0
41.23599417018724,0,3,5,8,0.2832006986783326,0.0521780585953517,3
77.86142216569017,1,1,3,8,0.0781397706164959,0.003639615711718,1
82.36575505022093,0,4,3,21,0.0730226774269057,0.0221381333052121,3
1.0,0,1,4,13,0.0844859138414375,0.2493468896058338,1
120.54159815620751,3,2,0,20,0.0636050466610528,0.2053659527114258,0
96.41355090944997,3,2,4,16,0.0918928948322306,0.1056805840489793,1
125.60855596435954,2,2,4,19,0.1410513441253986,0.0290688514809062,3
104.58699379936412,3,3,3,11,0.2817005447421718,0.0434079410289509,0
62.52687683084047,1,4,4,16,0.1950791823592561,0.1194530509785627,3
50.712596274898495,1,3,5,19,0.1132206995624963,0.0353571411103072,3
145.3069459045689,2,0,0,22,0.1660322204294954,0.1494788605264635,0
106.29049767426469,2,3,0,16,0.1691781555803559,0.209119941159993,0
165.0453226773593,1,1,5,14,0.2895078560747667,0.0781398735919307,1
75.23519645594655,2,0,1,23,0.1434345545964915,0.2353009870143072,0
98.4710537617314,2,0,1,15,0.0732761092212254,0.0022425908869093,0
26.476465314784846,2,3,3,14,0.0326608640086622,0.2405267058375657,3
79.8050544567793,1,4,0,16,0.0250563083487088,0.250589640061475,2
99.12513271724472,0,1,1,15,0.1937710913950314,0.0281441377181896,2
109.67326854941196,3,2,0,18,0.2294990587580944,0.0820110748472259,0
42.01896942301006,0,4,4,23,0.0987622963099208,0.0867505900145113,3
30.697572970721357,0,1,4,16,0.1767617525727946,0.0943052246866922,1
205.6259645481401,0,1,4,6,0.1597051031857738,0.1669521214521397,1
200.00538459426676,3,3,4,16,0.0477819390948882,0.0797645547821364,3
81.30429269723948,2,0,4,18,0.2799683049755907,0.1410873543822973,1
125.94575214228227,2,1,1,17,0.1479106405560189,0.0811001293514843,0
28.69431414284477,0,3,4,18,0.1764507203712976,0.089229118477133,3
62.8141957352751,0,0,0,19,0.0005593237720567,0.2876902261883088,2
117.38803241134455,2,4,5,21,0.2718883428379874,0.199214675858094,3
134.94879091723834,1,4,3,15,0.1452313377405961,0.0951124197299882,3
171.34180708778257,2,0,3,19,0.1646645123064175,0.0144252532361335,1
18.86257973387427,1,3,0,8,0.1532081755551295,0.0033821665038066,2
143.43376356695885,2,1,3,23,0.0039489113431942,0.0106588697573609,1
66.09237694012205,0,1,1,10,0.0536753738495808,0.1030767962046946,2
172.4205835061195,3,3,4,18,0.1751446924713764,0.2615915217467406,3
142.42480344500305,0,1,5,7,0.1840934497639713,0.1585734861502116,1
94.6570649605446,3,3,0,23,0.0887919350173578,0.2537638785450993,0
44.51395858533827,3,3,4,23,0.2310878524308973,0.1017957387878314,3
142.6144844726406,1,3,3,8,0.083112566139201,0.038950937076321,3
12.98160871927574,0,0,1,12,0.0424063997656397,0.0169968912395396,2
224.30101231388363,2,3,3,22,0.1867262005178924,0.130418504125878,3
92.70312819433492,3,2,1,7,0.201697334101891,0.0540909701935829,0
164.14237765230104,2,2,5,23,0.0466452310562185,0.0395678363610609,3
54.01865307812214,1,4,5,14,0.2124153031054111,0.1219522511534312,3
89.23760709523042,0,1,4,20,0.0716253850862244,0.0994924767323719,1
80.36246908014601,2,2,1,9,0.0786214196631076,0.1891114945626382,0
204.93661770252123,1,1,1,10,0.2146827581343414,0.1381221166598137,2
166.39855846539547,0,3,1,20,0.0377309738185837,0.0651887306141066,2
108.6280871995442,0,2,1,12,0.0735223554161459,0.0307422123132816,2
58.32157742487306,0,0,5,16,0.0806896576327039,0.0340624704197176,1
121.83662777824176,1,4,1,9,0.0590672011238056,0.205381351727333,2
80.63442308883236,0,2,5,7,0.2284359437133021,0.1829887031372468,1
72.46574367420803,0,0,5,21,0.2131667438704492,0.0382408118149993,1
86.7066707156351,3,3,1,10,0.294200554902799,0.0226987908235361,0
191.7101017928137,3,1,0,7,0.1929489520927691,0.290870950094892,0
99.8893645020122,1,4,3,15,0.1732491055785852,0.1853188716504527,3
39.74554168181228,2,4,3,21,0.1576839578993191,0.0656531893542763,3
124.0162187437524,0,3,0,8,0.154241392442845,0.1004955923837032,2
82.8644689260051,0,0,5,7,0.158756024696082,0.0622136713177099,1
144.82123609537064,1,0,5,8,0.048958608480984,0.1785746263562908,1
70.47479257016177,3,2,1,15,0.0426327100354745,0.2883112930202285,0
103.54359352376812,1,2,4,8,0.2212122305439103,0.17977257820097,1
111.3131658284404,1,3,3,15,0.0817368859440726,0.1978802765766446,3
50.12831306241262,1,0,3,16,0.2851489494921681,0.003196889805327,1
92.0071067082131,0,1,1,23,0.0350871571037663,0.256419300227159,2
142.811965979947,0,4,3,11,0.136716184865734,0.1705961635582192,3
93.55995856053724,1,3,3,6,0.2172367753824262,0.0544609938613295,3
112.57108037023232,2,0,3,10,0.2323428513184627,0.2331850080394928,1
99.4400414270115,0,1,5,10,0.1292563159022117,0.1360531812998274,1
135.28919426020155,2,1,1,8,0.0865984419090084,0.2574393242189559,0
110.54075389795956,3,1,5,10,0.0054022959683606,0.214862170480308,1
120.72513602814333,2,4,0,21,0.0146020767701323,0.2242464229686689,0
148.39868721371676,1,2,1,11,0.1580678569715654,0.1846733008073564,2
80.04965748856795,1,2,3,16,0.23336152320693,0.2731209280649936,1
84.56612951626086,3,1,5,21,0.0955995879672234,0.206751710711301,1
95.10746148924376,1,2,1,10,0.2543515767185961,0.2054632597983817,2
158.08044068285687,3,2,3,17,0.1918876826799551,0.1434757944932433,0
118.40513240784064,0,1,0,9,0.1985709328681529,0.244567570381064,2
97.7997227529087,1,0,0,17,0.038275531035193,0.1406762977735075,2
113.1987154718079,1,4,3,12,0.2780320138142794,0.0238391147518654,3
81.1441063153276,2,4,3,22,0.0442553994860551,0.0187195461117625,3
42.267390754820845,1,3,4,16,0.0563874807875531,0.193728636991886,3
132.50444540408222,3,0,1,8,0.1545048718627102,0.2270834533133045,0
130.34149361412872,1,1,5,13,0.0103790266464227,0.0408441341121039,1
46.266120100844674,3,0,0,10,0.1295982225588869,0.2446594894889076,0
1.0,2,4,3,22,0.0042249501233335,0.0694547895020237,3
72.33789078987894,2,0,0,20,0.0244016251747332,0.0236353193209484,0
178.95447280356038,1,2,0,6,0.1007129866649413,0.2030108447014208,2
16.390724546193397,3,3,5,22,0.1704670870337195,0.0418275559971943,3
148.0880090767675,3,4,3,19,0.1892310034481359,0.1152978727782658,3
163.76404966090655,2,0,5,12,0.2341879027384292,0.0151035046211348,1
110.77998418529334,3,1,1,8,0.1572509938030959,0.1815502471872842,0
79.66123918530553,2,2,1,16,0.2643193876773606,0.180148106923875,0
111.25946123985132,2,4,3,14,0.1643667953142659,0.2379433612865841,3
102.8977584320586,3,3,1,20,0.0858445226600939,0.185342128432342,0
84.27926083166125,2,3,1,9,0.1715183924797927,0.2933940946228282,0
4.733477377453227,0,3,3,10,0.2555203479967497,0.160594725896,2
112.27163621118925,2,4,0,17,0.2323080304662427,0.0699770102743021,0
103.61983239091492,3,0,3,7,0.1900044542580967,0.1801103744242676,1
101.58743788118964,2,2,3,9,0.2624853285110726,0.2122901884416783,1
229.58473606547813,1,0,4,16,0.0749397674023034,0.2025149804887029,1
119.55401748332672,2,3,3,15,0.0222683354311756,0.2201968624263312,3
99.15585100424406,3,0,1,23,0.2252750960183499,0.2563477903361538,0
84.66561818116118,3,2,0,12,0.2567380304378521,0.2266982526890864,0
117.1478133727653,3,3,3,9,0.1661695295016632,0.1274555563705606,0
104.6510644110716,3,0,4,6,0.2964526934631442,0.2232460707954956,1
9.96127706059103,3,4,0,9,0.1218687255062687,0.1941860569412993,0
45.13538651386533,0,1,0,13,0.2932688577807077,0.0934484603945548,2
30.928367373485106,3,1,4,22,0.059293102954721,0.1555476562337415,1
65.2716527318115,2,0,3,7,0.14918190597559,0.1217926577426275,1
107.42251418255267,1,0,1,6,0.235807379908462,0.2178538731315172,2
117.55262404773394,1,0,5,16,0.2928247122704497,0.253666714287505,1
145.46169710914853,0,1,0,7,0.0006358418148935,0.1635892970071223,2
55.45978671276877,3,0,1,6,0.2872679084845219,0.0688003813701627,0
96.06950991233715,3,1,0,7,0.076678970298162,0.2198481723317632,0
140.3180050310413,1,0,0,13,0.0100341189541696,0.1126272776118273,2
101.12007940198566,3,0,5,20,0.1401586331608546,0.1160977689359098,1
68.08483792845581,3,2,3,21,0.215979652587929,0.1279188978886976,0
145.26615480376427,3,4,3,23,0.1590725350837515,0.0621460995928206,3
138.34939656900184,2,2,0,17,0.0728543118433833,0.2686078453847714,0
64.37226730075652,2,4,3,14,0.0473563219669236,0.28967186389235,3
70.42780902302803,3,3,4,11,0.2787083790732644,0.0777046525468825,3
68.80817413186128,1,4,5,15,0.1256469782503941,0.07454001339186,3
166.4370715049625,0,3,4,7,0.0452609483418032,0.0556801788256076,3
37.41982037676279,3,3,3,8,0.2070976936726332,0.2206563779848858,0
48.27643214912312,2,1,0,16,0.1438650051385656,0.1303620823065509,0
132.94245705636217,3,0,4,19,0.2483737033748798,0.2992762392280131,1
44.76368474511626,0,0,4,11,0.0294731326871729,0.1736957763271042,1
24.447298304356707,3,4,5,14,0.2929861856002374,0.0624883615691871,3
114.17392377882544,0,2,4,22,0.2565141725506821,0.2955661547185452,3
187.54205358250135,1,2,4,19,0.0898024112140897,0.2299213115713055,3
141.66393085517166,3,0,5,22,0.0913006118815684,0.1837651814601903,1
86.2677575719081,1,0,4,9,0.2948892466009567,0.015717998908105,1
96.8212861397366,1,1,4,21,0.0935865411902327,0.0314574303930547,1
68.54219069391506,2,4,4,17,0.2384596846354987,0.1326836221506939,3
159.87206882748342,1,4,1,17,0.2281712645379076,0.2307061349187158,2
90.88015063087217,3,1,4,10,0.2033224268849036,0.027748578919945,1
167.1354719472047,3,2,1,8,0.2831880319825155,0.1826513281927068,0
60.63370436559605,0,2,5,13,0.0643972510242872,0.055724244648852,1
114.10034933780304,1,1,5,21,0.0514817210965754,0.1944933194525628,1
87.54747194001565,2,1,4,18,0.1376178308017952,0.0083115322044658,1
152.57905227132468,1,2,5,8,0.0060422753646134,0.1483335812941563,3
26.190127964704544,1,4,0,13,0.0803766221642656,0.2624567043769459,2
69.58008434510998,0,4,5,13,0.2262957014014115,0.1085501598841194,3
173.05128111695487,0,4,4,17,0.1018824790916026,0.19019757408174,3
71.63180971964468,1,1,3,18,0.2475410028046291,0.0556189991065099,1
103.82899656017337,3,3,4,10,0.2102881638154562,0.1842951616901517,3
118.1484646198334,3,2,5,7,0.1635214901778156,0.1294945877697291,1
44.925812151152144,0,0,3,11,0.2503404760122525,0.002507721880284,1
126.0302359080502,1,1,0,19,0.1386050933089319,0.2209865683377758,2
152.1922721086335,2,0,3,14,0.1846658495422219,0.2638549862785011,1
198.00037594077963,0,2,4,13,0.1810158545991364,0.0821601334562005,3
12.401823264720916,3,3,1,9,0.0605054130359629,0.0013237351593282,0
119.70644479460547,1,4,1,22,0.0343677771314109,0.2686199060196941,2
117.91933065640876,3,1,4,23,0.2666201286965224,0.1097485601399947,1
73.63784861321938,1,1,5,23,0.0288191453816776,0.2322942023106932,1
79.42706846047562,0,4,1,13,0.1169270215051503,0.0504975302593973,2
182.9217953504745,0,2,3,16,0.1631630611402358,0.2027107857169374,2
135.905039443701,1,0,4,14,0.1062865041655336,0.1620957345576367,1
41.42477959151911,3,1,4,20,0.155846160788047,0.1971933951991489,1
98.92395027086717,0,0,1,22,0.1303884789871328,0.1467382550411924,2
94.957759081077,2,4,4,15,0.0036442310434115,0.0385143779970645,3
165.84399192342408,1,1,1,21,0.2065643347568415,0.2211107017736798,2
152.62253158070217,3,3,3,18,0.1999885946630038,0.2474358672416933,3
110.9619458745169,0,1,0,16,0.0908316987318023,0.0119138862530854,2
133.77809489524512,2,4,5,22,0.0792934803420243,0.16838574016239,3
166.5079677677364,3,4,3,7,0.2463071715607668,0.0748593315523824,3
1.0,3,2,4,8,0.1278002271495402,0.2384156404099309,1
32.19938642002872,2,2,3,9,0.0692167104343415,0.2796506781416609,1
131.29852374943587,3,4,5,16,0.232296707240328,0.2541274978725065,3
49.918906725480106,3,0,4,7,0.284916257450808,0.1107479119697189,1
145.89715957810557,2,1,5,23,0.2572462463137414,0.0587111415382045,1
180.39271684041236,2,3,5,11,0.1100900722895505,0.1584142267180008,3
51.48502519529921,3,4,3,18,0.2209786281193285,0.1180697435193482,3
148.39061054022676,3,3,3,9,0.1061854043984164,0.1020407045821252,0
52.69850868245194,1,3,1,14,0.0571045454470663,0.2822786075948504,2
58.05157801779112,0,3,4,22,0.2430162771701639,0.079706588862719,3
1.0,2,2,4,12,0.2259795291004107,0.1992633652901315,1
73.37705079658014,3,0,1,18,0.1364405242755955,0.2290431901373696,0
111.26292267475492,1,1,5,7,0.2465477379475098,0.1537760969739815,1
2.551818089071233,3,3,4,20,0.2438666408055077,0.1759731113380678,3
20.691556652956663,0,1,0,12,0.2985862140672423,0.2704481594719486,2
188.1063831539545,2,3,3,6,0.0158155047260129,0.0451849522793831,3
74.26785959493935,1,1,0,6,0.2285035894010461,0.0553082475866662,2
1.0,3,2,0,20,0.0174310586412951,0.1051185767031512,0
86.06455378901764,3,1,1,17,0.2437292058671219,0.0893988218874638,0
44.36477024967495,2,4,5,12,0.1967959648131521,0.0304905680097748,3
79.24768456952253,2,1,3,11,0.2686325387285375,0.1761495228797058,1
52.75651138521227,1,1,4,16,0.1343371594009627,0.1506595690888708,1
81.77729325255292,2,2,3,17,0.2194368782751761,0.1669580361174529,1
146.30872633425685,2,0,1,10,0.0380678740070055,0.0450699130138609,0
61.07086771269215,1,3,3,16,0.2697774652050988,0.1954835709296548,3
24.78766644775895,3,3,1,23,0.2711203751963141,0.1631307230674802,0
42.87023652563685,1,0,1,20,0.032349349639016,0.279392080857179,2
77.9718233030053,0,1,1,16,0.1725720469349428,0.21888033429209,2
228.8527164785016,1,2,0,12,0.2249719164741803,0.1211367160471937,2
114.870034569555,0,0,1,12,0.2516664252067354,0.0940449114385717,2
125.0374182988421,3,4,3,10,0.2707437421310283,0.1935752095375862,3
98.5575139932866,0,4,3,11,0.0794892393812684,0.1982445539630151,3
58.035523164576055,1,3,3,7,0.0264638002622427,0.2392229243803284,3
110.93057432673528,0,3,4,21,0.0535904478428805,0.2609512071285102,3
126.93885634594749,1,3,5,12,0.1306733488326568,0.2725789756765979,3
57.45107853735231,0,2,4,20,0.1859427913970729,0.0308805111574639,3
119.56687904223112,0,0,1,11,0.0228472004284277,0.184135317498177,2
92.45316915780036,0,1,1,7,0.0446077525290008,0.2059752520749024,2
126.60161627113332,1,4,5,9,0.2478112451472685,0.1558348510973097,3
115.91864697573332,0,3,0,21,0.0859012684132066,0.0612484273306845,2
179.03635211992582,0,0,4,21,0.2481916726607305,0.1317540324341868,1
85.26444805779094,2,1,4,19,0.1637699513439922,0.2778166988094023,1
1.0,2,4,4,7,0.2494434191168637,0.0764714736394434,3
61.04737978466548,2,2,1,20,0.0089563577108186,0.0058232102443898,0
55.40403669226637,1,0,5,22,0.0801024746871412,0.1932177996689706,1
92.59032293087424,0,2,0,13,0.1009481226556517,0.2944410225706838,2
116.35053649878064,1,0,4,10,0.091781615729108,0.1210212420424265,1
88.95498745394465,2,1,1,15,0.2439200607597698,0.2757243173543137,0
168.87737614732873,2,0,5,7,0.2923288582324966,0.0011850472504267,1
88.99089429792991,1,0,3,15,0.2205639049102716,0.1317609532835655,1
137.04523165255634,2,1,1,13,0.0444097464000553,0.2598459550576069,0
103.71247911254324,0,1,5,10,0.1138185349205595,0.118273195434542,1
45.386091798440845,2,2,0,23,0.1110288959886296,0.172677760618998,0
195.4648525313232,2,4,0,19,0.1195688295618923,0.0441823636698032,0
12.713204271170184,1,0,5,21,0.0100121714790219,0.0612520541274785,1
161.02355615933612,3,3,3,18,0.127821808966348,0.2217152434713466,3
235.8476517169421,1,4,3,11,0.1916120107345395,0.0324401105970036,3
92.6319932621856,3,4,5,8,0.1423401788469665,0.0277494408267523,3
209.6801307805036,0,4,4,20,0.0377211574520229,0.0452367111090357,3
81.86985831601524,3,0,0,17,0.233388939217373,0.1005314119023488,0
107.66723838010574,2,1,1,22,0.1438421134552809,0.2022216031419353,0
71.36864986522441,3,1,0,9,0.1277603625867767,0.1673093653720189,0
18.82064571825808,0,4,4,8,0.0748770675669403,0.1873857222211285,3
148.2300878651847,1,2,1,16,0.2155059797603519,0.0428240331940216,2
77.74982587311327,1,2,4,9,0.0780992816164254,0.2916217106548976,1
109.8495578058396,2,2,5,21,0.0143044668514524,0.0961073735508744,3
155.98502002868125,1,3,3,14,0.2573647666125584,0.1081748724850225,3
122.65615543552424,3,0,1,7,0.1117234211995327,0.1765093403721201,0
61.35832699818505,1,0,3,14,0.0863702230724592,0.1503986158084979,1
102.57895447631851,0,2,3,23,0.2477659016044029,0.0737488133702731,2
114.0687066967626,2,2,5,14,0.2142745148075203,0.0195991446785679,3
98.03093510524258,2,2,4,18,0.0113650823325972,0.1664179663690023,1
22.252558828292536,1,2,0,15,0.021431628813487,0.0633683594364245,2
119.84841456625212,1,1,0,11,0.2139677886885874,0.138367986399469,2
161.81175619632697,3,1,4,7,0.2405012099522031,0.1170680870136626,1
67.63113646760169,3,2,1,13,0.1547355611659108,0.1418809478899213,0
61.822970646206784,2,2,1,12,0.0762805542668533,0.0124743938138265,0
1.0,2,1,4,14,0.0143600568821258,0.0547340154973129,1
86.36697798875416,1,1,0,7,0.0865748100079542,0.0031932032019286,2
20.83472051864419,0,4,4,12,0.192356849977248,0.2147556499566331,3
93.74597340149916,0,1,5,12,0.2188300129777955,0.0383103590499457,1
102.16859783416749,2,0,0,6,0.0158378984428794,0.0731619551911248,0
76.75883224364493,2,4,0,19,0.2575477128822641,0.1098813883227526,0
1.0,0,2,5,22,0.0830727640197745,0.2413343727908374,1
72.11107600769616,3,4,4,12,0.0674646481955251,0.1907748938560495,3
80.11745929022803,3,1,0,11,0.2947314103530966,0.0745429924150975,0
121.06635347578003,1,2,0,12,0.0870621523625559,0.1939135828933663,2
169.52397386023242,2,1,0,17,0.225403154142621,0.2062657693194124,0
103.7947315920046,1,0,1,6,0.1628133488603322,0.0662894216147837,2
52.4622505708022,2,0,0,10,0.2343565650295421,0.2325933857692326,0
109.14008563653704,1,1,3,14,0.2344496977430235,0.1540277807367875,1
65.08898393892103,0,4,5,8,0.2957080364508968,0.1409723497999409,3
85.54378516077495,0,4,1,17,0.1794096883783702,0.0990180698653597,2
82.1536573102574,3,3,0,9,0.2713814549021305,0.161588773258141,0
162.53540591345757,1,4,4,8,0.2908329520289949,0.0290260757313958,3
40.178589744939664,0,0,3,8,0.0776595124467359,0.2916896303610073,1
112.7203439373326,0,0,1,15,0.2218416973764958,0.1687775609481564,2
29.899075217606168,1,2,5,14,0.1982690619676166,0.200525594323475,1
1.0,3,2,4,17,0.0873003264647945,0.0552630441647613,1
96.65138201387391,3,0,0,13,0.2470042508753645,0.2569422151086961,0
110.71412458690656,2,1,1,9,0.0839893477400689,0.2083350084027894,0
115.90340814306238,1,4,4,8,0.2860066849119969,0.2404537722238544,3
77.11405259805909,3,2,5,16,0.2640498624669249,0.0267084427277324,3
78.59903721456492,0,3,4,16,0.0528071329101279,0.2512990934012317,3
59.90832065401141,2,4,4,22,0.0244351698494592,0.2498751693988749,3
78.3646186031457,0,0,4,19,0.1911828717681439,0.0162109273762079,1
151.8098875506055,0,2,4,10,0.2358989883837324,0.0738487823978254,3
159.3230518665162,0,3,5,13,0.189414208693727,0.1433439205102495,3
111.94566202206936,2,0,5,19,0.1326061694562082,0.1425074402182232,1
46.31617522163748,2,2,5,6,0.0131189771681634,0.0762766890062603,1
86.42208481030826,0,4,5,15,0.1795108731098427,0.0408579958610759,3
60.80747076726414,1,0,3,8,0.0104713065433774,0.1977826621760657,1
58.19024309202101,2,0,5,13,0.1118244019376142,0.0421802885727791,1
159.68868291317918,0,3,3,21,0.2560598762320996,0.0372099875130772,3
74.45875905679407,1,1,0,14,0.1273725188855239,0.006927475744266,2
10.989491509203615,0,4,5,8,0.192743037935554,0.0251143009140729,3
186.2519294899008,2,4,1,19,0.0549541960446092,0.1151682389589854,0
142.4268973670994,1,4,3,15,0.1424783217987517,0.2949400750954116,3
118.8614793297423,1,3,4,13,0.1693018694911204,0.2836321435607186,3
62.95314431584387,0,4,0,6,0.0269661554350409,0.2323689290364108,2
150.12522274410193,3,0,1,23,0.1719642669231598,0.0864758874371916,0
49.87271838052389,1,1,5,12,0.1908410804587146,0.0589071126491875,1
57.3956557939853,1,2,5,6,0.0952567789224296,0.0922500720249373,1
146.33542365048572,0,2,4,13,0.1786021284909207,0.2545625770428664,3
106.53716729560652,0,4,3,20,0.2085604734603379,0.2250680820380326,3
107.81331208097484,3,4,0,12,0.0642287575852369,0.1872178423031073,0
127.0946410237953,2,0,5,10,0.2178688703854197,0.1969735712490659,1
85.01736121675937,1,1,0,7,0.1767540494356154,0.0538371489608265,2
68.16024492252214,3,0,3,9,0.2425643812061025,0.2376515009367581,1
82.52465615206148,3,3,5,13,0.2857183321590343,0.0561182649374,3
120.9284663114724,1,1,5,10,0.027749649713788,0.2595864582649956,1
44.02208127642231,0,4,5,13,0.0513878960249931,0.0639057227899143,3
68.32732790581503,3,1,3,16,0.2743382144851156,0.2419808759014441,1
10.133251103336534,0,2,5,13,0.1612273017050935,0.2324022695325923,1
133.30124277724693,3,4,0,14,0.0066411382593738,0.1127340694032373,0
153.8746905573082,2,0,0,17,0.0692806559739594,0.1085446203928156,0
104.23038718564722,0,1,1,12,0.2996042833775748,0.1399319175660195,2
4.975514699112992,0,0,0,10,0.1585831504507991,0.0812518430557076,2
16.838276038025526,3,0,1,17,0.2198286783999385,0.1640402372357539,0
90.92628988219658,0,1,4,14,0.1305380844906089,0.1732779465591964,1
128.4950698221321,3,2,3,6,0.127815568556561,0.2896829519155658,0
51.63594448526882,1,0,3,22,0.1162797843560175,0.053450520629538,1
113.81654215005278,0,1,4,22,0.2284959809216674,0.2073230469304037,1
16.582755594563707,0,4,0,18,0.1572580325705262,0.0089819349000478,2
154.33167709207652,0,3,3,20,0.2029816506971293,0.1481049809315454,3
131.85259198043792,0,4,5,11,0.1079535119208765,0.2444792737033625,3
209.0784540484104,1,2,5,6,0.1028754584068993,0.2015700239851538,3
71.88971518898681,0,4,1,18,0.1919594746720394,0.2267030982503921,2
107.67995676270831,0,2,5,20,0.0248376500390802,0.2444185327949036,3
163.6832527065219,0,2,5,19,0.0962878404046948,0.1663870774340043,3
94.7145959512156,0,4,3,16,0.2716734067038929,0.1219802556772942,3
42.887987400777824,0,4,5,22,0.0535399932180227,0.0678667311582447,3
82.22928479357263,0,3,3,6,0.1956105228325415,0.0720220016426113,2
100.0280927734605,1,2,5,13,0.1428715555410366,0.1449564071820188,1
148.0683244024964,3,0,4,13,0.0190472757801757,0.173309983087063,1
175.24710945576027,1,0,5,7,0.1481671962168495,0.1524876981146441,1
98.38236231646528,1,3,5,12,0.1877778434116414,0.0733178902555639,3
120.6740807939781,3,2,1,15,0.1276176123563243,0.2914483541303196,0
85.30023956982157,1,0,1,7,0.0879320932802321,0.1563835227632525,2
69.15836995114162,1,0,1,21,0.22929435363937,0.223866574727141,2
151.76982249023715,0,0,5,13,0.2373548249401227,0.0201138759223259,1
109.92207642654276,1,1,4,10,0.0385460024422519,0.007507092239438,1
74.33354066612478,3,3,5,7,0.2882616519894396,0.2857874806948551,3
155.36590932579668,3,0,5,17,0.1734784118238264,0.1000853527348466,1
174.74114499461632,3,4,4,15,0.1778092559946135,0.2093926335361174,3
151.68985957570357,2,3,1,21,0.281507108354909,0.2808880526774944,0
110.72642847486256,2,0,0,11,0.000732054672068,0.056656652230001,0
111.2705071314996,1,0,4,14,0.124795646589219,0.0514481587162415,1
87.84609719603961,1,0,0,15,0.0955944508627148,0.1322821433336735,2
25.83758410510626,2,3,1,19,0.2425021310704619,0.1860189625658411,0
52.21809076528785,2,1,1,23,0.1549875992112079,0.1073110962526438,0
78.46753736230869,1,4,0,6,0.1886494728041715,0.0407676682727657,2
1.0,0,2,0,7,0.0461932701641317,0.0964858632977413,2
166.8696997456841,0,1,1,9,0.0904430372579081,0.0328928142834082,2
150.27251675390391,3,3,0,22,0.1515474154885475,0.0083240706966519,0
53.73318142807364,1,4,0,13,0.1978298637656916,0.0758220447522507,2
115.03745085903978,0,3,5,14,0.2587068912932286,0.0013088570746903,3
94.9048814112286,3,0,1,8,0.0230924616234592,0.037568080623534,0
81.2390384933051,3,3,3,16,0.0989753720904311,0.214209875954752,0
142.79466527026068,3,3,0,9,0.1581668947967705,0.0880421708317365,0
185.59034337647523,0,3,5,17,0.0296443702741998,0.2398045830109382,3
98.4979421625919,1,1,0,21,0.2153869965948998,0.2445455433132213,2
167.87306828416496,3,1,4,8,0.1479438278737678,0.0083708841227929,1
32.21753483659907,2,2,4,17,0.0064421158210609,0.1057496415285217,1
130.209827457485,0,3,3,22,0.0800466745848407,0.2347792323168665,3
141.82600780194912,0,1,5,16,0.1104793353727646,0.0231273183615896,1
48.37675120159487,2,2,3,12,0.2339761280512388,0.2431476921430888,1
119.08185338510174,0,0,5,14,0.2460691587767416,0.0317886154591209,1
74.84018057913153,0,2,1,18,0.1603707228257157,0.286099949489485,2
114.15747477592096,2,1,5,9,0.1609352761765776,0.1846293741097433,1
169.23152290882717,1,4,5,20,0.2183808382080475,0.0661575314527258,3
75.01932033886338,0,3,3,14,0.067428562175341,0.2072395961841351,2
124.8865054779496,0,3,4,20,0.1590992206439122,0.2034180495234204,3
139.10473055097805,1,3,0,10,0.2569038415448042,0.1333238192750713,2
115.97770506099386,2,2,3,10,0.1182477988108005,0.1347149800815454,1
69.16636574608857,0,2,5,18,0.2018789194522901,0.2676603210856308,1
108.47140419544743,2,1,5,20,0.0209668140213102,0.1008928734801842,1
160.5010655722872,3,3,1,23,0.0158787743892528,0.2045293348596692,0
133.47426775873586,2,3,5,21,0.0735131541966619,0.1216322721148422,3
49.113352995526974,0,3,0,11,0.1913241913941845,0.0317359412431754,2
96.25796819367044,2,2,5,8,0.0604518381353929,0.1633577226126196,1
113.7001951221379,2,0,3,21,0.1325629272062284,0.2223118906953604,1
159.94234378083743,1,0,3,22,0.2001954760963531,0.1536903394835325,1
98.06426155267448,3,3,0,19,0.050695099589631,0.2255946427780932,0
143.33873325923065,1,0,5,19,0.1364657521758562,0.1323274482428403,1
168.7388644460476,0,2,5,14,0.0074587900847191,0.1706698926591815,3
195.11415701769857,1,4,4,17,0.0873012664949257,0.2290625677586722,3
40.30228889773835,0,2,5,9,0.0951370277836285,0.2258555372566369,1
141.33514871907403,1,0,3,19,0.0884580336690151,0.1281263503146736,1
80.566080327318,2,2,4,10,0.0044415752141079,0.1283811878141644,1
142.08036018791955,3,1,5,15,0.0414916990509002,0.0917074785858778,1
88.80563723218947,0,4,0,13,0.2190879325511038,0.1638173811853624,2
86.42974699177516,3,4,4,19,0.1562938363185732,0.1220285567678167,3
89.05570381719167,1,2,3,22,0.0052437800874326,0.1616515432606361,3
23.86427451047473,3,3,0,11,0.1058343707887721,0.2365783016944171,0
140.82845119855173,0,0,1,15,0.1728730820436928,0.2795768298589212,2
139.4913035208843,3,3,4,8,0.0144501667823395,0.0618792128491213,3
109.66521990529964,1,2,1,15,0.258433650662058,0.2342032172349809,2
60.92477683630283,2,2,0,7,0.2161537946387892,0.07086728408173,0
72.32373158232222,0,0,1,14,0.2319579734503834,0.1520916492128292,2
89.1542504786731,2,3,1,12,0.2777799839339516,0.0561421617975795,0
34.99088783451464,3,4,4,8,0.0496096184596174,0.1003769374190827,3
124.45843169184351,2,2,0,13,0.0399841150994004,0.0973594935330453,0
144.5535270455246,3,1,3,15,0.230651660793315,0.1656625672822359,0
124.43065482082288,0,4,0,13,0.1681935936022393,0.1826511080893633,2
75.96117192476981,3,0,0,11,0.1961038227340592,0.1401436624808716,0
202.0595251597043,0,0,5,8,0.1890351862623257,0.1124786588637115,1
111.0274453447611,0,1,0,15,0.1328259113909544,0.0642585634804394,2
33.77667180546939,0,0,3,12,0.293691052240596,0.2829474860860486,1
209.25134643222148,2,3,1,21,0.1269800972217592,0.1021332769623546,0
104.43031953623743,3,2,5,11,0.0244972625540187,0.2207797374820066,1
18.216051549988904,2,1,0,13,0.0518183828761152,0.0407643281241938,0
1.299609886717917,1,1,5,19,0.1993026699602247,0.277136860135617,1
79.38266532882963,0,2,0,11,0.0336494260435636,0.0622356013292053,2
210.5701787965101,2,1,0,14,0.0197804944574317,0.0394463652458637,0
151.88583078355586,1,2,0,6,0.0008851385098443,0.2425587786550923,2
93.97147716153928,3,1,0,19,0.093928171859859,0.1178726691199958,0
106.27544372410938,1,1,0,8,0.0947554479475368,0.1243468875879253,2
56.149941863404464,3,3,0,13,0.0588046330520412,0.0191338463229059,0
187.58981085353,0,4,1,10,0.0096633727251943,0.1158946926284141,2
18.92449542055836,3,2,1,20,0.1746209711946335,0.002245279533952,0
187.77624900350435,3,3,1,16,0.0809971709550874,0.0446202599917949,0
15.401939015621252,1,1,5,15,0.0678693623335946,0.1946030990667416,1
148.4475326126085,3,0,4,22,0.0434269174731246,0.0183311654511434,1
170.56484329798195,2,3,1,23,0.2772601253354709,0.1427234341462072,0
36.56540115784135,0,1,5,19,0.2911599964608391,0.1378105223992257,1
140.19646397924373,2,0,5,16,0.2315856205208613,0.1267081990938585,1
48.496205875945606,0,1,4,16,0.0941149961026342,0.1336027497300774,1
109.34167363804758,2,3,3,6,0.2744617972982605,0.0981963935100489,3
92.12893331132943,0,0,1,14,0.2286030835652322,0.169199404699331,2
132.4239663348623,1,2,0,17,0.0205359920048578,0.1758641318372079,2
119.51392385297731,3,3,5,15,0.1373500486666593,0.129030088949017,3
8.709712905350557,3,4,5,17,0.1398572573909779,0.0712848398174445,3
15.747055129122389,0,3,1,18,0.1857812019084746,0.1666654378983987,2
111.5556635524756,1,3,4,20,0.0470525327107503,0.24513077223773,3
118.74664342238412,3,1,4,19,0.1013238824920748,0.0500699244542758,1
91.70536585768085,0,0,4,8,0.2694880806859152,0.1649188600532874,1
103.70020059714328,1,4,1,15,0.2409526260592123,0.2593898687390902,2
90.02781420559724,0,1,1,13,0.135202220110305,0.037779869356903,2
106.75265829061132,2,2,4,13,0.1289553041120405,0.276516403518971,1
142.37078565750497,0,0,5,17,0.1458701122158961,0.2883070713333688,1
103.7894343926934,2,0,5,21,0.2347583722070897,0.0824020227885623,1
1.0,3,4,0,12,0.1892821972031678,0.1786255719849865,0
51.11088776601272,1,4,1,19,0.2996281362017911,0.0366568119786794,2
184.32980680110936,3,4,5,12,0.271965956585936,0.2956761483341159,3
94.3257304581685,0,0,0,14,0.0618939609833055,0.284534151498612,2
108.12492551245444,3,1,1,7,0.2588233859012271,0.0463861631603292,0
16.063861882573676,2,1,1,12,0.0659367415468779,0.0788333576469212,0
204.8847594502663,1,1,1,14,0.2937840363357985,0.2943310987463454,2
94.2639244103042,2,2,5,16,0.2262544820867783,0.0338807199372327,3
116.2772907661036,3,2,3,22,0.1849371518587296,0.0862527600142064,0
52.412776335414,1,0,3,12,0.0529633304139144,0.077047726704319,1
108.34798071978967,1,3,1,20,0.0972726393769371,0.0137658151444503,2
36.08435898230906,0,0,5,22,0.052533103638309,0.1407558883701199,1
151.46988090676606,2,1,4,20,0.1265984391713343,0.2640581474927931,1
139.44850625234602,2,1,0,8,0.0924429970064272,0.1072369572631332,0
126.58986992403112,3,3,5,6,0.1452198033302216,0.2172420433092779,3
124.28579206769984,0,3,5,13,0.0088395318020935,0.0749898958214406,3
170.05520327320409,2,3,5,21,0.0876504740033553,0.2340316460660897,3
72.46416059407125,1,2,0,6,0.0042821702924073,0.1759666077132539,2
101.12564871988636,1,2,1,7,0.2437135864452831,0.2500624678292832,2
49.29193673725163,1,1,5,16,0.217304513358799,0.145287697496813,1
114.5283792794329,2,3,1,16,0.1887045660652894,0.0758162576144689,0
118.84918504632978,0,4,4,21,0.2955860782033535,0.2146424448165068,3
59.129746279755146,2,0,5,20,0.1990985898526509,0.0265448181566041,1
209.1557428216061,1,3,4,16,0.2109294774834783,0.0850976429682523,3
145.32122937005212,2,0,0,19,0.2406430113039707,0.1216124514171701,0
26.346217846769303,2,3,4,18,0.1443351055382368,0.2801438260810284,3
45.94939651187199,2,1,5,9,0.0739679630985019,0.2833307165689319,1
124.01755810622264,1,3,5,7,0.2283733638904655,0.2444620978125354,3
131.6518363125263,0,2,0,20,0.0304365180918402,0.0742160479552316,2
106.51195419247696,2,0,3,14,0.1415333352486332,0.2542664164067992,1
102.8698453979372,0,1,0,21,0.2163676721015027,0.2021434263297059,2
97.85977512159538,3,1,5,15,0.2609616709237924,0.1050836297272903,1
93.87428800775972,2,3,5,14,0.0297682327826595,0.0595758542614157,3
55.06887848746235,3,0,3,11,0.2861036347060534,0.2550853999934885,1
110.00003329158304,3,4,4,9,0.050419507543861,0.0433836364601208,3
188.18096038753956,1,3,1,7,0.1041815667638514,0.10874295558021,2
104.18496993077548,3,2,5,13,0.2884330106150644,0.0232008632589977,3
34.26132746402732,1,0,3,23,0.1767321739913329,0.1998567009076503,1
101.67973166634248,2,3,0,20,0.2316142828402888,0.0894139884303629,0
62.54236725664695,1,3,4,7,0.2284529827061206,0.2715285591786255,3
130.6120900723888,3,3,0,7,0.0648491336804412,0.0199204305499903,0
141.71313789447686,2,3,3,20,0.1257962242585907,0.0890497422347326,3
121.4410503006074,1,4,0,13,0.21021467698005,0.271096150482462,2
139.80899474881173,2,4,4,16,0.24559931267809,0.1025356008132722,3
78.92688513189012,2,1,3,13,0.2655197740035959,0.0089816070992514,1
17.9882066668265,3,0,4,21,0.0254103557623882,0.2460772014548474,1
107.00374239799136,1,4,0,17,0.2235081780817543,0.1106914192354067,2
92.65066749175097,0,2,1,23,0.1884842944128661,0.2268065596593982,2
113.41328547661008,1,2,5,22,0.0767512272401487,0.0340320621434517,3
57.38159379789996,2,3,4,23,0.2689745024185972,0.2923057405239562,3
110.17623776074356,2,1,0,7,0.1745389033648157,0.19974747117257,0
52.79362217687898,1,3,1,11,0.1988176305628935,0.2294714719349919,2
117.74369014680232,0,1,1,14,0.2945062655276478,0.1478468360639719,2
105.32674835268902,3,2,0,17,0.201585705152356,0.0181404014170541,0
98.71415175564488,2,3,1,8,0.0306602681986124,0.0595505706469716,0
75.6321317008017,3,2,5,16,0.036875547081993,0.1396863776981106,1
188.04156699688667,3,4,3,18,0.223443090474832,0.2739567986403489,3
99.4410442261059,1,4,4,17,0.166045903340978,0.0957871006657921,3
137.77576302642512,3,4,4,22,0.0485076448037922,0.2839105275847013,3
137.0362841491321,3,1,3,10,0.0135252593511669,0.0843127617811256,0
150.52209414132682,3,1,1,12,0.1778653351639854,0.0936760826796932,0
82.76693570189909,1,3,1,21,0.0674924399060796,0.1670630780439632,2
37.49556624530384,2,3,0,23,0.0558523785900186,0.2779891965509429,0
157.4857664613315,3,0,5,9,0.2893945286013946,0.1780957782252133,1
75.28471993568226,0,0,5,15,0.2644844707697669,0.175669044049116,1
35.35093238824062,0,4,4,17,0.2545299317439266,0.1706503529848974,3
81.8863508253693,1,4,5,7,0.1771374464530357,0.1695212588049126,3
83.57796313355931,1,1,0,10,0.0249428702454807,0.2846670564888217,2
90.13161964952552,1,0,0,21,0.0044486863078895,0.204479402127346,2
85.51154516355155,0,2,3,6,0.2759497368880073,0.0957955694900934,2
122.30062553642688,3,2,0,17,0.0702419373547981,0.1463984384725966,0
168.84429430879248,3,0,5,11,0.1787001423475322,0.1474611835801691,1
34.012959098300286,3,2,3,8,0.1382296289021355,0.176762463826134,0
99.70317867655974,2,3,3,22,0.1451499095830739,0.1357151421479819,3
153.25514343660188,1,1,5,13,0.189494208053758,0.2710671170310353,1
161.68936384798025,1,0,1,11,0.2314894776504741,0.2284177502698176,2
111.08853912206928,3,2,1,15,0.0453553926681714,0.0446635672830535,0
173.0621113623097,2,4,0,21,0.1765498051687695,0.1452223161545409,0
125.17170539234554,3,2,3,6,0.2660682191054714,0.085420954663954,0
94.68956541405004,2,1,0,8,0.2043060437125888,0.0087959047253584,0
110.67805998446228,0,3,3,14,0.1146855631970519,0.1180969208548249,3
69.17315364358723,0,4,5,22,0.0236790654643249,0.0415349631579164,3
42.5256181710759,2,2,0,8,0.0693374556418322,0.150532579713566,0
16.789536364973358,2,3,1,19,0.2887264051820507,0.2745945727548603,0
135.60949592516383,3,2,4,18,0.153456660836595,0.2950579808925502,1
116.89129579659942,3,4,0,8,0.0828857896461341,0.0650098089615466,0
162.8542446052673,2,2,3,18,0.1557644951388601,0.166355108258641,3
175.2660759986282,1,3,0,19,0.0449306132000012,0.1524805855157608,2
182.9709749429105,2,0,4,17,0.1164042191863525,0.0368158454419501,1
113.68798527319768,1,2,1,14,0.0295441858255689,0.2884204179746938,2
7.898441138046564,3,3,1,16,0.0244636448285968,0.0149672621251297,0
195.0932306625495,2,2,4,22,0.1835929184075947,0.2042358088691538,3
106.47610391349428,0,2,1,7,0.106710463016997,0.2571916251123326,2
158.88531771775092,0,3,0,6,0.040573664078498,0.2114432723773558,2
172.3315704900865,1,1,4,13,0.0193593195605818,0.0257243131098807,1
61.52032677488464,3,1,3,6,0.1104455482174805,0.007310575336031,1
78.96274255509664,0,2,0,15,0.037475306184818,0.0858191287611693,2
182.94701517157824,1,2,0,9,0.0359488647955005,0.2491934603719506,2
51.09558118757752,1,2,0,23,0.2450561844463093,0.1349320067979343,2
83.66013285503547,2,0,1,8,0.2337328030360504,0.1376935775387182,0
129.01595886297753,1,4,0,17,0.0378340848285947,0.2953997070657058,2
196.4545700609285,0,0,1,10,0.2289609937670549,0.0261126946957588,2
35.8943094433468,3,1,1,22,0.1979602915034484,0.1103386649161059,0
116.849692004828,0,2,4,19,0.2318546018734073,0.0181448127229222,3
49.304793350351474,2,1,4,21,0.0398678277083941,0.2015600919154887,1
111.92325701618972,2,3,1,7,0.2763236513746036,0.1294879605750914,0
198.29729260032752,3,4,1,18,0.0311431306832849,0.2706065327362298,0
193.06286869902647,1,2,3,12,0.1399473005167972,0.1706058125946373,3
199.5447316472104,2,4,1,18,0.1491219682714577,0.1108979421275714,0
91.05082793041548,1,4,0,16,0.262840973751849,0.0153145295396816,2
66.30393111684793,3,1,4,13,0.1299687664396048,0.0830804819487873,1
144.76026175093125,3,0,3,19,0.0659279818232548,0.2113863511288795,1
110.05274936552848,0,2,3,10,0.2152437952603797,0.0382823641314634,2
36.49966161045566,2,3,3,6,0.2920249725042298,0.1675941726082255,3
130.74154838388446,2,0,4,15,0.2405383717080051,0.2020203101540038,1
53.62449076450703,3,0,4,13,0.2213681252264873,0.131882664263432,1
49.20201684027163,0,0,1,18,0.0512813508928173,0.291649268053996,2
162.82520589700556,1,3,5,15,0.0922966377067246,0.2699085115166941,3
103.40614250703258,3,3,1,14,0.1262128486008734,0.0325988558308933,0
125.16301132627528,1,4,4,19,0.0093424455857683,0.2604209955255364,3
136.25800667017012,3,1,3,11,0.0243732873980416,0.0978642021353502,0
98.44322308423622,3,4,5,20,0.2190805900803006,0.0026078428890524,3
150.96716336243426,2,3,4,22,0.2158688833704359,0.1890307900935004,3
35.091773323363185,3,2,3,11,0.2925682598609903,0.0736187477555826,0
93.68170009719309,3,2,4,11,0.2578469278551498,0.1267212814602624,1
87.90401706314181,0,1,5,13,0.1477726618660449,0.2313612167005744,1
147.6008272664654,1,0,5,14,0.1632424385219372,0.0549361042318455,1
82.57011417325855,3,3,0,20,0.0511422312342747,0.1481446957129197,0
150.67009654825202,0,1,5,19,0.2498271330468571,0.1935442631677742,1
91.4612083898961,3,0,0,14,0.1155782436779809,0.0679408369344289,0
114.51304027017748,0,4,1,13,0.1646014779575943,0.1527686946376393,2
112.80123724509372,1,1,3,8,0.0583867394082234,0.2145539595657745,1
110.76193065938506,3,1,1,10,0.0939382340926414,0.2789795578689512,0
119.57383603855769,3,4,4,18,0.1458929396993155,0.2393052004994519,3
138.61680201471546,0,2,5,7,0.0292835641257646,0.1875632607253795,1
75.49107459314996,2,3,4,17,0.0397301788488236,0.1774282849632508,3
193.9593942536565,2,2,1,23,0.1350265782601572,0.2193849750510602,0
72.8208928226595,3,1,5,12,0.103333812806644,0.246208735458512,1
95.20643468687348,1,3,1,21,0.0146117790664502,0.162822423179991,2
180.0247532905529,2,1,3,12,0.225879542601415,0.1378798303965384,1
86.42444084480574,0,1,1,13,0.175495943720763,0.0113985350247939,2
133.8937093187668,2,2,5,23,0.0706713426322743,0.0187905340232005,3
64.09006197471192,3,0,0,23,0.2062247914609921,0.112796262533851,0
131.7141966591119,2,2,3,21,0.2682790993063831,0.2704442631652285,3
173.78663394961723,1,4,5,20,0.0111351985502658,0.1489037884082722,3
82.39318920894789,2,1,3,7,0.1097014619878681,0.2215752719017299,1
152.63844698057926,0,3,0,12,0.2198580982302941,0.0170620818710848,2
13.834843984036524,0,4,5,20,0.2471925527331588,0.2286865414482284,3
42.25885661368589,3,4,0,18,0.298352929951921,0.0280356602198265,0
56.77541941216813,2,3,0,18,0.2573992456898998,0.1252608638764558,0
186.7216545893693,2,0,1,18,0.1871314806925406,0.2590184199551702,0
156.63510866080557,1,4,0,11,0.1137106153939864,0.152193110890557,2
4.729176599206198,1,1,0,7,0.025733630779756,0.0947162592411922,2
89.89493598228911,0,3,0,19,0.0416910889800009,0.2402551316021842,2
82.78183346615697,3,3,0,19,0.2896733606448495,0.1002549292728013,0
129.45776056094323,1,1,4,20,0.0863729699451287,0.2309930965401528,1
115.02737242004989,2,0,5,10,0.268319204498363,0.107275384975759,1
71.79425996942027,0,3,5,6,0.2237420443780692,0.1624863218174107,3
135.3385193530948,1,1,1,14,0.1704486642746967,0.1831845510744535,2
55.606040723191136,1,3,5,7,0.2879404840675718,0.0024189066729154,3
30.91148787582226,1,3,1,11,0.0416401741094218,0.2199089004652255,2
115.682018370391,2,3,3,9,0.2553019158649722,0.1242944416579181,3
160.89635709872576,0,3,3,17,0.0731658620174072,0.2967692849038123,3
122.24014990097876,0,3,1,9,0.0757224799537761,0.0509816469791883,2
57.6772754365676,3,3,1,9,0.0066991369513125,0.1461251270871812,0
61.19122175510565,3,0,5,23,0.2613889724689968,0.152337627033421,1
142.73940007065235,3,2,5,6,0.2278510590620334,0.253588423608806,1
29.889745483159388,2,2,5,18,0.1224951348316347,0.123628636518305,1
101.02812352149137,2,2,1,15,0.1967643615403623,0.1306735040976433,0
83.66607170455066,2,4,4,11,0.2723151091060369,0.1700369104280061,3
55.22477398456974,3,1,5,18,0.008501821032901,0.2833142088040268,1
10.566987118366283,3,3,0,16,0.2944359354559934,0.2692879995439326,0
190.8472912602934,2,3,1,8,0.1958754007203727,0.1098145729652409,0
143.97335934055684,3,3,4,8,0.0062861801761356,0.2758996181183494,3
177.4037199272054,2,0,5,20,0.1209873405854884,0.2252200151332931,1
44.75652066072456,1,3,0,14,0.2099071196953549,0.006552922990135,2
56.659043570292745,2,0,1,9,0.1045120723541926,0.1451558604703763,0
43.506449173366654,1,0,4,6,0.2190696733916916,0.0594726268472884,1
104.3857504658882,3,4,3,23,0.2654375278614564,0.0791297445709398,3
109.1307891832698,2,4,1,8,0.2084886773204133,0.1842424190263085,0
66.9765240020852,0,4,0,17,0.111884432432697,0.1482831186784633,2
141.8728601179256,3,1,3,10,0.1742229092900246,0.2628699230133816,1
116.70788109365776,0,2,1,10,0.0998776610158069,0.0852365027050424,2
120.52149436254513,0,4,4,15,0.2325264807850089,0.1557375138448536,3
113.30427105335204,1,3,4,19,0.0695083937855929,0.0080732857512108,3
108.57048979517526,0,1,0,8,0.2654633970727629,0.1739922954888268,2
133.68181828543115,0,4,0,14,0.1087071936816965,0.0234330201587577,2
104.34798510185848,1,1,0,20,0.2851266811645125,0.1657684273866073,2
88.16194666075036,3,1,0,16,0.0741640713960015,0.2898128861029172,0
91.2706137886121,2,3,5,12,0.1112399915169032,0.0010432689068865,3
90.01976638181601,1,0,4,8,0.052653902359419,0.2817195686135713,1
19.727265048046107,2,3,5,18,0.0092284589776191,0.0869314559502301,3
81.84750681557101,3,1,4,7,0.0173398785889685,0.0271322791769055,1
125.45141770339876,3,1,5,21,0.0170868084243107,0.1868963748608961,1
162.47688196763428,2,3,1,6,0.1228926876772926,0.0684999853918577,0
110.51231100011464,0,2,1,20,0.2660262445249647,0.0446891613873815,2
126.092418601294,3,2,3,19,0.2679564554593792,0.11784384655043,0
63.4994238567757,2,3,3,21,0.0149097081243899,0.0505969787328333,3
166.6834870573977,3,1,4,6,0.0240382888490581,0.1684898607363534,1
44.52622275801282,0,2,5,9,0.0561319382322574,0.1031177551679595,1
61.83254066424438,1,4,5,11,0.1918911182506621,0.2514870110591501,3
18.60510767089741,3,2,5,20,0.0873107806133472,0.0424175091164234,1
155.30934190619405,2,2,1,15,0.0328216186139854,0.1396969425108666,0
138.37379589070923,0,1,3,7,0.1332304224743537,0.1784850343859278,2
61.8876111119725,3,3,0,18,0.2176222172153974,0.0483308224766572,0
14.69684597009494,3,4,0,6,0.1654751337666102,0.2279644119988086,0
142.24643208827925,0,2,1,20,0.132362702896714,0.1031319353512768,2
1.0,0,0,0,14,0.2971594548657629,0.0065269109473873,2
91.46439993717392,0,4,5,14,0.2994328807372029,0.1979541059882515,3
74.05849095400573,2,2,5,15,0.1613917271325562,0.2144633795263099,1
36.252043580892725,3,3,1,9,0.2167049772020802,0.0170371788290001,0
107.04588241173782,0,1,0,6,0.060703719725316,0.0633904301820481,2
104.68139307276527,2,4,0,22,0.168375590408298,0.2802572524460813,0
18.08520428988037,1,3,5,23,0.2366873738817682,0.1362890055515911,3
85.56959849992346,3,3,1,15,0.0504659422692655,0.087092198102702,0
69.411317301724,3,0,1,21,0.0035871870421486,0.2625601022201794,0
6.301496215877734,2,1,1,9,0.2371733100129544,0.0862645063761198,0
1.0,1,1,0,8,0.1494492768027974,0.165519739160327,2
73.10125609594436,0,0,0,7,0.1713360435121734,0.2615016547840464,2
133.38907802980935,1,0,5,20,0.2630352207164252,0.174940419109095,1
14.99119936905882,1,4,0,16,0.1128860439508431,0.2994029851992042,2
148.43725543956228,1,4,1,16,0.1760587426716915,0.0699892278432997,2
135.08526983947758,1,1,1,12,0.1053233113851944,0.0119551599951338,2
117.0017304602869,0,2,1,17,0.1586417689702935,0.0929925523768075,2
45.85829687084774,3,3,5,7,0.118131369075807,0.1227326295113486,3
79.72300429664608,0,4,4,15,0.1868185620409221,0.0525750170656731,3
37.49872336079755,3,4,0,21,0.1290890801093171,0.1012063040964542,0
101.34558620706804,2,0,1,11,0.2843762790482244,0.2743884895225058,0
50.65242441371171,2,2,3,7,0.1306624100996361,0.2875688757948445,1
108.52826916039996,3,4,4,10,0.224684007927033,0.292970325635877,3
152.83309746305133,3,2,1,6,0.2389903396631829,0.0568832891284231,0
124.4427350456464,2,0,3,11,0.0360104833106014,0.0192058531111892,1
167.47233412690088,2,3,0,19,0.0049622490573023,0.0714359227033156,0
195.86051945206495,1,0,0,21,0.2071519969038816,0.2135709260072611,2
79.99377076406283,0,1,4,8,0.0698468996676542,0.041329917481101,1
112.81997796219191,2,3,5,18,0.0150271045358683,0.2051950033213457,3
148.01750761784842,0,4,3,17,0.0054188534065122,0.1768097612754043,3
157.23330786378358,2,3,0,15,0.0640954796772047,0.0450551243483576,0
74.2533818509398,0,2,4,14,0.155622341854556,0.1227290353700612,1
69.4617546433854,2,3,5,23,0.0805716985884718,0.2744903057574708,3
199.50147567595877,1,0,4,22,0.0090265639153552,0.2092905931928409,1
59.85673798830357,1,0,5,6,0.2735953131746919,0.1599499023603355,1
146.5557954195467,1,1,4,11,0.294891240030062,0.1863008466999863,1
114.71963795681036,3,2,3,16,0.1817690412246329,0.0177601353146041,0
14.140543331981064,2,4,4,23,0.1872483742002985,0.0079932478079476,3
83.98593850194891,1,1,1,10,0.2304055109157604,0.1138702373675967,2
188.32286232687807,2,1,0,21,0.2703732152954001,0.0558882378143918,0
69.3200714130996,1,2,4,16,0.2105877200618535,0.2977990691498915,1
60.68319480613592,1,0,0,12,0.0519329374558606,0.114734750775829,2
61.57866592369975,0,0,3,23,0.1717838293558297,0.0784330309158271,1
25.236696999928768,3,2,3,10,0.1779949668110523,0.0948207539650435,0
123.579202731451,0,2,5,17,0.1140748450086964,0.045871982869307,3
64.6211054490743,0,1,4,11,0.0969393121117278,0.1258668189783274,1
129.72630634839803,1,4,5,12,0.0772732416823672,0.0653957495793869,3
111.04488280406936,3,4,4,15,0.1107762353806285,0.0456888186940674,3
133.58712410959365,2,0,3,10,0.0631121511623711,0.2519178423181966,1
64.0427755006387,3,3,3,7,0.143732297063391,0.16207386777433,0
101.81102852326332,2,4,0,14,0.1532234195771131,0.2612753794623547,0
117.150598010673,1,0,3,8,0.0604725637820371,0.0104702205750467,1
1.0,1,2,1,8,0.0918121105176422,0.0377106794297815,2
98.76407216883636,2,0,0,14,0.0731445270731876,0.1222968447676081,0
52.51806274546216,1,1,0,15,0.206966602564797,0.0559888878838593,2
60.11047228395553,0,3,4,23,0.1201396805385094,0.2210871442255392,3
76.67225155865401,3,2,0,9,0.1668418679240381,0.1215207001881916,0
40.39868290084072,0,3,3,14,0.2432588789210425,0.1986467541411326,2
136.46559082691394,0,3,3,14,0.1401499663200857,0.1083968934402529,3
93.2690072613624,1,3,5,22,0.2546661793538299,0.0544995203171407,3
167.25093281357903,3,1,3,16,0.000718686025637,0.1839376662151846,0
88.66567856494152,2,1,5,18,0.1551770764388217,0.1132076895518712,1
98.70809276419337,3,3,1,7,0.2624322364003063,0.0919510036779571,0
205.25806904862088,1,3,4,12,0.126230683992646,0.2230458625277421,3
125.48331045000116,2,0,3,19,0.0262842736984604,0.1423747685768616,1
147.60438854091373,2,0,1,16,0.2718190467850523,0.2504864404846298,0
78.68370667790954,2,1,3,23,0.1028011374469026,0.1819505466698749,1
90.46957321203897,3,2,0,8,0.2211082067105824,0.0782019821078933,0
177.64146600994212,0,2,3,19,0.1660285188586005,0.2215061785198632,2
126.60249192429188,1,1,0,7,0.2196057071256795,0.2568995721663467,2
107.0029653058124,0,1,3,6,0.0364136706846519,0.0446245667078955,2
124.2635167174102,2,3,0,19,0.2914131451023535,0.1333130986609729,0
17.21327447510228,1,1,3,8,0.2445320118636001,0.2884995288549276,1
202.71611027813665,3,1,3,21,0.2152387748033738,0.224081573152883,0
129.87147677644438,3,3,0,23,0.1265347058729864,0.1968776149529938,0
215.736615227046,2,2,3,19,0.1359194958815157,0.1287912056125614,3
190.57484409358835,1,2,3,22,0.0919867896771822,0.0978193800306522,3
32.577612548444606,1,0,1,18,0.107120162752545,0.2835524592096711,2
117.85808680720253,3,4,4,21,0.059375593926494,0.0997133384181127,3
31.09058240834472,1,3,5,6,0.1975378095544348,0.0723971152803751,3
112.06999831339546,3,4,4,7,0.2549602229924021,0.2977546092102614,3
166.77158644847924,2,1,4,6,0.2981191565621718,0.1885032353242198,1
197.35224042360144,1,2,4,21,0.2085394944456455,0.1008375059192945,3
150.06215040466293,2,2,1,16,0.2927371368391543,0.1179501134983232,0
28.60967354578133,3,1,1,13,0.0542270347861102,0.2559930214100877,0
134.05734822827466,2,0,4,19,0.0151680593081682,0.1732844676836825,1
127.4063164363645,2,0,5,23,0.0869768809566711,0.0032919520234206,1
98.59158649238309,0,2,0,9,0.1562223431102384,0.1736967366876753,2
124.95532209899612,2,0,4,22,0.099177591455142,0.0341684400566082,1
131.64093180545498,3,1,0,16,0.2797990746696859,0.0661807877316754,0
70.8499075817002,2,2,4,22,0.2323809332039813,0.1022077270115979,3
161.45918129703995,3,1,5,23,0.0239758075557,0.0866326798738648,1
100.9245029473578,1,1,4,22,0.1358858583003817,0.1284393919593869,1
135.55226521986816,3,0,4,21,0.1291905735685775,0.1300175918596242,1
100.77023407788003,2,2,4,7,0.2159655613702256,0.270020417507848,1
84.43153793645033,3,4,4,15,0.1817763620346,0.2067013020400283,3
133.4176983921729,3,2,1,17,0.1352492546043524,0.2036757559948307,0
99.10767951032554,0,4,5,15,0.0920916911429971,0.1846407590818339,3
99.02425986241492,0,0,1,11,0.0258118475794435,0.1074171403408122,2
114.35804388013874,0,0,3,17,0.1835545735469649,0.0196415429765008,1
107.88676038058404,0,1,5,22,0.072455779388229,0.2477140016170549,1
157.86446211770186,0,0,3,15,0.2233347518126788,0.0851441247267329,1
80.92977347642928,0,2,3,10,0.0173575252050535,0.1361376821983711,2
86.27110001235188,2,1,5,13,0.1724918997244351,0.1129364080024892,1
98.95802236143813,3,2,0,6,0.2883056582985612,0.1535760557238257,0
103.85140104229362,2,1,0,16,0.2133644645608818,0.2086526372074431,0
141.88527996879438,2,3,4,10,0.2135907884628135,0.0574423927319304,3
128.3255964720595,1,4,4,10,0.1821157356821913,0.2615118803140175,3
77.15325804326285,1,1,3,20,0.1624822660547091,0.0184628579619498,1
84.97421597514341,3,2,4,17,0.2224335932109727,0.1996623738130701,1
42.72112322826225,2,2,4,11,0.2579620571887999,0.0048462696786145,1
72.7170503394284,2,4,1,12,0.1218973140208226,0.2521982789733108,0
148.02889518544922,0,2,1,7,0.2605559484406452,0.2134405499138892,2
76.3657805781504,3,4,1,10,0.1364059188225622,0.0649670795431227,0
172.51096869168543,2,0,5,16,0.2530160349037947,0.2710048580075365,1
185.44820260149464,2,0,0,20,0.1545017507614005,0.198111953502606,0
128.6183470788825,2,0,0,8,0.1997773897280516,0.1892107799224382,0
92.24756705741842,0,2,4,20,0.1441477512352227,0.191824354022284,3
154.00720832600476,2,4,4,14,0.233651811120323,0.0267324635181709,3
114.6658092410237,3,3,1,16,0.2262459419887471,0.2178842567447797,0
116.45142729137332,2,4,4,8,0.2033775419750121,0.0357720927807296,3
135.31853486252996,1,0,1,23,0.0855434252992866,0.1933371477783684,2
78.68365925658698,3,2,4,9,0.15476111820753,0.2332804735820875,1
90.7574819674735,1,4,0,12,0.0400810277886777,0.003159310589758,2
141.85255021177613,2,0,4,12,0.0065420760982821,0.1765300783357029,1
125.53832942969566,1,2,3,18,0.272889037537209,0.2288225706860215,3
168.26828223205797,1,1,5,18,0.0384290223366332,0.072600846477084,1
115.92531993006872,3,0,3,22,0.108016080647313,0.0535714567176026,1
139.66976008877788,1,4,4,13,0.2090353629005258,0.0057853142823266,3
42.97771066149736,2,4,1,11,0.2886652572675324,0.1461990886193843,0
75.00802012991679,3,4,5,10,0.131277675992137,0.1884062367203018,3
88.26173242805915,0,4,3,22,0.2124575834178612,0.1772341385174917,3
106.23534515152323,1,4,5,11,0.0105712868971063,0.1861354844506458,3
76.57101452248418,0,0,0,17,0.2937814739751017,0.1167599889659802,2
92.217123085505,3,3,4,23,0.1170685313791876,0.2849073652309653,3
41.79975449983233,2,4,1,16,0.0543678199121394,0.1369998461109168,0
49.95902695081914,3,2,4,21,0.2798078231768394,0.2978379820031133,1
70.66055962644609,3,4,1,16,0.192301761837411,0.2167954852903398,0
6.922823591917634,3,2,5,7,0.0477067133823694,0.0127249787190965,1
116.43531993125458,0,0,3,15,0.2112778764952117,0.2043514053474992,1
136.41726065347714,1,4,5,20,0.0620159547913589,0.2539777621607724,3
72.94094227332695,1,3,3,11,0.2698005132369578,0.1088837902571075,3
121.66420667196294,1,0,3,9,0.1938519121721591,0.2058792596490432,1
113.635420364564,1,3,1,16,0.0401676490005074,0.2821160512525919,2
37.47629281982565,0,2,1,12,0.0309363826502866,0.0841780646033295,2
18.2210486591876,2,0,1,17,0.2810471706008723,0.2337012276993716,0
143.31601824118815,2,1,4,7,0.0292143883475745,0.1530662156265302,1
72.21820559119921,3,2,3,20,0.0178955838171662,0.0123263303734591,0
141.35511908816702,3,0,4,11,0.2500994143949028,0.1672455806158439,1
106.8566700659608,2,2,1,16,0.2311305058223427,0.1245435467261397,0
83.82815234286318,0,4,0,10,0.0879912550844309,0.1924629215632126,2
69.09442841632129,1,0,4,21,0.2225089716192944,0.2752522532133069,1
143.20290268070897,0,1,3,22,0.1302549660871207,0.1299822217071463,2
202.62444643984492,3,4,4,15,0.1104663770629259,0.1991567865937733,3
115.4503466387174,2,1,1,18,0.2399494689342323,0.0746483834272676,0
81.79500449201483,1,1,1,10,0.2569593970935967,0.0247044400114013,2
69.01817880417678,1,4,5,21,0.1946248309186616,0.1814488758219585,3
60.98557327886136,1,2,5,20,0.1655235698775786,0.198132589415043,1
164.39153943375288,2,1,5,7,0.0701140018350253,0.0513236492832261,1
65.19899191995242,0,2,0,21,0.0266330678651877,0.2441044738818787,2
58.11204500689078,3,4,1,8,0.1575964748497879,0.1949187102734625,0
106.68277505281236,1,0,5,8,0.2369131182345145,0.2540722937401344,1
234.3988121903705,0,1,5,15,0.2643820371200506,0.11877277960754,1
146.867298904785,3,2,1,9,0.2223928775896458,0.0335752044302958,0
138.37195635005946,1,2,4,10,0.215582905875573,0.0236094274906419,3
85.85013263500697,0,1,5,16,0.2321471232698172,0.2912901054443693,1
69.62795523583931,3,0,1,19,0.1049488965209061,0.0578305287646441,0
1.0,2,3,5,15,0.2008079043801211,0.1592050823008337,3
87.13053668575347,3,1,4,20,0.0721114110474676,0.1183975561306306,1
72.36426356960423,3,3,5,21,0.1031153710191589,0.0746231297371606,3
88.52651043401441,0,0,0,10,0.094960716263758,0.2458546224198716,2
100.73055901501915,0,2,5,20,0.0781045280611124,0.1584219138298203,3
73.43142415165109,3,0,5,19,0.1634678983463216,0.1794291786907365,1
115.64589944505856,3,0,0,6,0.002182108203846,0.0047267693477664,0
6.263585971929601,0,0,1,9,0.19586472470444,0.146316372889084,2
154.76157779641875,1,3,4,14,0.220410737432973,0.2397651166296658,3
117.52507484110522,2,3,3,20,0.105772949080536,0.1454723499442268,3
1.0,1,1,0,20,0.1642409119839701,0.1510788652650662,2
1.0,1,2,4,15,0.0181332305013558,0.1643493071523986,1
2.93315809640724,2,0,1,14,0.0648817548965313,0.1503115154761709,0
78.37121214384604,2,0,0,17,0.1743252582047495,0.2394922212828509,0
92.20894722130916,3,1,5,8,0.006038699564573,0.2538528845843264,1
168.8637193254234,2,0,3,10,0.2264293717728971,0.0209915910726172,1
78.41396589552903,2,1,0,21,0.232669491097299,0.1859213484644682,0
40.06999240185296,0,3,5,10,0.0605088435340217,0.1133820771131451,3
103.5423198026142,3,2,3,11,0.0391851328092256,0.1742402446532541,0
104.53954514835536,2,2,4,19,0.2695147400397455,0.1531366843184824,3
165.0507831327355,2,1,3,6,0.1020546237049878,0.0181735097778734,1
115.87091367518956,2,1,1,12,0.0095159228349016,0.2065818338123212,0
111.5483664347577,2,0,0,11,0.187346053545952,0.2771711031351801,0
54.42207223304102,0,0,3,11,0.0698917077592561,0.0793242860643421,1
164.44400010259224,0,2,4,21,0.0888109412567507,0.024907559722593,3
130.6587000945784,3,1,0,11,0.2602299824151347,0.0265621936154174,0
147.20210740745424,3,1,1,17,0.2971688122038654,0.0017450678258565,0
149.67755136563284,1,1,1,15,0.1785621866939784,0.2907865845446272,2
64.68668260479454,3,1,0,20,0.2286798297186369,0.2509407733224514,0
109.24733846630394,1,3,3,14,0.1961455525698962,0.224450967363555,3
103.5429452410158,0,4,1,6,0.0182630957145497,0.044770114958046,2
115.91327687801024,2,3,4,15,0.0557501032748503,0.1963340902237816,3
145.25332741797737,0,3,1,9,0.2970526693182728,0.1628904979996389,2
79.42887651719761,2,2,1,6,0.1269068053521578,0.0104560501327033,0
109.3787396595487,0,1,3,14,0.1077310459536454,0.260624115171732,2
34.5288850199338,0,3,4,14,0.2052761866038382,0.2839361531198988,3
67.57214383556743,0,2,5,17,0.1942224499042616,0.2399490782979446,1
117.40984265089897,1,2,1,21,0.1090205154521154,0.0046927035681627,2
103.10256744114972,3,3,3,20,0.0374177965911191,0.0691551297203271,0
88.83148311065634,2,2,5,16,0.0956639503091775,0.1198359977441343,1
99.18413938269886,3,3,0,20,0.1188433112950457,0.183536409878845,0
76.0550834095092,1,4,3,6,0.1958344977565719,0.0765862765369529,3
100.20209789115805,3,0,4,12,0.2112874549367461,0.276669932951643,1
76.32718701726515,2,4,3,20,0.0536746341632433,0.1414095470633976,3
43.40332662028336,3,4,4,15,0.2132825960922472,0.153780965367332,3
65.68586088933151,2,0,3,18,0.2650534883116101,0.0805521885741198,1
115.25002726048643,1,1,5,15,0.1777220394669815,0.0743163293386865,1
3.965556655733877,2,4,0,16,0.1025549274847233,0.1532039847492972,0
1.0,3,0,3,6,0.0537399481364944,0.2979632551573277,1
164.18595938666095,1,0,4,23,0.2626457560966139,0.2092907867436851,1
119.13698093542264,0,4,0,23,0.2339926426139983,0.2354388372338468,2
91.71593355443156,1,4,1,7,0.2031671510151446,0.2063406536326334,2
97.63648103852846,3,4,3,20,0.0850160177501839,0.0034978914479905,3
125.09938286944164,0,4,4,8,0.1521773164742166,0.0238961020373529,3
161.0376301627369,0,1,1,11,0.2552496953338795,0.2744980910067479,2
87.85685877139741,3,3,3,8,0.2561999045101109,0.2535505815275688,0
66.58655000779424,2,4,0,8,0.1807631274373489,0.1574264602326567,0
121.88278144541252,3,0,1,19,0.1082696456733839,0.1896249424053627,0
102.660609855177,2,4,4,9,0.0898270324030162,0.0362742588348871,3
89.29280639552678,0,1,1,10,0.0924311121805579,0.1162924700824331,2
34.3027751645015,1,1,4,13,0.096949944684876,0.0797801386664681,1
98.29463995052278,0,2,1,23,0.2442080247953243,0.1471305925666029,2
148.23371198432102,1,0,5,19,0.0360160147164605,0.1941303365261754,1
114.82756607156529,1,3,3,18,0.2978280597544368,0.0520822297321376,3
1.0,2,4,4,16,0.0421023189037694,0.108358797499761,3
187.9034680364412,1,4,1,20,0.2100224341022849,0.0959150213858315,2
185.07830350264285,3,2,1,8,0.2310179188088095,0.111880526211768,0
55.629531859942894,2,1,1,19,0.119599754528668,0.1921804672943034,0
139.20280191251783,1,1,4,13,0.123104095855551,0.2030580357421327,1
138.27153646175475,2,2,1,15,0.2002788114273793,0.0158903249940887,0
74.92652883207631,1,1,1,11,0.2343764262919761,0.2979877136315304,2
127.3768109640997,2,2,5,6,0.227715413977773,0.160185915951715,1
34.669598667343266,2,0,3,15,0.058476664322659,0.1066740322963273,1
80.57419888217723,1,0,4,11,0.1997046586153723,0.1345924082409676,1
99.91154885703791,0,0,5,9,0.1733049645551617,0.1807075100248154,1
100.24552792817768,3,3,5,15,0.2769483623101121,0.2451206011440412,3
114.93483311606332,0,4,1,10,0.1215741986899274,0.1375125264882072,2
76.3573603510977,2,3,5,10,0.19721897915492,0.1280656854272586,3
95.81277823090493,0,4,3,11,0.0525301879831136,0.0773712319082331,3
60.62242655183893,3,3,3,11,0.1809661784920233,0.2984793568810058,0
127.44139307005275,2,1,3,11,0.2390511231320284,0.1149238193806439,1
61.25913681997425,2,4,1,11,0.2443974359908854,0.0072453324896172,0
231.5307504925936,2,2,1,17,0.237268672263734,0.2697663160553136,0
1.0,3,0,3,11,0.0363432486111348,0.2952817524660172,1
87.16524859378059,0,2,4,22,0.2158848425137606,0.2626603718901268,3
96.69192230972088,1,3,5,10,0.1854345320827169,0.0837034061511665,3
12.59827314319972,3,2,5,15,0.2950980550560929,0.064032961303001,1
170.36190683838817,1,3,1,22,0.2282577922485999,0.0655918886359495,2
27.52382396472693,0,0,3,13,0.1518293312410165,0.1923656678886814,1
158.75789131470708,3,3,5,18,0.2677506385757958,0.2972879317845763,3
97.35108625352352,0,3,3,20,0.0375882951994087,0.1420892040420932,3
121.0542495109903,1,2,5,20,0.0289307802112069,0.1448114486234685,3
115.62961150767656,3,4,1,22,0.1091529190232836,0.09579230409657,0
106.47468264480474,1,2,0,22,0.1279826383251213,0.2224192505328226,2
135.62897233050307,1,3,4,14,0.2741919554509295,0.0253664064502363,3
38.16685166574675,2,1,1,8,0.114102431057356,0.0900810274723279,0
95.20864596208472,0,1,3,10,0.063116994350384,0.0143194047010777,2
73.75935831588552,0,0,0,8,0.1229601638355769,0.2627324280478735,2
110.81661089498344,1,0,4,23,0.2905124216216755,0.0266274652896443,1
120.3453362928316,2,0,4,9,0.2266256135542977,0.1097153823542136,1
139.5742963642614,2,0,4,13,0.0341399815525143,0.0963072346815196,1
125.81324581399991,3,4,3,8,0.0640293011794994,0.2835903405106889,3
129.58285419677225,0,1,0,17,0.0021020536270755,0.0958417865986433,2
149.89389078971274,1,3,4,6,0.1984928865304712,0.0656922814648987,3
52.71141769633612,2,1,5,16,0.2195117646545797,0.0121266415051249,1
42.769116756170256,0,4,3,17,0.0789968586426541,0.1477263950247434,3
135.60933288135186,2,2,3,20,0.1869377055339321,0.046676754413197,3
52.27021753555344,1,4,0,16,0.1096489527723187,0.2364774464162523,2
145.69702346614957,1,0,0,12,0.1105432974620815,0.0468189455744324,2
81.7879758974361,0,0,3,16,0.0688251951258622,0.1147392828097734,1
111.50278057727505,0,1,5,14,0.1480180191618674,0.0611304336219673,1
141.6580247012904,2,1,5,7,0.0936732048114781,0.1548635853547946,1
157.0779366138361,3,2,5,22,0.1496806314929452,0.1949135631344568,3
62.30150573547956,1,0,1,14,0.2865560947179877,0.0110307936372769,2
121.67276189503156,3,3,4,23,0.290860571430213,0.1031942957312918,3
199.0775125024468,0,0,3,8,0.1658372744447148,0.0177534789365388,1
154.77247422544747,0,3,5,8,0.1889184543119182,0.0675284336202541,3
243.0568283816842,1,0,0,19,0.2414886732081158,0.1753108424429401,2
166.01214836263335,1,0,3,13,0.2238710862505866,0.2293946165358887,1
173.36910052677462,1,1,0,10,0.2785925026389103,0.1945209340294162,2
117.4466913675557,2,1,4,13,0.2006201409435173,0.2150958679708926,1
117.03838378637188,2,0,5,7,0.2213043141247596,0.0744455441031546,1
134.0088040031638,0,1,0,10,0.0903429778114641,0.0612727903401482,2
103.9874833744249,0,4,3,16,0.1380137694723825,0.0899298127903572,3
83.33425027459981,0,4,4,18,0.1145512589711302,0.0188528075182971,3
135.93541462880597,0,3,0,13,0.1377319280407369,0.1033328176479148,2
138.49104515788932,0,2,4,14,0.0218381042427782,0.0628669041915477,3
170.87811119520103,1,4,0,6,0.0990458941272898,0.0500882169985322,2
21.06899257854471,2,3,3,21,0.0948772184705798,0.0570050030642631,3
181.47943087159675,3,4,4,10,0.1895689020505876,0.2408856737967451,3
81.5775062316986,1,0,3,8,0.0936762923448827,0.1900455396330304,1
147.8758888821663,3,4,1,21,0.2047925582001716,0.1375883757747416,0
92.2409683873833,0,4,4,11,0.0915590032719779,0.1289421801846567,3
55.3757990433698,2,4,5,13,0.1742201023372757,0.0247734519948132,3
35.33272418325846,3,4,3,11,0.1714193408238606,0.0571294610011928,3
90.38053678307948,2,2,4,17,0.1713183481773008,0.0295071782835692,3
43.177503066964775,2,3,1,22,0.2375121479535331,0.1368003714005699,0
86.69813744281268,3,3,3,20,0.2231202202210822,0.0687086626829841,0
73.66875265097181,3,1,1,9,0.270557376001738,0.2972288335501425,0
140.9432032792553,1,1,5,16,0.0448906659791324,0.0915961355077396,1
81.12995179732586,0,2,5,20,0.1838640802577159,0.2375427236303311,1
93.28094659099688,0,3,3,20,0.003330619902499,0.1108485464456312,3
138.3573450717871,2,2,5,6,0.1379726206777339,0.0840751825414729,3
129.52511593976394,3,1,3,10,0.1604479726920321,0.1502832089965878,0
49.87175750012221,1,0,4,12,0.2454002332595279,0.0521199739712329,1
82.75924346663524,0,0,1,21,0.2544253307805963,0.2893027900134999,2
149.68448381503188,0,3,1,13,0.2207922131979079,0.2041903445921973,2
82.5074128110936,2,1,5,21,0.1501990484451694,0.2421626493998301,1
139.13519693009255,2,0,4,12,0.2612590205847533,0.0427484481154255,1
1.0,0,4,0,20,0.2746893649246543,0.2457869933731682,2
56.41551922155955,0,3,5,14,0.2663870747317043,0.1885365589454527,3
155.65965622884886,3,4,5,23,0.2582861471236544,0.0553491972164393,3
1.7983921014545103,3,2,3,15,0.1152503005216937,0.0630583461115938,0
73.88458362634874,0,2,4,23,0.2829477309454562,0.2882828069418851,1
1.0,2,0,4,14,0.1834261721516803,0.264517282117475,1
195.2511541767709,2,1,1,6,0.1763999683143145,0.0792777582694521,0
71.76488230010274,2,4,5,20,0.0332790236415786,0.0095531066821803,3
58.95699899185479,1,4,1,9,0.2890058876887943,0.2830323969813213,2
33.879775964858695,3,3,3,13,0.199414715300872,0.1315245284495322,0
140.3862864177524,2,0,0,12,0.0724601700191747,0.2803014961126387,0
122.99973082065276,1,1,5,8,0.2394881794638194,0.138675430974348,1
23.19591622170469,2,3,3,19,0.0811886587875904,0.1637891406403161,3
88.61281346284161,1,4,0,14,0.206994775147952,0.2473212048806508,2
90.64831855626396,0,2,4,23,0.0101194088931567,0.252303507318212,1
74.12332555434028,3,2,1,10,0.0972223099582725,0.0579509959844888,0
102.1348637229222,0,4,1,20,0.1539209127674202,0.0925866132674021,2
37.52220486302599,1,0,0,19,0.2141524961645319,0.2563431907700492,2
77.86662696783814,0,1,4,16,0.2882750133751147,0.0975422960780882,1
136.0421801065343,2,2,0,16,0.1182308802908815,0.1807737502389846,0
65.26092626324173,0,2,0,23,0.116094978670807,0.19447662171078,2
70.96294408582645,1,0,5,20,0.2902243287315768,0.1680076490043448,1
32.23972963297831,2,0,1,23,0.0940039379772289,0.2618797612000534,0
68.72421716589956,0,0,5,14,0.2029922908141539,0.0827846521571653,1
128.1211865065589,1,0,5,8,0.214953013059838,0.1458591179581246,1
84.1084728990228,1,3,1,15,0.2151653128985802,0.0902083119212466,2
131.44356272262516,3,3,0,21,0.0076345195879034,0.1401897696618032,0
147.83114058677455,0,0,0,19,0.1849347343125349,0.2089591073907512,2
54.65961369865704,1,1,0,17,0.2024173234252667,0.0993020148451366,2
116.45596067086473,0,2,1,14,0.1690504540581623,0.0401839788484067,2
90.99044051680497,0,2,0,7,0.2279233204434694,0.0702237166069234,2
53.45573781484028,1,2,4,8,0.0464638757456829,0.195515596390192,1
84.97775311344176,1,2,1,15,0.0230663551310667,0.1831768168359582,2
137.02611444862168,1,1,5,15,0.0155856700998515,0.2572397018067852,1
99.15624971378234,0,0,5,14,0.1726381963261521,0.2054503678538333,1
1.0,3,2,1,22,0.1087933971700015,0.080094063689144,0
127.6059342622498,2,2,4,8,0.0906643392675391,0.1588476826835646,1
18.513341737690222,0,3,5,13,0.1436742838586136,0.1229336276921613,3
79.94398469145452,3,2,3,7,0.2327080419968298,0.1661310443497587,0
6.504865854179386,1,4,1,23,0.0351206799090379,0.1357875881262924,2
1.0,1,2,5,8,0.2087223916676069,0.0518801791172331,1
107.97455122092168,3,3,3,20,0.0827905946010994,0.2940616221639282,0
121.64432473202244,1,3,1,19,0.2162329928525905,0.1286737435451393,2
5.414280551425023,0,3,5,12,0.0406522882537722,0.2653250484104908,3
40.78895530530944,0,0,0,19,0.2598517665321458,0.0166742796487955,2
92.91895084947365,1,1,5,20,0.2160732643032404,0.003987150029929,1
107.5516454527568,3,3,5,22,0.0669443876648867,0.2133114730684413,3
138.15310078692772,0,0,1,11,0.2164868287970337,0.2373766286527607,2
141.74142505962266,1,1,3,21,0.044664092109106,0.0442717384672746,1
102.5525753371674,1,1,3,17,0.2445234691274572,0.2792055871823082,1
113.22703078680844,3,4,0,14,0.1350092202545841,0.14853708337976,0
88.53121563176225,3,3,5,22,0.0766559753352264,0.2141852106338495,3
176.88003007869892,1,4,4,12,0.192520267313702,0.0629340803043527,3
96.0429430377083,3,3,3,19,0.0470385594082931,0.093457282442122,0
4.730716605351688,0,2,3,21,0.2660595203486369,0.2102792947282162,2
75.766637063328,3,3,5,6,0.1093274834103015,0.0732882144326448,3
100.76982684389476,0,1,4,7,0.113249060931033,0.1024516201595123,1
91.37519828012718,3,0,0,19,0.2241196787866615,0.2616361453612297,0
38.1150092679792,1,4,5,6,0.2302231662574323,0.0920763009561217,3
128.89161443199623,0,1,5,8,0.2225634432143423,0.08421053272139,1
179.65605282550166,0,2,3,18,0.1451404065520107,0.1342512780505705,2
77.0589463662448,1,3,5,18,0.0920917291544756,0.2724943819147191,3
146.2005528628586,2,4,1,19,0.0625720197832008,0.0259098642063737,0
79.0732133330256,1,2,1,20,0.2292784539827408,0.1586062543537561,2
68.66038752199711,2,2,5,21,0.246708194496803,0.0543232054346361,3
132.1182796025089,2,2,1,21,0.1922224117726374,0.1635148484009439,0
125.7728848962418,0,4,0,15,0.2019922581144858,0.0007894825283066,2
129.44555587877124,2,4,5,10,0.1183160214175632,0.0609582143355806,3
128.09703082550666,3,0,1,22,0.0278336045643559,0.2923199531303887,0
67.67708952398453,1,4,4,6,0.1913197673844218,0.0934016717996495,3
129.91990038102094,0,4,0,14,0.1998389817523586,0.167561687022867,2
135.08550289885463,2,4,1,15,0.0047861964212701,0.2825572634944755,0
195.49374339544983,2,2,1,23,0.0290620848745165,0.1145220151625344,0
35.72077823932709,0,4,4,7,0.276120399799658,0.0568638830779279,3
56.2454122312489,3,2,0,8,0.2343886172715562,0.0261288948669444,0
156.3904989978625,3,2,5,23,0.0110962354404173,0.0908298065777779,3
27.95386160590766,3,2,0,14,0.0751476838361987,0.2921096977265151,0
117.92284831139273,3,2,0,16,0.2953074285414794,0.0540776244290045,0
106.06596161282788,2,2,1,6,0.2301122332668821,0.281815143363879,0
53.29228964752291,3,2,0,19,0.1905857648671756,0.1222528366507441,0
54.80439174186616,1,0,5,18,0.2736379101791305,0.0256370092543273,1
192.6348547426441,2,3,1,15,0.0975697035460519,0.124040093215351,0
31.434291194693856,1,2,0,6,0.0188299006735698,0.0554545338983668,2
123.79504172624902,1,2,3,15,0.2829644575758858,0.1540657904120934,3
1.0,3,0,4,11,0.0835811354159708,0.0999071559576466,1
73.84797851917071,0,2,4,16,0.2071116318331164,0.0205980072475207,3
117.04408297307803,1,3,1,16,0.1448199196092652,0.224805752853975,2
7.411762686479079,0,3,0,11,0.1088799623209551,0.1731462000006006,2
102.8209726636902,3,3,5,19,0.0423917126693743,0.0426876833742037,3
139.08620941571567,0,2,4,18,0.245746922692187,0.1114123282211442,3
94.09651220389271,1,4,0,23,0.2720350650359921,0.1433128434873946,2
95.30627225133205,1,0,4,22,0.2140444457896838,0.1327533981413445,1
66.39124043749766,1,0,3,6,0.0768395852469537,0.2310804359299194,1
101.40677561006274,2,3,4,22,0.2406555549659159,0.1877140436035971,3
98.39862154206776,3,1,4,13,0.047330127486197,0.1822515390146953,1
95.91446539292107,1,4,5,10,0.2741474403878814,0.2391716028556373,3
45.63696578628239,1,0,1,19,0.0925583713672136,0.0426440495840554,2
141.43300607588657,0,4,4,20,0.0938177513982048,0.2164864829474377,3
117.1259485570254,0,4,5,11,0.0765220048259345,0.0193711366626824,3
116.62707952282216,3,1,4,9,0.1245171688953405,0.2574591749023065,1
181.77770891744484,2,4,3,11,0.108646731532155,0.2460563632273211,3
182.3164603847728,3,0,0,8,0.052256388690671,0.0807069117688539,0
159.2034529221937,0,4,1,8,0.0314126404860621,0.1868510010509764,2
75.01933381892613,2,3,3,17,0.1103987766427594,0.1862194964723933,3
158.2676191276058,1,4,4,9,0.2591405295297143,0.2558303300070639,3
108.52775769730528,3,2,5,12,0.0464990296734512,0.0716177355042274,1
125.41432676778123,3,4,5,20,0.0100685486173404,0.0335938657312901,3
29.735905637255527,1,2,4,9,0.2802158381905559,0.0149284952325961,1
1.0,3,4,0,17,0.2769012062980816,0.0581612261739247,0
109.00810732832416,2,1,0,8,0.0382994462237971,0.0086146250732106,0
142.01084299820408,3,3,3,23,0.2062697741382207,0.1285916431036547,3
141.22259001137425,3,4,5,9,0.1302598836589726,0.006581336192406,3
47.633205283171066,1,4,1,12,0.0362896856169155,0.0968213966349614,2
63.57629920576242,1,3,3,7,0.2279735757049217,0.102943240774292,3
129.1001677214308,3,0,1,20,0.2803424383952648,0.1494244993045232,0
103.79114654902192,3,2,0,14,0.1048589349082282,0.029781070930342,0
103.60690269258332,1,2,4,12,0.0513582501628549,0.1309582607501048,1
143.4563768609097,2,3,3,9,0.1964279644926448,0.222325822222783,3
51.57936431449999,1,0,5,13,0.1275580214627552,0.2465519571123471,1
1.0,3,2,3,23,0.1818392844090105,0.2648118760183355,0
104.83682163690072,0,4,3,12,0.169223952387207,0.0027429595378372,3
186.0132654427468,2,0,4,11,0.0049138036371934,0.0619847445690156,1
6.847657158876231,2,4,3,19,0.2905963718095078,0.2525172526457786,3
85.92356450678393,3,4,3,7,0.2379847717301056,0.161388583897637,3
82.01505820133352,2,3,0,9,0.1878593379073305,0.2011575778373766,0
112.34046590904263,3,2,1,15,0.00875172000015,0.1953817437012627,0
132.08546225956633,3,4,0,13,0.1225938977131703,0.2935594267834885,0
152.3128606718586,2,1,5,18,0.2085504107597221,0.1383796606553091,1
108.91454705628291,2,3,1,8,0.1329225665967388,0.0956825326196387,0
104.14372269961656,3,4,0,11,0.045148553671483,0.2203443140070667,0
169.48962898809137,1,2,0,7,0.06000400915279,0.0302171185002665,2
89.22969360145035,0,4,5,13,0.2492835046264387,0.207850829643186,3
135.07692291791997,0,1,4,14,0.2104630259255595,0.2194321340609716,1
138.93136823210787,2,1,4,18,0.2494031598557939,0.1867631646186859,1
63.29449743806293,0,1,5,21,0.15787220944794,0.2302978678854767,1
83.14197242859566,0,4,3,13,0.0343856407816921,0.1368849994526383,3
142.12443686175698,0,2,0,23,0.1121075734131208,0.2337758685574477,2
154.83065917310262,1,4,5,15,0.2598401014540177,0.0968856722494152,3
126.45575542818602,3,3,0,22,0.1767953629021585,0.0205577520639876,0
141.71701105785533,2,4,4,8,0.0527670754515708,0.1108154760865759,3
106.44860539059484,0,3,3,19,0.2016525813531617,0.2782937506625895,3
64.07883801575781,2,3,4,20,0.0323441300252528,0.0494386720825396,3
94.09318050304871,0,3,4,12,0.2537952617744627,0.1804583505957394,3
72.95230482601336,3,4,0,14,0.2339843245534446,0.197762118617708,0
169.31380410404114,1,4,0,22,0.2299028134381017,0.2519092463674701,2
36.811546138972886,1,3,4,20,0.1249775178356752,0.070132618967655,3
1.0,3,3,3,14,0.2905218707169147,0.0959951343551113,0
192.61454770354425,2,2,5,12,0.1575142769316355,0.2447392171999927,3
153.92153720993554,0,0,5,14,0.1807055153438733,0.2990441248996933,1
91.56544825089368,3,2,0,23,0.0235984939325034,0.2832372367901312,0
39.85984026773335,1,4,0,15,0.1073630019512042,0.1899566218851927,2
56.58596341000198,0,0,3,7,0.1612445430756285,0.2559834363186854,1
46.43458361645128,3,0,4,9,0.0695019490543702,0.2135152690122933,1
64.16580460319612,1,3,0,18,0.2042300175528473,0.2515174521445905,2
99.02422802979676,0,4,5,9,0.2917830440152177,0.2074134806060294,3
86.59721157864736,3,3,4,8,0.0458176097402928,0.2641654640390574,3
100.19806404622938,0,4,0,7,0.0362027665968945,0.1751900644423457,2
72.87450461426332,0,1,5,13,0.0174423302096376,0.1832248324917264,1
62.55134513649773,2,4,0,21,0.0441206719053318,0.1312233509785659,0
157.79859950579356,3,3,0,16,0.0854548040523377,0.1703123966980698,0
51.89282355703428,2,1,0,7,0.2395810864769834,0.1759771171515625,0
123.73554886993324,1,0,1,23,0.0232425105200027,0.124918683579784,2
85.1846298607449,1,3,0,13,0.1243454908127825,0.2968078051432963,2
113.74563553937536,0,2,0,6,0.1065005967457882,0.2379630166186166,2
86.8759476126556,3,2,3,18,0.2751026739862546,0.0027788104548226,0
114.03186833913436,1,0,4,17,0.1971363365581483,0.1025262576821679,1
89.01989528872132,1,4,1,15,0.0880512489650784,0.1165775914173376,2
1.0,3,1,4,14,0.0685788868154673,0.2958605518559796,1
87.39332944994601,1,0,1,12,0.0698299485362973,0.0790964251816249,2
125.80275073877824,1,0,3,10,0.2153524248410584,0.2017536602034938,1
91.83460224992466,3,4,0,19,0.2207481303067132,0.1678023471417386,0
185.26645164488048,3,4,0,21,0.0231284115943343,0.2056951187104751,0
25.006618036874144,1,1,5,22,0.176964902746538,0.0755098787309028,1
173.17306732766713,0,2,0,21,0.1691363925075949,0.1351988979923629,2
136.11527418913698,3,4,0,23,0.2405986640271371,0.1861386228752139,0
54.75242555434281,3,2,5,20,0.105023613863306,0.1037101631892663,1
135.40649302476402,1,3,5,13,0.0245970096558233,0.0756952989964252,3
101.99665232781268,2,0,4,6,0.1549816041287403,0.1609669131651888,1
149.69638953973177,1,4,1,20,0.0246611027302519,0.151548046717576,2
146.24789472528795,1,2,5,20,0.104804198124999,0.1220664766766664,3
30.15087028278046,2,4,5,13,0.2525998279800261,0.1621516869567444,3
86.00377288389964,2,1,3,7,0.2619453382116905,0.165885421147155,1
107.35042932767776,3,2,4,12,0.1681020236526764,0.165513119968439,1
65.32295552689074,1,2,5,20,0.1333523119717446,0.2862266815923418,1
26.22942994529886,3,0,3,14,0.2561895787735404,0.0651166703004513,1
51.23331611548889,2,1,5,19,0.1463542862313083,0.2000072148030516,1
113.0085945168227,3,2,1,17,0.1589430950592939,0.1137162438594549,0
148.51078711356087,3,4,5,20,0.0120483778988981,0.1103709083343284,3
105.73189372763456,2,1,4,16,0.0321240803743636,0.2041435282009932,1
140.42703791610964,2,4,1,15,0.2752934116904132,0.289637656380102,0
103.0591103572123,2,4,4,16,0.002707445211203,0.1116058878280392,3
136.06340401282637,1,4,1,15,0.1297243845038361,0.0548823802391184,2
87.42103614865516,3,4,1,12,0.2351788912726797,0.0278064163973539,0
152.5140996698882,1,0,4,19,0.2756035332810231,0.1651028278030099,1
94.44042822563271,2,2,1,17,0.0724056056911456,0.1371161970707282,0
57.68933573561325,0,4,3,6,0.0808506017582625,0.1863245138080213,3
228.28257874178152,1,4,0,7,0.0088986559162342,0.1421074856170729,2
123.60702012127832,1,2,0,6,0.2015110277037613,0.1113302997893602,2
98.49516463547336,1,2,1,9,0.2210513929898556,0.0100780239719479,2
146.81028687686268,2,4,3,19,0.0912021410864064,0.1781423542095208,3
107.27603715327564,2,0,3,10,0.2695211708525944,0.0965088194615916,1
48.37605160525639,3,4,4,8,0.037434242617639,0.1616807712984956,3
150.72931266307336,1,3,1,19,0.065613792392227,0.2029430237396534,2
61.22922318467195,0,1,5,11,0.0870885998498775,0.1462747889994293,1
6.496945065731296,1,2,4,19,0.1494369069178314,0.1765931890749501,1
17.031877038511496,0,2,4,8,0.2060120486072867,0.0560439752817327,1
178.61531280928887,0,3,0,21,0.2346822635384094,0.1549202025458788,2
43.73675550961702,1,4,4,9,0.230395158723542,0.2495043818199031,3
46.10470694242066,3,2,0,15,0.1945396955036227,0.2831597610110737,0
143.13524609950085,1,3,1,16,0.0118954244467188,0.1952592696610492,2
57.4826451012885,1,2,5,15,0.2771604872789504,0.127014685028714,1
182.1136140582948,1,2,3,8,0.2417092758566729,0.2558321301673728,3
53.10651984191805,2,0,3,21,0.1980680433485443,0.2949876834639227,1
173.7315563757561,0,3,1,11,0.0476902326387352,0.1475368122700058,2
56.243598601965815,3,0,3,15,0.1266948096195064,0.0816226607594479,1
81.99791130837751,3,0,1,18,0.2117168400406455,0.2221545714846654,0
22.879189805566558,0,4,4,13,0.2550720682822029,0.1049814667028025,3
198.69492892212915,3,3,3,13,0.2499340229396757,0.1817703410828244,3
56.97518628022685,3,4,0,15,0.0488272502555216,0.135294254245152,0
85.78120704596697,3,4,0,20,0.0377764723732789,0.0760124353597647,0
3.0804469368892318,1,0,3,16,0.258080430888976,0.075704611743212,1
142.740351782568,3,4,0,15,0.2638381029535946,0.0253149645511319,0
130.75594279127125,2,2,0,22,0.1763778710980109,0.2084406897454839,0
36.80595854629445,2,0,5,22,0.1882395834050891,0.092362450292882,1
169.82957812611238,3,4,5,14,0.2706261411306422,0.2300679558650558,3
44.963890016825424,3,2,1,23,0.1150074816088725,0.0045337683527375,0
131.79104515738092,3,0,1,18,0.0173979899559411,0.0934552397793979,0
1.0,0,3,1,9,0.2135110928785531,0.2560369463875543,2
69.2132166514222,0,0,5,13,0.2076543985581428,0.2725605878442081,1
78.35070455934022,1,2,0,12,0.191487372829828,0.032687144845051,2
105.3041355129171,2,0,1,20,0.2842755779313557,0.2846855147300283,0
64.99925824533562,2,0,4,14,0.2949937260038985,0.1902907546678293,1
148.1158289440072,0,3,4,12,0.2714960415165024,0.2601559817368534,3
87.178741543571,2,2,1,8,0.0575553111618856,0.139490059144055,0
161.86108214421915,0,0,3,16,0.1307620052842076,0.1301496648297087,1
33.0123873156997,3,4,4,13,0.1502091717266553,0.2149019937856358,3
90.6399315445762,3,2,3,17,0.2641535903269585,0.2682920881634694,0
57.63653615656029,2,3,3,15,0.1179278597238545,0.0143520679359368,3
63.34985404438171,3,0,0,6,0.0314204327017326,0.0575505522098685,0
157.5548672724411,3,1,3,19,0.2449488271320282,0.208820824743447,0
110.22580014056128,0,4,5,6,0.1884777121838885,0.1621515217111158,3
93.3914864414575,0,1,1,7,0.0481985302033267,0.0063405815197275,2
122.95900836674316,3,2,3,17,0.2170473518410312,0.0183652424607046,0
12.85560130914702,3,3,0,9,0.1116127774332312,0.2032339477895678,0
101.7636096322652,0,0,4,17,0.1019513676912914,0.1581531572697499,1
51.601380481226414,0,2,1,17,0.185526041700701,0.0306266017362005,2
76.97122167628727,0,3,0,21,0.278590829136123,0.0521483152574383,2
96.12734963668636,2,3,3,11,0.1367316362228478,0.0092553016682672,3
75.40902547585848,2,0,0,9,0.2003387600990012,0.2400936570702396,0
35.95296000003262,3,2,4,9,0.0851259595119571,0.1866932332089165,1
17.435928818813352,2,3,0,14,0.2589731326802644,0.1903205031990368,0
39.509390147104405,1,2,3,7,0.0307439428820031,0.2859474520304541,1
99.0410687416429,3,2,5,18,0.0175972358158429,0.1660319664374974,1
35.75993749386903,1,4,5,21,0.0955308190880625,0.2585757479005119,3
61.857227890172254,2,0,1,8,0.0234784315194778,0.1380865797513142,0
37.890170268905045,0,1,3,14,0.0827909857224595,0.0514585532893245,1
168.08036181583756,1,0,0,23,0.2347956473759783,0.2395233484360971,2
100.40573492361057,1,4,0,22,0.2400475866218874,0.2267506385161391,2
100.77895069047756,0,3,1,23,0.1721767334609479,0.0912029334991255,2
39.92059059297412,3,0,0,21,0.1933659212814722,0.0390111668356025,0
17.054470855835888,2,2,1,13,0.2470489705937703,0.2729772551926032,0
45.60388107031719,1,3,4,13,0.1363660054893324,0.2772386820651046,3
134.22873625179238,0,3,5,19,0.2254716996394185,0.127630375507453,3
212.1621981615177,2,3,0,22,0.271107847343126,0.2207742520142487,0
147.70488301879877,0,2,5,20,0.0141538686018208,0.2780280124955466,3
59.37121088445959,0,0,0,9,0.0432357983060051,0.1325293565767049,2
30.85520403637311,0,3,1,18,0.1334425065116327,0.2237167468854114,2
109.87115238462908,0,2,3,11,0.1840502199633308,0.2198560326735539,2
66.15148544693514,0,4,0,8,0.1713384999367566,0.2635254075306886,2
150.39284487274568,0,1,5,13,0.2344286073772258,0.0877335214915605,1
64.26621051079641,0,0,4,8,0.0663237499844052,0.2152163132578811,1
30.901131266367145,2,3,1,19,0.080018346968022,0.1612626921667503,0
1.0,3,0,3,17,0.2459408069199754,0.2663075303430262,1
97.45999407834428,1,0,1,11,0.2851495850966004,0.2017330163073863,2
62.66840804815385,1,1,3,18,0.1432967608006879,0.0216492206003597,1
103.45749080682734,2,2,0,19,0.0450804822251047,0.0861632508711793,0
166.1083573110563,3,2,1,8,0.0197108912525274,0.0026461218227643,0
116.2802840721711,1,1,1,13,0.2734161764007777,0.1886136597990399,2
33.42458502227737,0,2,0,22,0.2609787418072843,0.2283426125058128,2
76.53009187822623,0,3,5,15,0.2599078487438978,0.2401589027511022,3
65.74907785324679,2,4,5,9,0.0311098852747484,0.2648971089260943,3
103.429917711443,2,4,4,8,0.2794817471462865,0.2028909003738972,3
150.98882635941442,2,4,5,16,0.0941070638451281,0.2803583420377669,3
163.9519958229627,2,3,5,7,0.0586240729418395,0.1987783635976419,3
180.88585378878923,0,3,5,18,0.1692346298385301,0.1469618427637981,3
153.2329425204071,3,3,4,7,0.1621906903820949,0.0663817238624503,3
118.2598954205712,2,1,1,13,0.0212839255569636,0.1979152383179732,0
38.40706444640112,2,1,0,10,0.1158422454775007,0.1832381439081584,0
124.04375327229832,1,4,3,14,0.2742112213770219,0.0948583345221584,3
113.4405598591021,3,0,4,11,0.1886131509372736,0.1134688759365851,1
107.80526762411029,3,4,0,6,0.1676342101697456,0.1106810461407565,0
111.3883500702436,2,4,1,16,0.1977322548753094,0.2571401170440556,0
107.49031534705426,2,2,3,16,0.1195384455774694,0.2684511404141051,1
25.523432330985145,3,0,3,16,0.0356838220959746,0.2651664559413254,1
210.06953561439676,3,1,1,18,0.2229081783343703,0.0821709138559029,0
111.82434730732908,0,1,4,13,0.0836078600039259,0.2421785649730179,1
143.63269678147736,1,2,3,17,0.0985636713505353,0.2931452702677306,3
171.96467419177344,3,0,0,12,0.2578693038723605,0.0553861395059719,0
113.09176602857686,2,4,4,16,0.2601460365885185,0.2648714145121593,3
95.95375233590984,2,0,5,23,0.1667427383796247,0.1941043512576437,1
136.9762400402147,2,0,4,14,0.1539631272429776,0.2456955738563993,1
110.38829394959517,0,4,4,18,0.2068825382812266,0.1817121160190839,3
57.60745131546173,1,3,5,23,0.2004241166148192,0.0199801843836852,3
95.48338472449208,3,4,0,12,0.0194885673223158,0.1187041705111929,0
3.1012726391726204,3,3,5,11,0.0953903997377723,0.2519774174971207,3
103.8984236096971,2,2,1,9,0.2108497932250865,0.2403722398667319,0
1.0,3,4,0,12,0.1017149026596893,0.1935156041209338,0
52.22990674467237,1,3,0,15,0.1961824521851517,0.1429370439658969,2
114.61480063069996,0,0,5,6,0.0524544098873673,0.2214472272048051,1
59.65108666800318,0,2,4,17,0.0411304688990044,0.0720988865093282,3
119.55950794131256,3,1,5,18,0.2434924752380919,0.1997586150605586,1
150.18184391845574,0,1,1,22,0.0885672584792856,0.1408395957445583,2
61.92142364535361,2,2,1,12,0.2068736692545215,0.257743809593454,0
5.280890203704601,3,2,1,11,0.1334358241620116,0.222668932095146,0
209.6101220042168,3,0,1,16,0.2095116145892148,0.1792691902956455,0
99.26531234872202,3,1,4,23,0.2748392730259425,0.0193483668395195,1
124.595450871362,2,1,3,9,0.2279452793495683,0.2928479854230068,1
129.65580602001623,1,3,5,18,0.0288167149280734,0.1364332245603389,3
156.8324853187773,1,4,5,16,0.206689299567316,0.0910948723563827,3
60.75618768211867,0,0,0,6,0.0903561128035479,0.0478558255584459,2
111.6430305982288,0,1,5,20,0.2485213360947349,0.1147920397078203,1
149.998803446691,0,1,1,19,0.0787684810034401,0.0368161100614392,2
117.04730617584669,0,3,5,13,0.0147915254948824,0.0826759744519865,3
73.19591024395733,3,0,0,18,0.0763308709485798,0.1798582720913411,0
35.807305657068056,2,0,3,23,0.1320930627696051,0.2063485218926721,1
151.25073480574775,3,1,1,11,0.1479493018998537,0.2931155325444043,0
86.76941988826607,2,3,3,10,0.0505730320331639,0.2156700933640841,3
143.10551975948124,2,3,0,6,0.0701009876227649,0.226736796570025,0
103.43984391698449,2,1,1,21,0.1845492732596437,0.174300795546304,0
137.4140323574299,0,3,1,22,0.0406659608727192,0.0116865335906615,2
176.14679622418967,2,3,0,10,0.2847149609558215,0.1057446424508228,0
88.76205075707969,3,0,0,18,0.0480741844226477,0.1927980875036978,0
141.36124034368743,2,4,5,7,0.0048938328152218,0.1813426529062848,3
160.47472468223896,0,1,1,20,0.0451830660060771,0.2027869889053822,2
72.53859302523007,2,4,4,16,0.2335994804998737,0.0383470650493246,3
138.47825718905037,0,4,3,23,0.2157850704209271,0.0500242790726056,3
127.07220496948686,1,2,1,6,0.0294324167907101,0.2707273775970267,2
59.80982761718156,1,2,3,18,0.2779743796551543,0.2319590052223859,1
118.92510744587602,2,3,5,10,0.1811016086546068,0.2918188710727515,3
87.04373946835747,2,1,1,23,0.2124264525692989,0.276009718303652,0
67.09116561951782,2,4,0,22,0.2279957789041768,0.0584271751162032,0
57.415358778937566,3,3,5,8,0.0329002719518498,0.2217358693456793,3
11.15871692119876,2,0,5,19,0.0721453467757577,0.0892636531308894,1
104.5306800862388,0,0,3,13,0.0010575681336333,0.1738692944941509,1
72.92841774628697,3,3,3,22,0.1144434642686837,0.1296477492517208,0
173.285862085203,2,0,5,10,0.0686617368069153,0.2606475521180093,1
204.7359291924272,3,0,5,21,0.2863765590251099,0.2088012179249203,1
1.0,2,1,0,14,0.0236709446997675,0.1781191299434779,0
210.469356295146,0,1,0,11,0.0829697143415791,0.1644710752127897,2
183.67634208587964,2,1,1,7,0.2904023098988984,0.1239732768325465,0
166.39952940919758,3,1,1,12,0.0804254832280635,0.2569060116537497,0
141.6694744980706,2,0,0,16,0.2523021059311561,0.1836867820163291,0
18.74505156410686,1,2,1,6,0.0515809666053644,0.0963264356806583,2
91.28101462980496,3,1,1,10,0.048697218527643,0.0258766002710781,0
104.38905999249188,1,1,3,7,0.2678793034985257,0.2843276664568749,1
51.41414103615365,2,1,3,21,0.2696947972050068,0.2600822642894791,1
158.74976811257903,0,2,5,9,0.0927459754283335,0.1952881887001473,3
98.97866288764943,0,1,5,11,0.1149418971747471,0.1806363002032397,1
136.33652728576743,1,0,3,20,0.0951292596692129,0.1831882942832958,1
162.31806079386115,1,0,3,18,0.278194017978533,0.0986073909381844,1
110.06804143422428,3,0,4,20,0.2929158405459424,0.159361320553845,1
156.06970099851517,0,2,5,6,0.031068153153015,0.1317216741863292,3
135.81654921441404,2,0,0,13,0.0576015221649832,0.1040563754066039,0
130.42398406532436,2,3,0,19,0.0042381100779567,0.2159914993531136,0
60.175969075081895,0,3,4,19,0.2687754054753608,0.298253438435851,3
67.60913493859553,3,3,1,20,0.2259576265110018,0.1617696762655792,0
64.08234805846786,2,3,4,18,0.1683218694282135,0.2655977248126571,3
84.63193793260751,3,2,1,21,0.2953042937710566,0.1902069156943392,0
68.80620640708825,2,1,3,20,0.2164211569042912,0.2802172807728962,1
39.16784522296628,1,2,3,7,0.1116739997448859,0.2332112911499127,1
158.93698880026253,2,4,0,9,0.156940025194082,0.0960051825886568,0
42.85179730407212,3,3,0,9,0.0230345705519576,0.0607635503005447,0
59.08312583318734,2,4,0,13,0.0548072024910142,0.1877409676521739,0
92.21387392663289,3,2,4,9,0.0123000383264847,0.0378138741983698,1
227.0670516015263,3,0,0,20,0.2238192235881846,0.0974858949377868,0
166.54992745648488,1,1,1,8,0.1647794255505626,0.1567443190331821,2
1.0,0,3,4,8,0.2117344251987896,0.0805414384396165,3
115.9063431186848,1,3,3,12,0.2775927794309107,0.2743398781347876,3
23.349366637113462,0,0,1,14,0.1545025760433341,0.1775182474499891,2
114.75563835385712,3,1,3,9,0.0260339453214785,0.202171297980788,1
77.76544333247625,1,4,1,22,0.0779126493986958,0.1802798066874751,2
107.67742771300856,1,3,5,15,0.2374726497870795,0.0508351729565338,3
129.62776539643843,3,4,1,12,0.2367060861269561,0.2138023318691077,0
2.2372420454213966,0,1,5,11,0.0860389951498521,0.1064000077225387,1
163.76867036316037,3,1,0,9,0.0439881974059801,0.0696128096897092,0
171.48653630961758,3,0,4,8,0.1707870806484783,0.2536174333330565,1
119.41003067759785,2,2,1,21,0.0650619991846117,0.0308799102501339,0
53.826750172102365,2,3,4,7,0.0708083359762211,0.2442187119483911,3
103.07979276863388,3,0,3,9,0.2122563524426665,0.1630902787439692,1
156.17323589619218,3,4,5,7,0.1967586928532229,0.0498919396479879,3
69.45661108964325,1,2,5,15,0.0449335097892064,0.1949417380830862,1
46.64851977029604,3,0,0,17,0.057414037280196,0.117855107875288,0
115.287665451703,2,2,1,22,0.196923210742612,0.2212218637033753,0
67.35644820481971,3,3,4,13,0.2137896448914308,0.1395927215816501,3
100.34597242442942,2,3,4,19,0.2355438222009707,0.2014770098912255,3
121.27706471378904,2,2,1,13,0.1760835651922925,0.2435513136060327,0
70.57025077188628,2,3,0,8,0.2401675881543244,0.2694219988936408,0
1.0,0,2,0,16,0.1521859091917434,0.2512965365044371,2
132.36432820230158,2,0,5,17,0.1406635823466328,0.1070526568027622,1
1.0,0,1,0,21,0.2995001417174142,0.1302682091467382,2
125.61471552521294,2,0,1,13,0.2394371438331249,0.2816503095682593,0
137.81433643011147,3,0,0,19,0.0816539362774848,0.0985818263096388,0
116.0038781088535,0,3,4,7,0.0254785902351079,0.195082593582244,3
104.06880160091,2,2,3,19,0.1923930208570896,0.1876534839157398,3
136.53773305801965,3,4,0,14,0.0389114183464188,0.1371805059843482,0
130.07207968053038,3,0,4,6,0.2485350050400057,0.0651772835163972,1
93.34455682413184,1,4,5,8,0.1176092078253455,0.0906815877960907,3
66.14883574596368,1,1,4,21,0.0620503384808455,0.2453836791297066,1
54.531237623546,2,1,3,19,0.1313173725406531,0.2141577531796261,1
140.85183431295957,2,3,4,23,0.2142996048078289,0.2048404212637824,3
194.38432895040225,3,0,1,8,0.0118246477094292,0.1389623294433337,0
191.79562001004143,0,0,4,12,0.083907034025927,0.0784239757548469,1
70.06300938468426,3,4,0,11,0.0540005301023967,0.154124387714631,0
156.09137459937406,0,1,4,12,0.1922788236919291,0.2921151297064236,1
125.77578170075464,3,2,5,19,0.0957464150754151,0.0790826323617213,3
58.57915347748449,3,4,1,15,0.1716873867923093,0.141846638667508,0
212.96418601366096,1,4,3,16,0.0312353395429667,0.2607704192267095,3
104.146027965479,1,1,5,20,0.2958338917563244,0.1357995125003852,1
156.1066161115238,2,4,1,22,0.1243294316202875,0.2719147620572688,0
103.47458063598168,2,4,5,9,0.1506930153660181,0.2427391346821249,3
121.88857306517365,3,4,0,17,0.2397239857489376,0.0336462320622173,0
128.30357786549905,0,3,0,9,0.1928284563561277,0.0369992909466627,2
132.65147766477648,2,4,0,15,0.1111234283936218,0.1362860648991142,0
126.0299440554484,1,3,3,8,0.0675109676375356,0.2681461162473535,3
171.35044513495308,2,0,4,23,0.0978013208947374,0.1467259803027358,1
140.54308580166122,1,4,4,9,0.1656143174619178,0.1298847512422727,3
134.23596939442086,2,2,4,20,0.0502466213317923,0.2083826858724898,3
102.45989689053812,2,0,1,11,0.2541047735608609,0.116350692681453,0
50.604108317949056,2,1,3,14,0.2493861346437572,0.1523758428765454,1
24.66935854283031,1,3,0,14,0.0326730299406701,0.1922604934608201,2
60.245359268082375,1,4,3,16,0.298398418013216,0.253165401205591,3
132.61141000583473,3,4,0,17,0.2225427937517441,0.2330987275120564,0
76.34392476953221,2,1,1,15,0.0878160453553216,0.050136249095316,0
106.65678231249528,1,2,5,10,0.0629688698915252,0.1689576835196082,1
155.56934627156295,3,0,5,19,0.2070288741855264,0.1829832801727259,1
100.4260536369196,2,4,0,9,0.2036577932094807,0.1591270610612763,0
124.41823801072488,2,4,3,16,0.0452728943906742,0.1343412773815554,3
45.42354454819203,1,1,0,22,0.0128762762021876,0.0647759018901101,2
100.78971505286864,1,3,1,18,0.2190258826035806,0.2828823386098847,2
1.0,2,1,3,7,0.0831612453047238,0.247183902642777,1
100.04377931203103,2,2,0,19,0.0360149996561722,0.0431520333173303,0
71.91326679696778,3,2,5,23,0.1841296043182465,0.2258923219049132,1
96.42851768812474,2,3,0,8,0.2795485430532497,0.2948974011606095,0
66.31715641984042,2,0,4,16,0.1015096974268711,0.1356671312290131,1
79.90067544319325,2,0,1,8,0.0903444518671008,0.0364344485280679,0
9.448842855900423,1,1,3,10,0.2996748754501085,0.0506209762581342,1
132.58555382984562,1,1,0,21,0.0741655107767979,0.2640086391939407,2
96.8511540092754,1,2,0,8,0.1444937067229006,0.2945473100658166,2
129.7899737708166,3,0,0,20,0.2017318328168769,0.0560540704043684,0
87.55761405044854,3,2,3,18,0.0575357169736949,0.2624853844488033,0
109.91480168572268,1,0,5,9,0.0533698093657514,0.0686834652134762,1
168.17782721378643,1,3,4,14,0.2929366825899717,0.0584260552938676,3
86.9169456978771,3,0,1,6,0.2464923340954539,0.2068806681165391,0
73.71275083659768,0,0,3,18,0.1760470837335083,0.2335860179531622,1
51.260456120107975,1,3,3,21,0.0890401246918216,0.2719882122229112,3
1.0,0,4,5,13,0.1576838716659681,0.1363441432661212,3
119.78825757625616,2,2,0,18,0.2470836204041666,0.1117562035864818,0
73.55387488073448,3,2,4,15,0.2086740420177792,0.0504981577678695,1
46.59680762185804,3,3,3,14,0.0977615634747402,0.0410111241956243,0
102.46624183497796,2,1,0,22,0.0200211055774413,0.2812210038518482,0
118.613730501927,3,2,4,15,0.0713036306842306,0.2349252890558527,1
125.49125908036596,0,2,5,8,0.1683441357671321,0.0380924549529705,3
19.895849525027785,1,3,1,20,0.0820848393234818,0.0127473162806393,2
158.76122277839164,2,0,0,22,0.0911295826461954,0.2331853977476415,0
120.53369866373993,2,3,5,11,0.1811738328329971,0.0890397227751272,3
104.35531096529856,2,0,4,6,0.166410968194929,0.0797877442338612,1
122.76041240508236,2,3,0,17,0.2694431611258857,0.2318218111255225,0
6.62180317806218,2,0,0,14,0.1626177171612008,0.1059528273897529,0
112.41292708808416,1,1,1,11,0.2603551393814665,0.0112739972347219,2
115.6288287667782,3,3,0,9,0.2791156321267125,0.2002607175994079,0
91.4120976320019,2,3,4,10,0.2411140842644424,0.2662950967055795,3
109.38547240639625,1,4,3,22,0.1155272777462419,0.1861732596591598,3
129.9077623732353,0,3,0,11,0.0930175113140867,0.2176098027800311,2
59.96794177740558,2,1,4,19,0.0025485991020985,0.0644917479221005,1
12.412204160505851,2,1,4,7,0.2669908748474073,0.0796218985519845,1
134.30608043869353,2,2,0,16,0.154975895617531,0.0557022206134218,0
42.44876452711331,2,0,4,6,0.0801531535288968,0.2706350627278126,1
157.1387633333776,0,1,1,10,0.1822283874741966,0.294860192278275,2
166.58177149839196,0,1,4,16,0.015723659815514,0.2751178880018922,1
72.13138357439973,1,2,3,20,0.0433122994907041,0.0297003605643789,3
59.13994652489929,3,1,4,20,0.0910932646537369,0.0338022992108753,1
90.96116225982564,0,3,3,20,0.0686415989766624,0.1913555665492239,3
40.39608677120914,0,2,0,12,0.0296425985038853,0.002859309908405,2
41.65059089296681,0,2,1,23,0.2858942111895032,0.2624304598642765,2
153.10956538135957,1,0,3,9,0.0569812513003784,0.2486451421315096,1
162.96582899475254,2,1,1,18,0.1085355446043609,0.1630204224252418,0
152.4046364424088,0,0,0,6,0.2674316916207537,0.0878106865899298,2
66.52559174989096,1,4,0,13,0.1507277520140069,0.1547047674033995,2
32.001540494041265,2,1,0,23,0.2703323001694689,0.0080115815647435,0
68.00936804040654,0,3,1,22,0.1774826891704751,0.0314541248452559,2
100.33190051905528,1,2,0,10,0.2505876761295685,0.2333214534295671,2
72.74901358675993,3,0,4,22,0.1376199312719415,0.1011956062937136,1
159.34268952524374,1,1,3,7,0.170286580962085,0.1197194611258176,1
123.15810489394109,3,1,1,23,0.0224013870398853,0.2683683951521956,0
198.377037309793,2,0,0,21,0.1456330927320876,0.2796205166072162,0
1.0,0,4,0,15,0.1900430102155049,0.292099897530669,2
48.19141123663341,3,0,1,21,0.1758319890807866,0.0178667595613424,0
169.04632819006488,0,3,1,8,0.0541077909367827,0.2725973131065711,2
154.97345405170287,0,0,5,11,0.064099867992075,0.0325634114241098,1
1.0,0,2,0,22,0.0786035756143082,0.1633226678377272,2
85.73793298463123,2,3,0,11,0.2138248583936859,0.0721798838250808,0
191.4664831763639,2,0,3,13,0.153778577917276,0.0945063647384796,1
93.444654518775,0,0,0,6,0.0776290414002623,0.1906877892188208,2
227.0809923359396,1,3,5,14,0.2376676422842534,0.1838875303932139,3
45.58227744634975,1,3,5,14,0.2634459997951379,0.074347214905373,3
152.18566766380653,2,1,0,8,0.0313865666152371,0.1590485510142145,0
84.18322276299676,1,0,3,18,0.0898883641842612,0.2511533224580557,1
121.81640974516095,1,3,4,15,0.0421911967213973,0.2606093028929821,3
84.84428392416424,3,3,0,21,0.0181872208436437,0.1738785368883126,0
101.85990984681338,2,0,4,15,0.1977410177076674,0.287408986052972,1
129.72228020020572,0,3,0,17,0.2238187212705798,0.2445761860600892,2
101.5233703402002,0,2,1,23,0.1880058496262729,0.2981005839235298,2
72.08675620971756,2,4,5,21,0.2336220915619431,0.1590024751550168,3
57.8547217837845,1,0,4,7,0.0488277076367194,0.2031499361094364,1
74.26041502501717,1,4,1,7,0.0107196626384504,0.0383218216196924,2
113.43527264734368,2,2,3,22,0.1507035196107369,0.1014090026695062,3
123.00113493971584,1,2,4,12,0.0188250340016055,0.1147987768089301,3
118.54543953176434,3,2,3,14,0.2430312829845458,0.1547509245769769,0
106.68945314325526,3,0,5,23,0.0097066463183188,0.0542526198010426,1
1.0,0,1,0,11,0.1849096759889419,0.2764745058409998,2
119.08623724234133,2,3,3,14,0.2807071633389065,0.260691318509347,3
157.5992782923728,1,1,5,8,0.0183397115755366,0.2786709250706548,1
136.02824258940245,3,4,1,23,0.025715149190835,0.2054284075177583,0
65.83834786111561,1,1,4,19,0.0351045819716606,0.1097959075447591,1
30.16346633859365,1,4,3,17,0.0588253199836614,0.1636186942353656,3
216.1633492227364,3,1,4,16,0.1946430634023156,0.1024097339037319,1
115.55075371890956,1,2,5,12,0.0171223981375729,0.2255271937740403,1
147.15079542838689,0,4,0,19,0.1399503754700191,0.1699218563534039,2
57.2153899913136,3,3,3,21,0.1464801526785899,0.1999275021561697,0
88.74472976600819,3,0,4,23,0.0160660492967247,0.0919940362443266,1
94.10851412033728,3,1,4,16,0.0968557271881443,0.0590328357486149,1
69.41992103985679,0,2,0,20,0.0227088277707321,0.1273633687989625,2
118.7389876096402,1,4,1,15,0.0907310949118442,0.1633393629741284,2
48.42627280446279,0,1,1,9,0.09673380032929,0.1532530303780656,2
66.00861450193881,1,0,1,7,0.2083186812946472,0.2180294325171634,2
120.7573866464918,1,4,3,16,0.1699782532236372,0.1303432865789092,3
75.31362069708896,1,2,0,7,0.2611554807888631,0.1548231028059583,2
134.59143956558677,0,2,1,12,0.0482222472089706,0.0483845513348436,2
79.12459632424842,1,4,4,20,0.0692436281726598,0.0404474206943799,3
150.49777483535405,0,1,0,21,0.0550257816355756,0.001165648047107,2
138.30887988106093,3,2,1,20,0.2782229119687212,0.2624731319895587,0
116.85049004494952,2,2,0,23,0.172102356617375,0.1920214131563553,0
166.38077258026527,0,4,4,13,0.28994086075858,0.0359942958056793,3
71.15053667039169,0,2,3,23,0.0296175481648327,0.0459656738210533,2
57.313959039219625,2,0,1,19,0.2338703871078349,0.2080264920657318,0
121.0659897116218,1,4,1,16,0.2776209481269368,0.1510258459864608,2
174.80822633834396,1,1,4,17,0.2597281419257625,0.281448069574355,1
185.5879858991888,0,1,4,6,0.0545344449584185,0.1987302969331909,1
161.14123528280516,3,0,1,8,0.0016686115110093,0.1402729939018081,0
73.38691369142121,3,0,5,11,0.142033239403179,0.1367390428102477,1
42.07582190733823,1,0,0,13,0.1901793337676169,0.079618397877815,2
65.53979764574832,3,4,1,21,0.2899485236482698,0.1495480144076985,0
131.29798243905822,0,0,3,11,0.1863360593425597,0.1402726173976603,1
26.28245719876529,3,3,4,15,0.237944131287858,0.2864651790660147,3
169.8010682690741,0,4,3,20,0.0887513787894346,0.2792036520208166,3
61.18617580160118,2,4,1,10,0.128852998583066,0.1987027063883063,0
150.18453555560012,0,3,0,11,0.1603834195320684,0.018204605954172,2
111.65897618974292,0,3,5,8,0.0050905419650624,0.1270527812512366,3
131.3676194272183,1,2,4,17,0.1811089499021325,0.0449650587443441,3
65.56909757187702,1,4,4,12,0.0113020232358777,0.2917876310802592,3
63.96076015950058,3,2,3,9,0.1950928847146848,0.225697274922183,0
43.50175536666727,3,2,0,6,0.0708425532305192,0.0967038520210819,0
155.4690083508221,0,0,1,14,0.0990327544963766,0.1012155472179377,2
112.69435953327984,3,0,0,11,0.221389677537372,0.0587702357658599,0
110.557010653848,1,4,1,6,0.1668364238204384,0.0216993700992712,2
70.17185352076736,3,1,1,6,0.1675789373394548,0.1696378281967631,0
24.41064270155321,2,3,5,8,0.2198626903950659,0.2655630524266242,3
154.15253277767914,3,0,4,19,0.1544215209740998,0.2745060787509593,1
98.37786690532064,0,0,4,19,0.1429825484433379,0.0297815524253316,1
160.3501619376274,2,3,5,8,0.0984793830753665,0.1774562918323787,3
108.04471020995312,1,2,0,13,0.0698610772535471,0.1655952859196962,2
181.76493006583024,1,3,4,7,0.1844450558902987,0.2608241265903697,3
99.95722002149812,0,3,3,23,0.2442181970798896,0.1297329984000517,3
84.1646277862865,2,1,3,18,0.0447450441160372,0.2827327307015981,1
103.76775999278318,3,0,1,11,0.1387389240911587,0.0298770747354898,0
164.66849437428354,1,0,1,14,0.1930619436340211,0.2120017574996164,2
64.964166972962,2,2,0,8,0.0329919095875102,0.1873218729090785,0
108.48084033588208,0,2,3,10,0.0177190078271248,0.1231208519350374,2
43.840142983011,0,2,5,23,0.2977252632493564,0.246426380591449,1
144.30690767470657,2,1,4,20,0.1969810443166423,0.1597795189346789,1
141.82674402902057,0,2,4,21,0.0618991065603856,0.2551937343355199,3
1.0,0,4,0,19,0.2899463699873159,0.2894277447719554,2
140.2541894331017,1,1,5,17,0.0504609621843334,0.0570039124478771,1
85.1814053123375,3,4,1,14,0.1348666004395423,0.0622007535148578,0
85.2498645741432,3,2,3,10,0.2906106289824871,0.0155031324159892,0
142.484201246419,2,1,4,19,0.2096464232378506,0.1430924947458796,1
111.25289426289696,0,0,4,7,0.2015138329124266,0.1624916472464778,1
62.40612372062462,3,4,1,9,0.1239341583446571,0.0603342400507345,0
98.9500871832862,3,1,4,23,0.0578255274058157,0.2279326956493996,1
121.61734821038915,2,1,5,22,0.2102083358410777,0.009825198631761,1
121.3327905296238,0,4,0,17,0.0073876480479734,0.2759074429495504,2
39.4319433025234,1,4,4,13,0.0333339546216995,0.1838103836997566,3
108.32952898495536,1,2,4,9,0.0303881599572629,0.1902790402544703,1
99.00561030739306,0,2,4,14,0.2137510092181156,0.1621463337836884,3
114.1808602752505,0,0,4,14,0.016823709721381,0.2150708236205043,1
67.41565406543985,2,1,0,6,0.1746228540535154,0.0832340652442423,0
119.50769700067266,2,4,3,19,0.165532858848894,0.2482155466458765,3
76.29842320434568,2,3,5,18,0.1442081245774844,0.2554014661086241,3
118.57005429661176,0,3,3,21,0.2737765382937631,0.1529154176665771,3
73.74207346508697,1,0,0,7,0.280817409544542,0.1166005186577371,2
110.03925851958292,0,3,1,20,0.271563692584018,0.1754235332335773,2
105.49036764284664,0,4,3,12,0.107326809230847,0.030938598885221,3
48.48461747133271,1,3,1,12,0.1375677086534833,0.1994936973558038,2
153.43436768294535,1,1,1,17,0.1217847065192587,0.0636158509890883,2
132.7934089573124,0,4,5,14,0.108036913522758,0.1682030390217192,3
6.1188174888091,0,1,4,17,0.2805274262874324,0.2059986533485225,1
55.0316360081372,2,4,4,8,0.1311465798224961,0.0930384467165937,3
17.291177988617065,3,3,1,18,0.1446167845853481,0.1599366963514499,0
177.62237739641563,3,3,4,16,0.0868021469862403,0.1814388767315039,3
124.4815632345076,0,2,1,20,0.1519178825024655,0.1521052716477499,2
64.6020314684001,2,3,0,6,0.258155614132695,0.0188983891355138,0
107.71721163211706,0,4,4,19,0.2726325077825542,0.1765920409481146,3
115.9186225029315,0,2,4,18,0.0025279448525563,0.1866631718174081,3
113.68959626431,1,4,3,7,0.0218786299819131,0.0383824049593902,3
106.3784116526956,3,1,3,17,0.1069105711687084,0.0452965862107424,0
73.86125258917181,2,2,4,17,0.2833725399012542,0.0940319575916674,3
93.71673073637392,1,0,1,13,0.2866481558846125,0.0901240340411191,2
90.55342141659028,2,1,0,16,0.0250368529398188,0.2441151542546875,0
147.94750537251198,3,4,3,17,0.2848222055962105,0.0264581409801541,3
103.38539050079764,2,2,3,14,0.103751774382294,0.0905198971623413,3
104.48924822095658,0,1,5,23,0.0519097444241013,0.1684483235281429,1
58.22948588040875,0,2,5,15,0.2173174313997334,0.1858782446481131,1
77.74072939208766,2,0,5,13,0.2316121732790674,0.1242892472067238,1
42.17941781135607,1,0,0,18,0.2113117976873889,0.0267922492311075,2
72.88250131948432,2,0,5,21,0.2479476261615366,0.1129600692721937,1
53.650280666271854,1,3,0,22,0.0184041178488914,0.0314710894576054,2
141.2257578009298,3,4,3,11,0.0725893334306832,0.050870128049027,3
124.86165756789308,1,2,5,18,0.2607389659382265,0.2485469678139082,3
60.95927014585439,0,1,4,8,0.1318999054832227,0.1677227172106961,1
66.2756412809614,0,3,5,7,0.2135160843399614,0.2408657370341165,3
61.80262988778239,1,2,0,17,0.2927773999319798,0.1608837374025374,2
162.82583180028502,1,3,4,14,0.0159494704371428,0.1816890048181149,3
107.00072434378076,0,3,5,16,0.1123363034629357,0.2867453588345902,3
194.84445780825357,3,0,3,15,0.1274824018413069,0.1692255985078173,1
121.64092706326612,2,4,3,9,0.1016914500293284,0.168330556157314,3
16.245959976911777,0,1,0,16,0.1408095126388532,0.1939423263383766,2
4.619409652160016,2,0,4,6,0.0395687777389401,0.1756275664711823,1
28.58177863749636,2,4,3,18,0.1928548918997783,0.162121662352282,3
86.0558181263415,3,4,3,21,0.2567292892111523,0.0136039345980024,3
90.14263095207936,0,0,1,17,0.1513866894232941,0.2762618874678036,2
140.98840347377438,3,4,4,20,0.2823806406822878,0.014509974157022,3
162.4878785773978,3,2,0,14,0.1791650051083576,0.0280478902648505,0
1.0,3,4,5,17,0.0223180137967793,0.1799096484705376,3
145.74541017783844,2,2,3,10,0.2369938769786668,0.2330960368825025,1
113.92818446801908,0,4,0,18,0.2613445914643826,0.0116789985956253,2
1.0,2,2,0,23,0.1361250191981739,0.1203218988062196,0
73.07486738886683,1,3,5,14,0.0126983261746103,0.260177422025083,3
145.5125840766431,1,2,1,13,0.2166667275645567,0.03915342530031,2
99.03816194679705,1,4,1,21,0.1571680930432219,0.2829323726857413,2
87.33893616917032,2,2,5,19,0.2621196936670034,0.2119239671608929,1
156.99021081252428,2,2,1,21,0.0737542944001072,0.1249243679389691,0
78.45200466499233,0,3,0,20,0.2110815181734873,0.0692257423530184,2
83.89087751189969,0,2,4,13,0.1949314780156659,0.1905593000976167,1
157.30909515247197,0,0,1,18,0.0535495753851179,0.2244594270912476,2
44.150984570473575,0,1,4,10,0.2979645044995609,0.1434595966399732,1
76.7764030071827,2,3,5,22,0.0259797949378984,0.0177566442011597,3
197.8304981292858,3,0,3,12,0.2561518952662068,0.2880608454777328,1
64.37004590441036,3,0,0,20,0.1383879613835345,0.0117337153985588,0
1.0,2,3,4,17,0.1953726251322659,0.2996688210351743,3
100.5968390090694,3,4,4,17,0.1282666727440258,0.2396399484309954,3
64.72840019608832,0,4,5,15,0.0593323889622813,0.0160032934907152,3
149.61260628776512,1,4,0,14,0.2581664725343349,0.1280856580470152,2
27.170601337031822,0,3,5,15,0.1485609553859469,0.1417247768534285,3
124.70200096062,1,1,0,11,0.253690327417724,0.2684180684513451,2
78.75365822215201,2,0,5,14,0.0401390432608209,0.1983964129392181,1
111.1920086391618,0,1,4,21,0.0938963042435255,0.0449544052177618,1
126.70640593973371,0,1,4,20,0.2552774440574548,0.1795237934020769,1
36.592817418425085,1,0,5,9,0.1978729625396862,0.1326359556128703,1
49.24262318127821,1,0,5,20,0.057241370401839,0.2883651958172324,1
134.2562169207653,2,4,0,9,0.2397343771576456,0.1402628268623147,0
155.63862589075276,2,4,5,14,0.2555272148300005,0.0216589096994303,3
146.93618081190797,2,4,5,11,0.1169947253843493,0.2220179446874149,3
44.466836502437815,2,1,0,16,0.1713361788389847,0.0779479049259801,0
141.43524938035046,0,1,5,14,0.1814998374593973,0.1211527254412716,1
113.483389449364,2,4,1,11,0.1762338237584028,0.1370966322677898,0
149.78295057143512,1,4,3,6,0.2887164928136078,0.0434107102104188,3
150.03017042581342,1,3,3,15,0.0838479537465435,0.2317184221754882,3
154.4669654658346,3,0,3,13,0.2686553959785591,0.0344185564939678,1
120.90944822144549,3,3,1,23,0.287441483913354,0.150077344188173,0
97.94761046801165,1,1,3,14,0.2178386871604181,0.1484215158568169,1
97.01114448038336,1,4,5,16,0.0372214447769036,0.1646335876788875,3
161.02149547944325,3,0,0,13,0.0100375405448425,0.0078141430941796,0
204.509241238303,3,4,4,16,0.0604470741899114,0.0749521148714374,3
5.486990165641444,1,1,0,7,0.2787618625605499,0.2043302678367942,2
119.17762018535625,0,2,5,20,0.1941529532233635,0.196368774660324,3
80.90556782703355,1,2,1,17,0.2901260086945151,0.1092859904682388,2
37.11772811004765,2,1,3,10,0.2233815834826544,0.1482642779440479,1
143.14380869498706,0,3,3,9,0.0416425525248663,0.0858123608289262,3
123.31988746238062,3,4,1,11,0.2523935621684912,0.126794655193663,0
84.11048930438446,1,4,3,6,0.2647837612219442,0.0087272179351651,3
138.9593788500402,2,1,1,19,0.1744032711923503,0.1213318850807843,0
168.92451110763648,1,3,5,22,0.0997502784686872,0.1726915003576588,3
55.91630708209082,1,1,5,16,0.0583244262843272,0.1088912390933568,1
76.5576197969088,0,0,0,17,0.0006635872625257,0.1529295050355036,2
114.5609560881108,0,0,0,14,0.1167951263606633,0.2766902481986558,2
132.1887690468966,2,3,3,20,0.1421174504314791,0.0013549928378937,3
111.46594583940112,2,4,1,8,0.0349212475096059,0.1057402401178613,0
61.12334380225723,3,4,1,8,0.1654014441692171,0.1966644661593837,0
92.58264105960896,3,3,1,23,0.233174870255619,0.2182494509750481,0
103.05430862991562,3,0,0,14,0.2709742286878269,2.8911199583603328e-05,0
89.48940290517513,0,4,5,23,0.1373070615328737,0.207424507102527,3
70.2450629476085,3,2,0,17,0.1550415321231497,0.2314103557328228,0
82.25727134628922,0,1,5,6,0.0569755070181762,0.2610115523609362,1
43.24477393921441,2,3,3,21,0.1594961362849765,0.0975828733913405,3
140.9202699924718,2,0,5,22,0.2232540705572494,0.0420594041465435,1
43.77982521298638,2,0,0,20,0.1721451712192385,0.1715305806477583,0
193.0686535659111,0,1,5,14,0.156128045819853,0.1064366977333863,1
106.68659632976735,0,1,1,18,0.1516491090820658,0.1608380193579513,2
223.0847508592412,3,2,1,13,0.2790757108813116,0.2155251305769742,0
119.71869226962237,0,2,3,15,0.2628641514616477,0.1190516876871446,2
143.1785679567906,1,1,4,19,0.1665091101377457,0.0580944740944136,1
54.266758841779335,3,2,4,21,0.1249690198307653,0.0432638076278895,1
148.4012537935292,0,0,4,18,0.286949798143749,0.2126537722214599,1
32.946929051809775,2,1,1,18,0.0352640109436736,0.1576291589509441,0
85.87611446083872,0,2,3,8,0.2607833119428512,0.1081160556638285,2
153.5289733789139,1,2,4,7,0.0650247050464706,0.1366524985228819,3
155.26534537018057,0,2,4,17,0.273826623023512,0.0423234669052626,3
63.85861849307134,0,0,4,7,0.0913304932347903,0.0546910061626669,1
42.84023383249805,1,0,1,14,0.0323519666110647,0.187450539964995,2
137.66922299923462,2,1,4,8,0.2171401247421003,0.0677893489528031,1
1.0,2,4,1,11,0.1586248980889583,0.0385203462730625,0
124.38577130993409,1,4,0,14,0.1339809802072097,0.1300968219973144,2
71.2704984655979,3,0,5,20,0.0915485269301273,0.1575607195609331,1
118.68874374511198,3,2,0,9,0.1403144880007283,0.1221239196193532,0
136.76687266262536,2,0,5,14,0.1444044949408969,0.2319167469905226,1
120.93400644321515,2,2,3,10,0.2259595063141097,0.1191985611260176,3
1.0,0,3,3,19,0.2995835271945832,0.0547860744566848,3
83.6085515442997,3,2,0,17,0.063376855906314,0.0632156670501122,0
1.0,3,1,5,22,0.1777006179583556,0.1118932723827788,1
76.67754040465653,3,2,3,7,0.0397882712887238,0.0859460599699325,0
78.66468161346056,2,0,4,8,0.2601229707658424,0.05016446601168,1
80.88290295121733,2,3,3,7,0.0175574240619435,0.0046889061089964,3
66.20995732857523,1,4,5,8,0.0601252393894902,0.0018893179630921,3
68.07489878613958,3,2,1,13,0.2802214633912038,0.0057889378833969,0
127.30365859041338,0,1,4,11,0.2963586746418128,0.1812593673966334,1
88.6661111451981,0,0,0,13,0.2608123599711132,0.2993187505725441,2
43.24688272413562,3,0,3,18,0.2912965811984432,0.0545787379910626,1
125.73790100900416,2,4,1,11,0.0060217835788596,0.0423318654844231,0
87.94237538691735,0,3,1,10,0.2658412394927628,0.1848749710984993,2
86.20448937989846,2,3,4,9,0.1080520864712823,0.2788488281953769,3
135.21265475104602,3,4,1,22,0.2473859370014942,0.2614108015625738,0
183.02134267466735,1,0,5,23,0.1918429013070757,0.1660073098201266,1
106.0645915450041,0,3,1,21,0.2802407592351743,0.2038940031448174,2
105.83774089192424,2,1,3,19,0.039378840258419,0.1906431850939273,1
8.321789300645506,1,4,1,9,0.2621336993530883,0.0337509556360508,2
121.89118831217864,0,1,3,6,0.161697063787766,0.0342952342560468,2
11.937871068167825,1,4,4,21,0.2831359372817663,0.0254663821134285,3
83.31493776554773,1,2,3,21,0.1510695177668472,0.0194950836248534,3
118.23131769710254,0,2,4,8,0.0784513805495198,0.0029950163174251,3
190.74569675831745,1,3,0,8,0.1800406757023361,0.0065389121772734,2
154.66566893341593,0,0,5,21,0.1693381305296822,0.2173522581617422,1
69.22420750031827,2,4,4,17,0.1986791314942455,0.1697574340007009,3
107.95885579612904,2,2,4,15,0.2822337875581497,0.0698497646805447,3
130.2689277906761,0,3,5,6,0.1948764771418181,0.2256071100318764,3
112.2217673989509,0,4,1,15,0.2728664973901191,0.0879898290410308,2
170.10909369006953,2,4,1,12,0.2360438046401766,0.0814653320233921,0
129.29558786391536,2,0,1,8,0.1481436373406993,0.2215737749285767,0
152.98191103221768,3,0,5,14,0.2148121107615398,0.1474276691699247,1
39.61977462167695,1,3,5,6,0.1143157150674544,0.1917863727840657,3
115.27231219301866,1,3,5,18,0.2263164350691332,0.2383768419786222,3
142.11988505537258,0,3,1,12,0.1560410033703878,0.280088258323791,2
111.82844467066118,0,0,5,13,0.1884094193733314,0.2564003603181021,1
34.39755614631423,1,0,4,18,0.1462865738727808,0.2444152078443705,1
100.07336857210552,1,2,4,20,0.0355335340049717,0.2643679754492143,1
138.82074593192155,2,1,0,11,0.2633000584393704,0.237680409681408,0
65.74070607947462,1,1,1,16,0.0242338728969343,0.1741722489273045,2
137.76214994952863,1,1,1,17,0.0210151918906343,0.1148709043199301,2
26.586865651897654,0,3,4,21,0.2129910748671405,0.286544630575677,3
130.18520775613138,3,2,1,19,0.1076205431833552,0.2660404220075203,0
66.25928778844315,1,2,5,22,0.1206196292472341,0.2349448387613514,1
139.3794236680559,0,4,0,11,0.1731760085992683,0.2070285153234542,2
1.0,3,1,1,15,0.0269655012680619,0.2744861843691152,0
77.27387964907918,0,4,1,21,0.2426182883721484,0.1974491126822008,2
89.30222854062252,0,0,0,22,0.0851645490359176,0.1508358857101039,2
17.60565530715779,3,0,3,8,0.2884803993043419,0.1279570620706216,1
129.51633122208392,1,4,1,6,0.0493977665360796,0.1717842745606184,2
180.43569415244477,3,0,1,9,0.0607311636569192,0.25080516538879,0
67.6076975796953,1,2,0,16,0.1925827325895084,0.0412359427816337,2
117.41291107570666,2,0,0,21,0.2022595686868603,0.1131680339331363,0
87.51751671696049,2,3,0,16,0.2773383009635364,0.1793350891812549,0
139.1888452827506,3,2,4,10,0.0062291007625446,0.1098282796987914,1
83.64314766808637,3,2,3,23,0.2925792693164095,0.1076165577508129,0
136.1511451865086,1,2,0,23,0.2789877416193043,0.2981050820203336,2
119.92493893642028,3,4,4,15,0.0216815179988298,0.0528472141173154,3
5.789186573901375,3,1,4,7,0.0324888277813797,0.1898432362823772,1
122.6581802030288,0,3,4,22,0.2125093652505861,0.0374823966407333,3
43.43695033049804,2,0,0,19,0.1584952585076348,0.2175311431684053,0
81.60353909275206,0,1,0,10,0.2853074459095643,0.1330398466547143,2
169.77707900390254,0,2,5,8,0.2969259865433709,0.1196803126866138,3
146.44625303209233,3,4,1,18,0.199933627703621,0.1331340863384379,0
47.93526192844498,2,1,4,15,0.0793311703833685,0.0222685182351174,1
83.46343896008607,1,0,4,14,0.1538743170049499,0.1353373346573778,1
111.72912335376736,3,1,3,11,0.1633454257697442,0.1589859135728669,1
62.07411018086015,2,2,0,23,0.1326971307064298,0.0397845897794356,0
94.9324844808094,2,3,0,7,0.0827663725820187,0.1801690899515532,0
31.67568396823168,0,4,5,8,0.2691754808019634,0.1865177730619616,3
32.91905121273014,1,0,3,8,0.0261174662998261,0.0698556167771739,1
14.14116650688581,0,2,1,12,0.0014037766921659,0.2428974756119893,2
70.52464138476928,0,2,0,7,0.1065288978385099,0.2586347854641233,2
132.2956007709601,3,4,5,9,0.0205988027215943,0.0779353853401213,3
70.12808512637268,0,3,5,14,0.1253573232161135,0.0557372840823738,3
239.9282956015452,3,4,3,18,0.1168858191961724,0.0106461359937927,3
50.88633732609233,2,0,1,20,0.1310320023209444,0.0796011329154649,0
120.71810420893942,0,1,1,16,0.0949956320550279,0.131497732870651,2
96.84885113100547,0,0,1,14,0.090958745718158,0.0898325557542094,2
1.0,1,2,1,13,0.1122646893583372,0.2720367401528951,2
153.4956717705486,2,0,4,6,0.0217622747924269,0.0540128692987632,1
197.2833751276638,3,3,1,6,0.2582746482658269,0.0658061884030186,0
164.50903193893015,1,4,0,13,0.0995218778757034,0.2439820071191144,2
89.17446909503161,0,2,0,19,0.1135116965266321,0.1923032843425064,2
89.98833323049867,1,1,5,19,0.2275741195464576,0.195896367962291,1
58.82386915715114,2,3,5,7,0.1620493483101294,0.1511307531690872,3
131.8790068890906,1,3,0,8,0.0240140335887911,0.0333903511570062,2
147.22385660992512,2,2,4,17,0.0432428065823537,0.1342341015708897,3
120.04305057334132,2,2,3,22,0.2449291488936802,0.1273790544822494,3
110.79429790177986,2,1,0,13,0.1620823201367399,0.1940992689929637,0
64.23757405912046,3,1,1,15,0.2218194384833352,0.1963512482499112,0
178.32545633529543,0,4,3,18,0.2814284692043881,0.0338964366191152,3
14.102134314009646,3,3,1,16,0.1073256037038572,0.2493608455377554,0
127.79743749790936,1,3,5,17,0.150214375037119,0.0501093575553572,3
117.51751604027484,3,0,3,18,0.0744145640812527,0.0109050430776667,1
101.87616307965963,2,3,5,6,0.1952689176519026,0.0009165331828189,3
171.23594151585235,2,3,5,11,0.013618200418862,0.297651848298769,3
47.11482465488722,2,1,4,12,0.1037301055122607,0.2038680357922522,1
4.191780936702728,2,3,4,23,0.2894936887769213,0.2402511883493751,3
126.20207186851044,2,3,3,12,0.1334775512717976,0.2236380951145009,3
52.56877449067851,3,3,4,18,0.0049794945049236,0.1668409643477837,3
163.25071170358487,3,4,0,19,0.1729238882490519,0.2652244547879729,0
147.13478337496372,1,3,0,9,0.0816739154508892,0.067681605290241,2
73.45997606025574,3,4,1,14,0.1365140011493107,0.2446501000771914,0
153.32508295905208,2,1,0,22,0.2898099501956496,0.1461299491326085,0
108.1106458623112,1,2,1,16,0.0863505544743325,0.1629578362276923,2
73.3683073611326,0,0,0,14,0.1802109972490404,0.2069907988050813,2
109.08389360777971,0,0,0,18,0.12424330051638,0.034553035716236,2
132.5941973968484,1,0,0,10,0.2817588665551321,0.1926371198186458,2
96.58918541343814,3,0,3,15,0.2296831525950665,0.2762310409761236,1
95.5168039230183,0,0,5,11,0.0530609128975271,0.0493546136272885,1
79.75851794608343,0,2,0,6,0.282831431080018,0.0380134669739328,2
88.17019479815761,0,1,4,19,0.2861104607137235,0.082167445052749,1
131.5508285994247,3,4,1,21,0.2008206114334906,0.2747906688251422,0
114.09775990927496,1,0,1,8,0.1820007964755188,0.063136842256411,2
108.27446965612802,0,0,1,7,0.2638810437716134,0.2383576405339748,2
125.33436897595924,3,3,1,10,0.1276017198064318,0.2389148419419706,0
90.66244667496584,0,3,5,12,0.2288942468437269,0.108872796815206,3
123.16780785091488,1,3,5,20,0.2279366301884194,0.2149080485402912,3
143.3010532492301,3,4,3,22,0.0671444775125368,0.0922673533039799,3
92.60918674621146,3,3,1,22,0.2007448708849905,0.1969641424899754,0
63.93486247712716,2,2,3,23,0.2856141543138842,0.2767023611919129,1
133.8258277390495,0,3,3,21,0.2101261423012517,0.0447047178560324,3
139.58271030467628,3,4,4,8,0.1958698177404886,0.1016209822064287,3
81.40971596083315,3,0,3,19,0.1000943401205763,0.0663931130743216,1
88.33557191268034,2,3,0,20,0.2201490052426871,0.0788773747678052,0
124.73523340251116,1,3,1,16,0.1429260916085162,0.0637310031110126,2
129.72584555850523,3,1,3,17,0.2711713669914244,0.0809735141269763,0
120.92721600469864,3,0,5,20,0.1581808686509451,0.0179739204277073,1
79.08402900292701,0,4,0,17,0.1341916960368085,0.1232581531751475,2
116.99851797846198,0,3,0,9,0.1305210893265523,0.1117300570381892,2
80.4935904513275,2,3,4,19,0.1304946387519682,0.0004687476206184,3
71.69927086316142,3,2,0,19,0.2393053397402182,0.252189880835959,0
149.17409477725954,0,1,5,17,0.0824013843763988,0.2977458798093286,1
94.4983287870145,2,2,4,20,0.0940739642223435,0.2140012797339452,1
210.42095455773523,1,3,5,16,0.0939312180692041,0.1787887433502681,3
26.654702732404036,2,0,1,20,0.2265875015283779,0.2012022630446652,0
73.5382149738494,1,2,5,14,0.0310403443659194,0.0523180041946502,1
14.820891986352096,3,3,3,10,0.2561455446685711,0.1934504509680343,0
147.22791412465938,1,0,5,9,0.1050501436657739,0.1777636819759226,1
120.78627549898934,3,0,5,20,0.0662820127852808,0.2491999660350372,1
69.4793427050933,0,3,0,6,0.036189050801836,0.1946213008493031,2
43.02486029593672,1,3,0,16,0.025201627740479,0.2264843860970686,2
117.91033169351874,0,0,5,17,0.0889013411790621,0.157107427369054,1
155.27406761710574,3,1,5,15,0.03904587433178,0.1492772546453854,1
100.44367294262062,2,1,4,10,0.2027174358485473,0.2600126497972858,1
78.55682996513661,0,0,1,18,0.2107953153407503,0.0224326811526613,2
131.8335076847916,3,1,1,11,0.1658591538556048,0.2612100539182138,0
127.240342063472,0,1,5,21,0.1143211738982831,0.0065272189792057,1
94.42331919032463,1,0,1,14,0.0082229204117205,0.238358955037042,2
115.28251264884452,2,2,1,13,0.2863124041070979,0.0445554444581991,0
119.36336502172652,0,0,3,6,0.138789958375445,0.1640773346047808,1
34.60221250183115,0,1,4,11,0.0997729080027614,0.1833267019622503,1
91.98846082672404,1,4,5,13,0.270941510986102,0.0152822274986314,3
160.7740296817316,0,1,5,12,0.2636227807156235,0.0860203954019853,1
141.6818698401846,0,2,5,21,0.2955170063638521,0.2856997490466824,3
151.91775924512862,2,4,5,20,0.277193783196405,0.0345820388228553,3
124.21103871734208,2,1,0,11,0.2320979502652129,0.1725615136560475,0
144.04575845166227,1,3,5,19,0.1970238803949958,0.209295156404328,3
102.66393552824348,1,3,0,11,0.0259861543465111,0.1739249844207912,2
84.43895512457235,3,4,4,19,0.21472444223147,0.0387989392975147,3
116.27802035546615,2,2,1,21,0.0138260180554063,0.2891928863078642,0
17.141181984921616,1,0,0,8,0.2413653010393761,0.2471188554343061,2
135.6956482829431,2,0,1,11,0.0959823818897,0.1198789450863396,0
209.2405155492404,2,1,1,15,0.2925193042531229,0.2628852985648442,0
70.0968338175586,0,1,4,17,0.0067887753031996,0.1291860924284902,1
69.34078333958635,2,4,4,7,0.1940666568474492,0.1735301269899973,3
1.0,3,3,3,22,0.2460912524221074,0.1080540054482407,0
65.55176220732505,3,1,3,9,0.1624422866600356,0.1535256507135781,1
177.51394120392823,2,0,0,14,0.1116603494758636,0.0197595193973763,0
5.034441457738311,2,4,3,8,0.036084076865816,0.1010324055650822,3
58.954342091358,2,0,3,23,0.0684334819864309,0.2157734148587027,1
143.42221552979657,0,3,1,17,0.1411963565364624,0.125389071122395,2
149.78121711278862,2,1,3,22,0.0294466555162466,0.2158026732323054,1
129.58123616423293,0,3,3,9,0.2121193253454519,0.0134152576139205,3
72.57175247214374,2,3,4,7,0.2285023458804618,0.0697163153171157,3
113.16229608632906,1,0,4,20,0.1705004017114398,0.0649904163004714,1
81.38907451766039,3,4,3,20,0.2533720556682602,0.107804276453211,3
45.75606118618301,3,1,4,22,0.1994154238760798,0.2542314468232022,1
111.48176575369126,3,0,3,20,0.2688044997132529,0.0378914523248078,1
131.2143978324421,1,4,5,8,0.2738191093944224,0.0460470041658047,3
51.32923207477735,2,2,0,9,0.1871769551432009,0.2129618502192408,0
75.71047017957602,2,2,0,9,0.2967419318328115,0.0617396029881398,0
120.6997934360755,3,0,5,20,0.1602116074479451,0.1590078595860588,1
130.9549415505952,3,1,3,9,0.1957031311593492,0.1822311701946516,1
159.13567159372016,1,1,3,21,0.1280370594543587,0.0320774484094056,1
55.63493164819008,0,2,1,11,0.2722050248003486,0.2504460521441448,2
90.22878985153146,3,2,4,15,0.11296747718957,0.2496301122566553,1
38.72557603905867,3,4,4,19,0.2435663814901213,0.0072892741026387,3
95.7463412587434,1,4,4,9,0.1608025260631072,0.2554867315254329,3
17.50423039861232,1,3,4,22,0.2669018624034757,0.1847345773186481,3
104.13500018192852,3,3,5,14,0.173022744783711,0.18845727134034,3
135.8352841119355,3,0,5,8,0.1996124916494193,0.0843916558017658,1
157.3783226072349,0,4,5,11,0.0961043075599395,0.2479385351222737,3
161.62680775002843,0,3,4,8,0.2300128135576527,0.0500785940000657,3
12.03252556081857,3,4,3,20,0.2343277695061895,0.1691362557278705,3
1.0,0,2,5,13,0.0667073591042663,0.1193003759038973,1
75.6489568482747,3,1,3,10,0.1792384167437276,0.0962946658531311,1
55.27443891908632,1,4,4,6,0.2742915407057126,0.1429393467613448,3
35.25113056825383,2,4,1,19,0.2233471909439387,0.2784255137080207,0
62.46595064741723,0,3,5,10,0.2496873983012244,0.0221266461450083,3
96.1258612834057,0,4,5,6,0.2995648538629585,0.2573937155040325,3
131.00024944503764,0,1,3,10,0.1305175155044115,0.0205168993402607,2
147.2830331410292,3,1,0,21,0.1277997072075886,0.1604913816526663,0
19.2011833141472,2,4,0,14,0.0587319715849777,0.2575210736552156,0
59.5143346374137,2,4,5,6,0.0746112838931182,0.2795293133046336,3
56.82369684776638,2,4,4,23,0.2027415655411249,0.2242767388262835,3
211.0240310760595,0,4,1,9,0.2247126738216632,0.1179624050592268,2
113.01313649554857,3,0,0,15,0.0419521200936378,0.2766440423340848,0
1.0,3,4,0,7,0.1207138441744111,0.2019400283415457,0
71.19970397523804,2,1,3,15,0.1597979190990739,0.0821090040912995,1
140.94031760534887,2,1,5,12,0.1899566446374823,0.1700044066216214,1
25.33411373657897,1,3,4,11,0.0669915885981444,0.2003686945270532,3
150.77264240873396,0,4,0,6,0.2101561156888962,0.0584233590374551,2
88.34515394814254,1,0,3,12,0.2690329806840318,0.1006547424797859,1
79.37369637313584,2,1,5,15,0.2687305490741324,0.1803254169524725,1
89.78753439603445,1,2,0,23,0.1630004590141252,0.0971341434762611,2
62.30542357226543,2,3,0,16,0.2836957024118068,0.2076633629229763,0
40.40921545068461,0,1,1,13,0.0204732438706169,0.2952687604454662,2
111.35669143467244,1,2,5,18,0.1509890057692534,0.2987439436084689,1
132.72391564550537,3,3,4,12,0.1252082620897326,0.2110302078596874,3
132.9826149388625,1,4,1,6,0.2033192955046312,0.2566134960574476,2
22.9355669549021,2,4,5,11,0.1534004441439558,0.1182421877765939,3
47.97950290641292,2,3,5,7,0.0939942852121546,0.1846474522089755,3
82.07722465815947,2,1,3,14,0.1808254071066368,0.2904064530960824,1
106.12905343402365,0,1,3,21,0.004567417634305,0.1273118306237003,2
149.3744858484364,0,1,1,6,0.2586868118193313,0.2305847826865754,2
74.78400155103846,0,2,4,17,0.2532215825073297,0.0779734618683481,3
108.76225970162804,0,0,5,12,0.1435454568793171,0.120915748464189,1
60.18127624552454,3,1,4,14,0.1033087297132388,0.2220391758223097,1
43.87259547477919,3,1,1,15,0.0414690632268726,0.1027642433018733,0
121.1145815631698,2,2,5,17,0.2645859287083318,0.2969439558735388,1
111.07990090683704,3,3,1,13,0.2440487577567324,0.2650061116272642,0
98.67925004564772,3,4,1,12,0.2160806511140408,0.2885132768392836,0
132.7941995345695,2,0,1,19,0.0003993812844362,0.0688033156964226,0
159.88709683135855,1,4,4,16,0.0442262429110906,0.1219945034473703,3
42.48166513183169,3,4,5,13,0.1450963221821961,0.0390630055036419,3
50.16240487971172,2,1,0,17,0.2973685665064178,0.1078005152375465,0
44.263837202249576,3,0,1,23,0.1365079877507248,0.1810620119060209,0
126.42564404029746,1,2,3,20,0.0905700590960425,0.2793379671973652,3
89.11988821103435,2,4,4,11,0.1291203530893172,0.0150231512797871,3
42.80054993383141,3,3,1,18,0.0097058028906271,0.2802170107441477,0
27.78893398716295,3,4,4,23,0.0307428884211063,0.0381865673352481,3
76.43367482148037,0,1,0,6,0.1816069292007122,0.2720616042491817,2
65.35926959749543,2,0,5,8,0.296626728412344,0.2801722414176915,1
47.1709282211383,3,4,4,10,0.1157513858159905,0.2563026813160125,3
101.7571112310436,0,1,1,17,0.2142200864026189,0.1080232333501272,2
177.86950788248333,3,0,0,9,0.0715001474020209,0.2278514354166056,0
67.38667484483427,2,4,0,13,0.0965233359075092,0.1722277483766616,0
236.14743438621517,1,1,1,18,0.119262797594481,0.1201377525778713,2
1.0,3,1,5,14,0.2830153449891711,0.2981156948817214,1
88.87609333500708,3,2,4,9,0.251902733757925,0.1188918617708248,1
86.58143530205157,2,2,1,13,0.1037204766506671,0.2743922433095805,0
32.81878183576109,1,0,3,19,0.0702112505176554,0.0271596921597661,1
173.48402986018584,2,0,4,23,0.1987842915344636,0.0736262615570722,1
180.93340231043132,2,4,1,13,0.1450730185266895,0.2322484643620615,0
68.55510229788115,0,1,5,17,0.0574721476455269,0.1225327545812352,1
105.42062366764506,3,4,3,12,0.1152965056701342,0.0484860591392946,3
78.98658629445723,2,1,4,22,0.109600838495277,0.1048280066919458,1
56.37283116122452,2,3,4,8,0.2206205667600721,0.0250109827984957,3
99.06808722028303,0,1,5,7,0.2965178788610166,0.1493433102309051,1
110.49863107623156,0,0,4,12,0.2138321906428819,0.1823530431862108,1
59.63352985393,0,4,4,19,0.2507626563351905,0.2055999879406667,3
120.54580667965168,2,4,5,17,0.2504827688669877,0.0121640911034262,3
1.0,3,3,0,22,0.0548756658266963,0.2806216986790443,0
27.42052107250565,1,1,4,7,0.1543402592085761,0.0030343806316268,1
57.17716738771194,0,2,0,13,0.0934779446710297,0.0855159819747477,2
50.15465198348048,1,4,4,15,0.0679477324131592,0.0040656523091421,3
135.98914758336463,0,1,3,20,0.0368543203626822,0.2871027225098358,2
73.51030898456524,3,2,1,12,0.1125611856509097,0.0692778196677484,0
3.8842947273017217,1,2,0,15,0.1458553577361919,0.1615955551703271,2
40.27707217124029,1,0,5,20,0.1379689755531099,0.2939433545942717,1
73.48340496263825,2,4,3,14,0.0573550993562218,0.2764646417491173,3
96.02510270657002,1,2,4,22,0.2694238428632639,0.2317304330655291,3
105.39927583430152,1,1,5,8,0.2681860087613242,0.1398145630771935,1
93.7784607928095,3,2,4,21,0.1373246308648849,0.0817649671614479,3
22.69538398481637,0,4,0,17,0.0740970896854197,0.0517570087816848,2
86.20422647819116,1,3,3,18,0.0481316801675327,0.1888905021487458,3
110.59790135007816,0,3,1,15,0.0854314890645627,0.0833674744741196,2
132.04441622568103,2,1,5,17,0.1595085140855966,0.0700948275320412,1
77.0822203627147,3,1,4,16,0.164316979376308,0.2655657374086526,1
1.0,1,2,4,23,0.1471100903327578,0.1232957067029657,1
99.48803010913878,1,2,1,10,0.0904950941744831,0.0612716152392205,2
63.28800261541789,3,3,3,10,0.0084559886773924,0.0102861237462966,0
66.39336707513367,1,0,1,21,0.225528678705912,0.0273378594023551,2
103.47681615434809,0,4,5,13,0.0328303986412148,0.2045111210186835,3
83.12489669212675,3,4,1,10,0.2426737875257761,0.082668949152656,0
85.50414570680687,1,2,1,19,0.2128679139944062,0.0809043130525627,2
76.99989679440971,1,1,3,15,0.2536525018226787,0.1091755180546902,1
60.35343518155825,2,1,0,12,0.2021284255020253,0.0128205220513428,0
99.45494344981428,0,0,1,6,0.1563893578664388,0.1529703802563433,2
87.60664703773674,0,1,3,10,0.193935327239888,0.1082353666099873,2
41.65853575394456,1,3,3,11,0.0960990930185374,0.2427690550734695,3
6.00441473139999,3,1,4,12,0.2836830889395336,0.011689450186842,1
8.672212043538366,0,1,4,10,0.0266095753938462,0.1668582529951187,1
230.8636669485979,0,1,0,17,0.2263149884407147,0.1282381864053135,2
88.16197209812296,1,3,1,22,0.1058046881222144,0.1764528287973859,2
36.82984187271968,0,4,5,15,0.0276332871931039,0.1866421430293856,3
177.78559889581243,0,3,1,6,0.2823196511901666,0.2783929205205162,2
82.18014963396975,1,0,0,8,0.244229292683781,0.0151924323426455,2
53.71076703681892,0,3,0,7,0.1306370714612992,0.0091745787915316,2
126.80046127956832,1,2,3,12,0.2207958595377128,0.2833512563465442,1
96.33560604982128,2,2,5,16,0.0788301345959302,0.0688456847973944,3
135.5516990130863,2,0,5,21,0.0927356569271591,0.0450003525518508,1
90.89924655085804,1,2,5,20,0.1843572205659094,0.259602926601493,1
88.09904597755543,1,1,3,22,0.2967969859040555,0.2781527507039223,1
26.69701648008652,0,4,0,23,0.2693284481048623,0.2852835008842251,2
112.6504243338896,2,4,1,6,0.046741258357573,0.1015673006436125,0
129.6266859793622,2,0,3,7,0.2570619576871771,0.1073519689387393,1
130.51180030023318,1,2,5,8,0.2733498147387148,0.2828093128163894,1
106.64087667081328,3,3,3,6,0.1675667101094367,0.2424426342309702,0
54.09958674426501,3,2,3,6,0.1831274790939235,0.022905545301462,0
100.71602011024294,3,3,0,20,0.2121816048031637,0.1220129824516406,0
149.31166976378006,3,3,4,18,0.0741307003044515,0.0597448081436531,3
120.2044807108457,0,2,4,6,0.0293627900283857,0.0065733373462757,3
45.94303336633554,2,0,0,22,0.2381778737709901,0.1694754309200497,0
29.777587458336825,1,1,4,9,0.1986566334562446,0.2595137158835285,1
199.8750046589837,2,1,0,18,0.2756051075677329,0.1247346693419715,0
20.55600400974751,2,4,0,21,0.2153734142457242,0.1175584413976235,0
117.42853721475365,1,3,0,8,0.2757800222864688,0.0461487413410394,2
62.43722031526632,1,1,4,17,0.2852397867218896,0.1624944061745874,1
169.17450822187612,3,4,4,11,0.2231178158556988,0.0782732243081741,3
16.00471267475524,0,3,5,23,0.2921028768969868,0.2156408099309516,3
62.47264054984758,2,4,3,6,0.1933475856758612,0.0619567241044729,3
143.15303906263568,1,2,1,17,0.1002741542146457,0.1312534731559137,2
140.5553452226569,3,3,3,20,0.0299084939621332,0.1402274163068727,3
62.50325431108739,2,3,4,14,0.1942350028610494,0.0855240112668999,3
77.3710015028405,2,1,3,6,0.2687080286122318,0.2172807204014813,1
85.22418533722409,1,0,4,23,0.2467265083718966,0.0319011631501315,1
143.19358297760033,2,3,1,11,0.1325702650371116,0.0934754947824662,0
132.2104419422064,1,3,4,12,0.1779997973137315,0.2341031623280809,3
122.80608293761944,1,0,3,10,0.0942823319005299,0.074676571435709,1
94.49342121086548,0,1,1,12,0.240413724524117,0.1297681481747251,2
44.560921029474464,3,2,4,23,0.1500510294643921,0.2400051464796403,1
137.63192672396184,1,3,3,23,0.1554956943207091,0.2199290712190427,3
148.00819484028034,1,3,0,13,0.2166061741603221,0.2625223624324195,2
76.2102027645697,0,3,3,8,0.0155322905212481,0.2668492725097155,2
85.10443360009644,0,4,5,22,0.2652564235418858,0.0963833265663394,3
118.04804438625256,3,3,1,20,0.2147293945885663,0.244150402865857,0
173.27150771638605,3,3,0,19,0.2973886909729152,0.2405641306373052,0
125.7072913203023,1,1,0,14,0.0186768936979291,0.1153649650367874,2
142.64029502783873,3,0,3,16,0.1940415974419379,0.043199622693969,1
67.31614731259711,1,4,0,18,0.116057274673384,0.1323925632156339,2
80.94617727766366,3,4,5,11,0.055777027531815,0.1004500874225068,3
155.55962057271387,3,0,1,11,0.1174456583343516,0.1132285708420351,0
102.8343738649219,0,3,3,23,0.297901905184679,0.0889909895996118,3
83.08716778764617,2,4,3,7,0.0321829891114212,0.2259922731490323,3
118.4756558158212,1,3,5,16,0.2800397442039163,0.0642431354246541,3
60.95151464199229,1,2,3,18,0.1827439003332437,0.0018453971981681,3
134.35053547240983,2,4,0,23,0.1686530484290992,0.1546091819455445,0
54.98415459409579,1,2,0,18,0.121132854572484,0.1056375375417642,2
11.31404377053785,0,2,5,18,0.1837566700471464,0.286638385945857,1
78.34290502816822,1,3,0,10,0.2433086847233147,0.0443658693243038,2
95.18858857584048,3,3,5,9,0.1387786218318584,0.2172728321034892,3
73.32841266912546,1,3,1,14,0.1566732197030965,0.116738380496131,2
71.98891861175662,0,1,0,7,0.0416846626829725,0.1940523066366946,2
80.61191086467387,2,2,5,14,0.1785484597019472,0.0140307287368686,3
94.16180011092118,0,2,3,11,0.2502030063241643,0.1038010989292601,2
1.0,3,0,4,11,0.0838650450833405,0.1724502727703508,1
140.03800916857514,0,2,0,16,0.0581638490242085,0.2760907600285954,2
169.38154403920225,3,1,1,15,0.0501235562556032,0.1116696104914733,0
140.36952053269516,3,2,4,9,0.0464169325045154,0.1401660182008635,1
77.73261025017246,1,0,5,23,0.1599214133327211,0.0453172703827357,1
139.9156618450569,2,2,1,23,0.2458382941969255,0.2834012718987264,0
141.3757107365605,1,2,3,22,0.0621301561346553,0.2519976570447943,3
135.13628366356448,3,4,1,9,0.1039768842000687,0.213275392745004,0
48.01854607905406,3,4,0,23,0.252740083689134,0.2049297877297862,0
144.67960203157304,0,4,3,13,0.1063810488166041,0.2768002782682816,3
47.538837497649055,3,3,0,15,0.0296813153157425,0.211456838882175,0
103.13272463893288,2,0,1,23,0.268734446738905,0.1042996827827775,0
65.02448427864101,1,3,1,8,0.0631516385578614,0.2585028971573345,2
56.221894978336856,1,4,0,12,0.138647383431102,0.0682302299067647,2
120.3905007308877,0,2,1,14,0.0516607129659105,0.2007924918384458,2
159.19095292553882,3,0,3,20,0.2716022761425832,0.214636669518504,1
116.74917777489624,2,2,0,6,0.2673173944116616,0.0445446162617443,0
92.78440337916176,2,1,3,10,0.1140584547677052,0.088790785828325,1
138.61149667416458,2,4,1,12,0.0079662036430726,0.0738368653282113,0
43.75299890575079,2,0,4,14,0.2576718642493363,0.0663038090575529,1
75.38406025104825,1,1,5,8,0.106214159837049,0.089333713528818,1
41.0229470709636,3,4,1,13,0.1471435405674022,0.1252822699796237,0
79.40643003784326,1,1,5,23,0.1480712285032824,0.28174510430078,1
110.89855600193296,1,0,0,22,0.0759913764526942,0.0146140728824949,2
90.64255976795432,2,3,3,23,0.047615393258447,0.1437916199563994,3
72.54046153515881,2,1,4,14,0.016927562022968,0.2397082211211346,1
59.114792400696366,2,1,5,14,0.2936649184812256,0.0660336135326171,1
156.15265987632316,2,4,0,18,0.0061738177047484,0.2860501649297923,0
22.551016916539552,2,3,5,15,0.1178581892154905,0.0519331292593626,3
81.69538435461314,2,4,5,11,0.0417420865192831,0.2314599863531302,3
152.23331178377035,0,4,3,19,0.067723305370385,0.2537245196541817,3
85.70720219212848,1,2,0,16,0.2673614214473876,0.177773996048681,2
139.9805813028122,1,0,3,22,0.1987107315345888,0.2714587906221027,1
165.68503058959678,3,0,3,15,0.1839016958279882,0.0959145463424024,1
33.18143483615653,0,1,5,23,0.1633929387396123,0.1380515875077902,1
171.22252474536367,3,3,1,8,0.1665763170905969,0.0002256133925359,0
181.60761219226472,3,1,3,17,0.276711132937409,0.0195761003670646,0
87.86355658935848,1,1,0,19,0.2627108316572704,0.1683780928558108,2
66.96342470555139,0,4,3,12,0.0061536007690058,0.206623474809127,3
88.80984744745184,1,2,3,8,0.2491740292051616,0.0563591127744361,3
114.2192856431797,1,1,0,14,0.0868342677380555,0.1975010981300989,2
135.99320844236118,0,3,4,14,0.1376090105556674,0.1942847510479134,3
155.62820510374164,2,0,5,11,0.0200732551982485,0.0315766926431887,1
48.25544906554413,2,1,0,7,0.1504496310684825,0.150329481425582,0
206.91411582293773,1,4,5,12,0.0368977924935584,0.2014661495536145,3
103.09720174890936,1,2,4,6,0.060618804939147,0.0647723777905407,1
224.36003836961711,0,1,0,19,0.0906884912976171,0.1758820133793114,2
105.71917375679668,2,0,5,17,0.0794241311262243,0.2246691666248241,1
172.16500050648943,1,3,3,16,0.2292899052487378,0.2901918834254355,3
86.82395399204341,0,3,4,11,0.1516572180632866,0.2312366031069726,3
139.84024165285328,1,2,5,7,0.2056788876569317,0.1502952471582659,3
142.37901591045886,0,2,5,21,0.1327390367973347,0.1607444847645927,3
107.6837010282094,3,1,1,14,0.014162440934907,0.2445123898768492,0
134.50668883612195,0,4,0,22,0.1622633523962231,0.0557822057414911,2
126.7151024865083,2,4,4,21,0.1980540783937835,0.1324539220306916,3
90.83794446323355,2,0,3,21,0.0903134486994758,0.0118334944271379,1
70.28250736301976,1,0,1,12,0.2269164852984102,0.2939390913519462,2
158.42923075977072,3,1,1,20,0.2920978170159826,0.1418922683477037,0
134.74080714615468,3,1,1,22,0.2447333508917294,0.0566154816295752,0
159.51681703046845,2,2,1,19,0.2185854766094824,0.1556672663775861,0
61.25417331363668,1,3,4,17,0.2490811521876001,0.0221488163436791,3
53.37515068355208,3,0,4,18,0.0989113212490392,0.0839425073154547,1
126.476272216403,2,2,5,19,0.2820536812594058,0.1074364401495557,3
111.17628622381945,2,1,0,9,0.1069786437252397,0.185213907684046,0
66.98353691243132,2,0,0,20,0.0750683718372333,0.1253727191063002,0
25.42866311719871,2,0,3,20,0.2607862658686094,0.1570236421284933,1
109.00527337327074,0,0,4,6,0.2894871231171574,0.0505194367407108,1
99.66319219429488,3,3,0,12,0.0877212396484557,0.0603193943735752,0
34.610004662346185,2,2,5,12,0.0725780739689167,0.2633559902679825,1
55.22270576413469,3,4,0,21,0.1664425673354489,0.0721003940244699,0
112.99416174596487,0,4,1,23,0.1636059208217654,0.1995452466223179,2
74.21163277352312,2,4,1,8,0.126671744581212,0.0389460517739498,0
100.96836637436569,2,0,3,16,0.0679601252094625,0.2578550220967565,1
72.95363857025656,1,1,1,23,0.1983419164151988,0.0617615519604566,2
115.64066583718493,3,1,4,7,0.285311056726501,0.0080434496704218,1
77.91266382515377,3,3,0,18,0.0052242082989099,0.1220251860607354,0
104.3638734476108,1,0,5,7,0.2551481070786379,0.1770609526952992,1
74.1188627789582,0,3,1,19,0.2438905878702401,0.0043367538728596,2
171.81006974526105,2,4,5,20,0.2869666893048706,0.017789084239177,3
107.99230248563973,0,1,3,9,0.2492204606349415,0.0668254817468971,2
92.8757709214102,0,0,4,10,0.2951282754701672,0.290909569327583,1
121.55440368185508,0,3,4,10,0.0914202994572562,0.2698200112974674,3
108.09197365213006,3,2,3,17,0.0925429423841519,0.2107786030663469,0
239.30249689066625,1,4,0,11,0.1090646487100758,0.2935797240292712,2
94.56561417066736,3,1,1,9,0.2537977905680385,0.1546322502965924,0
130.95482390257754,0,2,4,14,0.1075735734523944,0.2194362491537676,3
55.46998005739322,3,4,5,8,0.1280696931571565,0.1982810832781153,3
80.10041125553889,0,0,4,15,0.0556882898441045,0.2706967026104523,1
16.53547350277657,2,2,0,15,0.1970775281918209,0.1423141091527603,0
142.89742998121716,0,0,1,16,0.1500187273316525,0.0574234808415874,2
216.93254702772805,3,2,1,17,0.0089040475540853,0.0902768698655924,0
206.8805814689612,2,4,0,22,0.0488812350287475,0.1333856127925915,0
103.05812839254575,1,1,0,17,0.0425600038557468,0.1513361115545046,2
140.74370589373848,1,0,0,13,0.1716210551783117,0.0339859337751513,2
91.26590417052518,2,0,5,20,0.1759374978275248,0.0530286673319105,1
188.17428037088723,0,3,1,7,0.1149197548754645,0.0238224468564854,2
135.81549252830075,3,3,5,9,0.0025571912910267,0.0131364279926915,3
165.78159310941223,3,2,5,8,0.2783580793843136,0.0473951431010952,3
92.75795616321,1,3,5,10,0.2276570668130491,0.0357875799707511,3
98.0028943208068,0,1,5,6,0.175183156843231,0.0950123175714292,1
153.93595254015077,2,4,1,20,0.2429995592374919,0.0924351363602935,0
38.3091099112986,2,4,3,10,0.0621311877869478,0.0973001722216345,3
134.7916689977825,3,2,1,12,0.1874081912717788,0.1769599630360167,0
123.59274441007486,3,0,4,15,0.0396195559885978,0.1368789244269286,1
93.73611814437098,3,2,4,6,0.0373622436272729,0.0826417780757462,1
103.98213449469483,0,3,5,6,0.2788448603091747,8.804990376776178e-06,3
44.17286783262311,1,4,1,21,0.0851403315408121,0.20112751392217,2
175.31166176984436,1,2,5,23,0.2807710337579296,0.0316423231391444,3
96.14176123943678,2,2,5,23,0.0469227382850975,0.195435638771171,1
46.39709690784801,1,1,0,17,0.0125263975839654,0.2146745234838591,2
1.0,2,4,4,16,0.1814040686744497,0.0050824730260039,3
140.59919263170084,3,0,5,15,0.1224528596575201,0.1819819380057307,1
150.06915728303238,0,4,1,17,0.1036486624439301,0.0622333028171858,2
153.00769573728755,2,1,1,18,0.0626236353230419,0.2339625716664489,0
120.93572794378971,0,3,1,8,0.2256851264767039,0.2162916752944756,2
120.97826579941515,2,4,5,10,0.119106455215639,0.2614438854633683,3
67.1770539848969,0,2,3,11,0.2863831549869634,0.1798197666125301,2
163.4633136462464,0,4,0,8,0.2155106031088983,0.1752369444714179,2
63.5304332814913,3,0,5,9,0.0919486473795423,0.1463094641488222,1
47.8378295412808,0,3,5,9,0.1088886913344601,0.2107704749268446,3
111.53486591672171,0,0,4,18,0.2305778010768881,0.1635399653335462,1
202.21619011873983,0,3,1,14,0.0214319912145446,0.0034509440001405,2
51.03403973577245,1,4,0,8,0.23579959301363,0.1020858721799071,2
116.99323166423524,2,0,1,14,0.0837378252443501,0.1268568087641743,0
128.30691543561852,3,1,0,10,0.249106724228358,0.1711247890438589,0
16.351919523143238,1,2,1,16,0.2463462910452772,0.0411501051379868,2
66.77814089473262,0,1,1,9,0.0983105467149703,0.2965890699866981,2
92.14493850052456,1,2,3,12,0.0637813551732115,0.0323775406162056,3
160.4894093921905,3,3,3,21,0.1100811800751404,0.0514235782995965,3
192.81968491624428,0,3,4,9,0.0754584503934895,0.2986187347056742,3
146.95794565720908,1,4,3,23,0.1782359612503627,0.2433427067982249,3
88.6336206342832,1,2,1,18,0.1622128893196688,0.2543711255123677,2
123.6374486737848,1,2,3,13,0.2847023063371798,0.1046907620036206,3
101.70046274305388,0,0,1,20,0.1072193631728164,0.1728049593908555,2
92.87896324562176,0,4,1,10,0.2869905397635459,0.0843207193686657,2
91.50900139114005,2,4,1,7,0.1547261985985924,0.2248348140970719,0
81.54363634637532,2,2,1,10,0.2953667910843585,0.0478539985541144,0
28.12563522464144,0,4,3,18,0.005293163192182,0.1995068576555479,3
1.0,0,0,3,17,0.0995217849235889,0.2602369854895859,1
67.54269076205463,0,3,3,13,0.273467582777361,0.217486494630005,2
112.90459883006682,1,2,0,17,0.2238367770789762,0.0120535987715996,2
61.295425919011365,1,4,0,9,0.1188100893958563,0.1063670460036751,2
121.12025414159608,2,1,3,8,0.1629442447275151,0.2709065004217281,1
82.97439776444115,3,2,1,13,0.0438442920505709,0.2120048832376438,0
65.98520824703529,1,1,1,12,0.0166937162117588,0.0329127991803315,2
71.78059506471384,2,3,4,14,0.1482804654880169,0.2754717961268466,3
112.44660529801337,2,3,1,18,0.1533996808886378,0.1268895006650663,0
80.55951072703134,1,3,1,20,0.2225190743250411,0.096531387828238,2
84.32179435147177,3,4,1,9,0.2804192275775461,0.1649184620755319,0
121.09668560867551,3,2,0,6,0.1774615941576412,0.0693142988528741,0
187.30768897755289,3,1,5,22,0.2551872014542974,0.0240883784768102,1
98.26672151311966,3,2,1,22,0.1490304107029966,0.0338459577093744,0
49.89480376847847,3,3,1,19,0.0482697088357238,0.2486926345542083,0
119.74608836040132,2,1,1,13,0.0376143500295384,0.1349469160211799,0
79.61364913656908,1,1,0,18,0.2359521759264417,0.0670522891717443,2
15.145500952971986,1,0,0,13,0.2049961807336496,0.1931623743777391,2
172.9216351713389,2,3,3,12,0.2271000448137345,0.1469626723161631,3
100.89588691109584,0,4,3,13,0.2117335654774914,0.2872073786434589,3
77.71241210349194,1,1,5,20,0.2717915557687411,0.221237992060077,1
54.45209122783609,0,4,5,19,0.0786892237488256,0.2460302632098555,3
90.53668845315958,1,1,0,23,0.2462416629551971,0.22132703400037,2
148.54429445440792,3,0,5,17,0.1926472312378272,0.1561229129006353,1
125.82785223999176,1,4,0,7,0.1056419770570591,0.2119133550026314,2
111.97738604346158,2,2,5,14,0.0157610942844007,0.2674405789680436,1
112.95144107418572,3,0,0,20,0.1123596629333187,0.2614425085699826,0
33.41978406940024,3,2,4,6,0.0009293511067139,0.1866570366254479,1
12.232271533991792,3,0,5,12,0.0514465702723348,0.1996670834054536,1
104.72136898573798,2,4,4,8,0.0036387505835568,0.0543297450271754,3
110.9046403230833,0,1,0,13,0.09858860954248,0.1741420643622654,2
165.07964990019963,3,3,4,15,0.2268104364701456,0.0115146860080777,3
161.0391458684466,1,0,3,8,0.2090052785760289,0.0168364392191786,1
91.8677855111428,2,3,3,9,0.0610120111781031,0.2392618003684343,3
197.90761134563567,2,0,3,10,0.040191668693772,0.2471528449163171,1
119.03779228739664,1,2,0,19,0.1664727275619591,0.029283487501228,2
62.02909085432912,1,3,0,10,0.2089870901906373,0.2120408412762508,2
57.44827391452163,2,3,5,13,0.0210724229537902,0.178832317596279,3
126.36432698459748,0,1,5,6,0.2724465699160708,0.0667931358878266,1
50.37195423035792,2,3,5,13,0.0424875054338494,0.0652743004676819,3
124.7312319787143,0,3,5,23,0.2058285599394272,0.1944451490484375,3
91.04482231836748,3,2,3,15,0.0703109249423592,0.0286993739647796,0
86.52459566370746,0,3,4,21,0.1903646466392034,0.1883689771180192,3
49.60028805657547,3,1,4,22,0.2918086596153657,0.0004185026655992,1
50.96685438849828,0,4,5,15,0.0585930398202138,0.174447493497108,3
84.43889406826106,3,1,3,15,0.2165296310525504,0.0410652241555479,0
74.68332187343871,0,2,4,12,0.1177103582518502,0.1485624576060795,1
71.96674898196693,3,0,4,7,0.0725636303203986,0.2193162996871593,1
118.67226777222196,2,2,4,23,0.2499717404586446,0.2546893697470226,3
114.31666649335044,3,1,0,7,0.2008554473622415,0.2154621490160931,0
138.4220365663383,3,1,4,21,0.0304095032673539,0.2198022210840444,1
119.42531619297164,0,1,5,11,0.0667851454112598,0.1023109326403824,1
94.40363747974794,2,4,4,12,0.1331982997785236,0.1979054364861656,3
114.55034312319071,0,2,1,9,0.2620353289080753,0.2805354114967361,2
16.202201456707627,3,3,4,11,0.0245815839017605,0.1160495420181362,3
90.45070957610142,1,0,3,20,0.0449792010489443,0.1909359708422394,1
54.58109535146567,1,4,1,6,0.2498975292760642,0.0646097619983853,2
137.64241656001354,3,1,0,18,0.2138191518182564,0.2554972363502117,0
143.24744190058186,2,2,1,16,0.0778168760823266,0.1827350239980949,0
127.05965036502154,3,0,1,22,0.098098929169162,0.1842413311923818,0
152.8744639651089,3,0,3,18,0.0352992730590167,0.2192658654338349,1
81.08617277112958,1,3,4,11,0.1646934542843341,0.2865712960294814,3
45.4984752263177,2,2,4,9,0.092929812452445,0.199111630185139,1
90.58170766901723,2,1,5,12,0.1267076333255775,0.0491609143909498,1
124.86101192216842,2,0,5,21,0.259924056938567,0.2723700289657323,1
107.07660660748498,3,4,5,13,0.1459777962939167,0.2625265954941755,3
141.04887809124585,0,2,1,21,0.0383067827148956,0.2229688532673233,2
160.34496744858654,0,0,0,19,0.2255916905453313,0.0553161554090308,2
52.01683367222781,0,4,5,15,0.1207842712220312,0.2186982186504745,3
8.972355916937943,2,0,0,14,0.2629440870398064,0.1435036775731347,0
108.11915925665234,2,1,0,23,0.0553357012515167,0.106170737960039,0
83.31206972546815,0,4,4,12,0.168671037736951,0.2658034902863956,3
127.01920238868324,2,1,0,7,0.0993291121254659,0.1380227362790719,0
76.29734634820969,0,1,5,22,0.2709776524525278,0.2647774463743635,1
29.421215743746856,0,4,1,17,0.0973371426618323,0.1898796777958932,2
130.1450022624077,0,3,4,18,0.2386910979226581,0.0068978692978589,3
157.244081184907,0,1,5,7,0.1473839588194301,0.2945634653944251,1
98.98801393511768,2,3,4,9,0.2853213041128515,0.0502149098575841,3
83.48814444878766,3,0,4,17,0.1257580034160791,0.2344934434625342,1
58.02910946701411,3,0,0,21,0.0233389468111365,0.094180526800694,0
185.0711870220185,2,0,1,8,0.220077401437839,0.2162643556415939,0
90.78652634769465,0,0,1,17,0.1928608197808709,0.2136517157130812,2
62.50785386459074,3,1,5,18,0.223888017253012,0.2976473664981212,1
101.54121022137822,1,1,5,8,0.2457693496649912,0.2711572531805935,1
16.028669030764362,3,4,1,11,0.1675584832247658,0.2331515994441415,0
193.29222761426357,1,1,3,13,0.1087464019905167,0.0295179044416558,1
67.90015027733324,1,0,3,20,0.1188593264380584,0.2616089424896448,1
89.09154087745851,0,2,1,12,0.0854575732871512,0.2815147411753628,2
95.71235261897664,2,0,1,22,0.2129128566701658,0.1328716949900018,0
162.4234019711379,1,3,3,10,0.247458627172759,0.190966445710192,3
122.36727796531687,2,0,1,16,0.0388059231208554,0.048270784942548,0
80.88738762140625,2,4,4,9,0.008118513595119,0.0472139537123366,3
106.15968306823989,0,2,1,15,0.1013090463771742,0.2224245562356983,2
135.44682255343585,1,0,1,12,0.2855198966293641,0.186530434233457,2
95.16852319016638,3,1,4,17,0.2153273108676878,0.1792242632454645,1
165.42370846000816,2,2,0,13,0.2349351024503577,0.03362188345901,0
52.958896290398485,0,3,4,23,0.0987086857338663,0.0266914730925608,3
133.47080955934425,3,4,5,13,0.2539756436176283,0.1678247912283097,3
86.93499447155526,3,1,1,10,0.1180778409644801,0.1270732597562344,0
113.08652190969418,3,3,4,9,0.2081955054457749,0.0597693732247394,3
186.60922885887825,0,2,5,13,0.2025386409324638,0.173952523776927,3
153.31759455976186,2,0,0,12,0.0966879734513464,0.2581670368828302,0
96.94582356101226,3,1,3,6,0.0057735843235733,0.2030535516163148,1
52.09495931689026,3,2,1,11,0.0347862480006848,0.0951988089234613,0
70.84442614567786,1,4,0,22,0.1144284612659542,0.2194372326685036,2
187.9346418477432,3,4,4,10,0.0168126370634093,0.1580914948691695,3
124.97017433088492,2,1,1,21,0.1063588116829021,0.0412850815798037,0
127.9716422704038,2,3,3,20,0.2783528900082787,0.002444149745433,3
46.34204275843822,0,1,0,9,0.2357987002874972,0.077999701753902,2
163.52166778323868,2,4,0,22,0.0087817015714222,0.1820879412816347,0
155.30858758961654,1,4,0,7,0.0692424403079702,0.14752662385905,2
104.3365380653594,1,0,5,10,0.0860051640376624,0.2999588661810778,1
57.008726460605246,3,0,4,8,0.227004889091201,0.1343730359182351,1
90.9507066992839,3,1,3,23,0.2138562701016813,0.1076385566955427,0
94.55024196443092,2,0,4,14,0.2590756914727241,0.0712579654996338,1
103.2384394809816,2,0,5,8,0.2212428682390584,0.2918470425047842,1
118.39190966994482,1,1,0,17,0.1893550081334824,0.0507738105793262,2
128.3628201029,3,3,0,14,0.1024396040532129,0.0024090744330999,0
160.53506265737582,1,3,3,11,0.1311921772889288,0.0067889850160996,3
11.33962961054766,1,2,0,23,0.0553227783975171,0.25817796655646,2
200.0312966107167,1,2,1,19,0.1087714835298133,0.1260158957190608,2
111.43020727892105,0,2,5,9,0.2126560761771668,0.1778388747805049,3
129.3548963150148,2,1,5,15,0.1169807177635858,0.2919958747591915,1
137.20788894473202,0,3,0,18,0.0290222226817513,0.2778395055666302,2
25.911607551320856,2,2,0,15,0.1340564014928269,0.0100627302252655,0
61.6130990685309,1,1,3,13,0.0790598374923649,0.0170478872512898,1
71.83067747738487,0,4,4,20,0.2511046548071356,0.1973794006434457,3
5.21269282937115,3,2,4,7,0.0772905558736127,0.1480063735469345,1
1.0,1,2,5,9,0.1445261155947807,0.2818092932764093,1
34.67336791689,2,0,5,9,0.2151529191285677,0.2345565316151462,1
128.6062858804195,0,3,3,14,0.0191030418120882,0.2681326133370805,2
49.28924956015859,3,1,3,10,0.2946677979145108,0.2545963398560175,1
80.75167355957755,0,4,1,22,0.0029929028843589,0.0698033662257039,2
52.62854774696618,2,3,5,9,0.2324152744280311,0.1568034145038955,3
52.869851899324814,0,4,3,11,0.1223655834999157,0.2017952542465421,3
97.95062335776927,3,4,4,23,0.207182381041303,0.1058454893002456,3
173.42511359427,0,0,4,16,0.1632921024618347,0.2584135700502937,1
140.91133082298074,0,4,4,17,0.2021635496997839,0.1061300083255347,3
38.732478170885,2,2,4,13,0.0767327449170472,0.2101780850543192,1
134.61174427341288,2,3,3,12,0.0444768555576772,0.2901035155776864,3
109.60821180166326,1,3,4,18,0.1706849929097609,0.1815367348026562,3
80.68108797814011,0,4,5,11,0.0445019225808131,0.2574153293241463,3
50.23252078269218,3,2,4,11,0.2969843246909409,0.0733607458203148,1
106.76799930461084,3,2,0,12,0.2642360831709436,0.1627886169180428,0
122.80197941918472,3,4,5,16,0.2733588512249668,0.2461866356998583,3
27.406319156341524,3,0,4,18,0.2480255570665569,0.2336927612999669,1
175.96972984706707,1,2,4,13,0.2670809187523786,0.0570538872646498,3
159.45974860469735,3,0,1,15,0.2633555186464186,0.1160085180084136,0
1.0,0,0,0,14,0.2184599520978928,0.1961208932372274,2
40.81835516927516,2,3,5,17,0.2904400815081284,0.242796607952232,3
245.8516385604328,2,0,0,7,0.2297576964825561,0.1449897071086963,0
119.42114471564324,0,3,3,14,0.1880446084158478,0.2666557898896694,2
1.0,2,0,5,13,0.2642059041392989,0.1004181335510952,1
50.61486561722065,1,0,1,19,0.2263450209931939,0.0383467093806211,2
108.7244099743868,3,2,5,9,0.1106451631677939,0.1750311732181376,1
131.767590564957,3,1,3,8,0.138913085675978,0.2963077967204809,1
134.80327085385247,0,2,3,21,0.124681437633607,0.2894776637798709,2
102.9656382709689,1,4,5,20,0.2467765239693191,0.011928939459544,3
24.97027064456236,2,3,4,13,0.0109680524367561,0.0084680622203696,3
127.4520905673866,0,1,0,15,0.254099722621071,0.2708457091520115,2
143.74234135598286,3,2,4,6,0.1017873139440189,0.055719557304652,3
85.85118615096252,2,1,1,15,0.0329122783606872,0.2128935616258279,0
116.39368031552291,2,3,1,7,0.0454581499947922,0.0122843262141414,0
118.38486266124391,2,3,3,8,0.0619113033270698,0.1699898175819735,3
114.9135552300494,2,3,3,17,0.0977465987734084,0.0453990953170046,3
109.5886216822069,0,0,5,20,0.0102508252208421,0.2385943715073501,1
164.99594890309058,2,0,5,7,0.2478115829552365,0.1598686022442212,1
59.27487038587911,1,1,5,7,0.2765376562174542,0.0328540306208187,1
154.10420985765165,0,4,1,15,0.0733252054006034,0.0537206188425038,2
96.75436336274896,1,1,0,8,0.0156581416445531,0.2096776980939529,2
9.277631636872556,2,1,4,12,0.217441984209544,0.2607791091912501,1
149.54790935178306,2,0,5,21,0.2024374759350359,0.1303833433967829,1
16.890025213824657,3,0,3,18,0.1434096123942096,0.0946376087613845,1
37.76386015406169,2,1,1,17,0.1419736323941001,0.1161786883892889,0
90.4187042171291,1,0,1,9,0.205483464919182,0.1854062968218555,2
80.68477507610469,1,4,0,14,0.1952478974950668,0.2441367502003387,2
36.66396489342127,0,2,1,17,0.2610736213340013,0.1341072760857971,2
135.84609761927553,1,1,0,17,0.2380685237905784,0.2660799159414205,2
77.13214655178547,0,1,4,6,0.1304214986775182,0.1255797500371649,1
89.59339519578724,2,0,3,10,0.0945760173109801,0.0832864467580686,1
165.04556187082787,1,1,0,21,0.1746481023202841,0.016613266678934,2
134.1854575201247,3,3,3,18,0.1145513165908852,0.1948721835601692,0
74.13267135303609,2,0,5,13,0.0552807460739613,0.1119149131603011,1
24.56681150888801,2,0,5,9,0.0591210692118954,0.004476266405883,1
58.62513572268247,0,4,4,6,0.0069610614340219,0.1997172291869199,3
64.33975985109831,3,3,1,15,0.0838843086713546,0.0010005579381856,0
118.70862705544089,1,3,4,21,0.1428639691771491,0.1659964537812047,3
152.08970595107974,3,0,4,16,0.2477491648080411,0.1424063697367922,1
1.2994022477008969,2,0,4,21,0.103627364356656,0.0642917729982008,1
188.35297872288507,2,4,3,19,0.0014724084202224,0.1941556311124444,3
191.0435905061737,3,2,4,18,0.0979700922437888,0.0534438225265859,3
131.1466134905982,3,4,4,10,0.0012219530049934,0.1756286705628394,3
107.43867022505462,0,4,5,17,0.1378667193488485,0.2491892211181381,3
181.7191599323882,2,0,5,20,0.0643739551258691,0.1671575697352875,1
105.61883408139474,3,3,3,19,0.0289618930423004,0.1669358814779474,0
117.87879454146508,1,0,0,19,0.0662222261245908,0.0979062460562691,2
25.826702394712527,0,4,5,18,0.0550634532003225,0.0912728466046946,3
44.70333877100221,2,1,3,18,0.2080710479937605,0.1025346188207081,1
108.34326237208276,3,1,1,10,0.1975212191069748,0.2727745410813272,0
87.3218414275899,3,1,5,13,0.2858737778152205,0.2264220350789567,1
76.50087133349957,3,4,1,7,0.2633441846236245,0.2963800587990496,0
62.27343229927287,1,3,3,20,0.1158713616011284,0.090738613767403,3
116.11204404412042,2,1,1,13,0.1659574813637142,0.0635712970264738,0
55.96199044426394,2,3,5,16,0.1212038999728802,0.0164079635081951,3
160.32937099021044,1,4,3,7,0.2671660757884124,0.0383358070984444,3
140.54318663802616,0,4,3,10,0.0650830747429847,0.0765592540176228,3
114.81451742417175,1,1,1,14,0.2566158882934475,0.1091522182180707,2
107.38190501934584,0,3,5,13,0.1302005207389935,0.2625052796582559,3
184.2968276978666,0,2,3,8,0.2092701379777364,0.2804378247946777,2
148.87910733880946,3,0,1,22,0.1299910513664991,0.1923017099636752,0
57.67460211148938,2,2,3,21,0.1630220335313202,0.0396847594541539,3
211.91765808854308,2,1,3,22,0.0496989002330272,0.1818383482606366,1
96.22450137165964,1,3,4,23,0.1844241495796824,0.117350105921884,3
78.02228224571198,3,1,0,17,0.0520185997659617,0.2769445389615295,0
112.23751633423868,3,1,1,21,0.1756706496325775,0.0376247812602507,0
202.6570091870604,0,4,4,13,0.1213710542961538,0.2355053779544876,3
88.91524816205204,2,1,5,12,0.0203511060107817,0.1908506623690126,1
115.8860867506467,1,0,1,19,0.2995319965924795,0.1066145035965544,2
60.55753751293494,2,1,3,19,0.1829793591457427,0.2052528779324351,1
140.27902372653634,0,4,5,10,0.1815287928761454,0.164163283607316,3
38.92647614383377,2,4,5,23,0.237867074512613,0.1530086969479694,3
153.9297558055937,1,4,1,8,0.1406665077010334,0.2937453119215369,2
101.32859817021532,3,1,3,7,0.0802952239070558,0.1325566505574791,1
128.9581471255717,3,3,4,6,0.1696890315133075,0.1563218374603109,3
79.92541591962558,3,2,4,10,0.2211359013177031,0.0639410158605544,1
21.47925875805072,1,2,3,6,0.2408518790388864,0.2215210462149959,1
51.54744742312084,3,1,5,13,0.1053334797427138,0.2651906590896339,1
120.60819232517515,1,1,1,19,0.2050775574534405,0.0052283340058199,2
73.4795629936217,3,1,3,14,0.153133406321751,0.20145084246318,1
44.245759646235015,3,4,0,10,0.2863107045221084,0.0149976324801127,0
127.5667108044872,1,2,0,15,0.2480049331518291,0.1474596041391517,2
155.919064105529,1,2,1,17,0.2049883989167734,0.148146911123084,2
38.38212478393284,1,1,1,12,0.136025400598919,0.0696926905848765,2
61.38410786385828,3,0,0,9,0.1837652208147779,0.1419656501399933,0
113.76392645504087,2,3,0,9,0.0555940629981254,0.1946261460085525,0
128.37567306448068,1,4,4,10,0.1511050912606544,0.1112558659675959,3
56.05039934019448,2,4,3,20,0.2288553228402792,0.0157068023716429,3
144.39554431258756,2,1,0,16,0.0002630952545737,0.2713176441646687,0
214.11711691132825,2,2,1,22,0.0441974093249257,0.2101531383807757,0
77.47684245581374,3,4,1,6,0.1427803428611269,0.1420114825011008,0
144.50050634132148,2,0,4,22,0.0345677920789581,0.2859162369157687,1
137.02737679118408,1,2,4,13,0.0776949330129513,0.299239863798682,1
207.8857152218984,1,3,4,13,0.0033821539127287,0.2671258719619197,3
13.22562324161774,1,2,5,17,0.1081823513153187,0.1175756394430544,1
137.70070356972445,3,3,3,19,0.248309440911335,0.0582121946160834,3
151.4719956371976,1,2,4,13,0.1261937789617001,0.0758941758692896,3
135.3508751478803,1,4,3,13,0.2897185639006964,0.2598242415587811,3
26.81867709838565,3,3,5,12,0.2509388674976613,0.167731489500588,3
49.60724006592779,1,4,4,15,0.1548757797613507,0.1465268926749327,3
176.60818848042734,2,3,4,21,0.1825480624784311,0.2347863742155212,3
80.6424472075088,3,1,5,9,0.1575857831304167,0.1725172991880552,1
110.07900570997964,0,2,1,7,0.2581019266672973,0.1408615431779621,2
146.9207710894557,3,2,4,9,0.123859163774309,0.0350219715869825,3
91.15770678541588,0,1,0,15,0.1785393977673871,0.049542472279242,2
185.57008778920672,1,3,1,11,0.083774164648263,0.1380133141350865,2
90.61041859219308,0,2,3,6,0.1005635510826552,0.0454293335431528,2
170.80631410407528,3,0,3,8,0.2773785783404559,0.1581797710628956,1
82.09010043561119,3,3,5,8,0.1956149843917833,0.0267378982541017,3
94.08291880630892,3,3,5,12,0.0152107015754565,0.0639535919238118,3
99.28121934401771,0,4,5,23,0.2292932923853788,0.161347832587153,3
170.9433794901106,3,4,3,23,0.2728430093955043,0.0246260068093254,3
94.17975502694496,0,4,0,9,0.1069090375679379,0.0387199283557339,2
30.05866699192174,2,0,4,16,0.1973332000670856,0.2290709508940514,1
117.61760551570268,2,1,3,17,0.2020141759347238,0.1237102595010797,1
60.97978611447444,3,3,3,11,0.209523644857032,0.1604015505008061,0
126.66368013917966,0,3,1,21,0.2972266518545391,0.1299933232699512,2
148.13090270086073,0,0,1,23,0.1928391909831903,0.1505096905951861,2
143.93671390238325,3,4,0,20,0.1295918005796029,0.1009012115469969,0
104.2364969250069,3,3,1,12,0.0624847850707563,0.0342960071556494,0
76.4212648321732,2,1,0,22,0.169743819986344,0.0645334794350922,0
101.0702022700404,0,1,3,16,0.107249344789509,0.1592898386925548,2
100.54665066215948,1,1,3,13,0.0015032752264423,0.2675875917187717,1
113.05199912934536,0,3,4,8,0.0021810752078546,0.2357701994351446,3
115.00754756180876,1,2,4,20,0.1355929963323388,0.2988470552051538,1
16.07494057258812,0,2,1,11,0.2334093167451574,0.264865250969551,2
137.67653755503414,1,2,1,12,0.0505145812300801,0.1891399372969069,2
132.67393281093666,3,3,3,6,0.1250732461602831,0.0156634370095853,0
48.78743446860631,2,2,3,23,0.0753475735189471,0.139099944834464,1
138.89933391540345,3,0,1,9,0.0971117842510112,0.2632820581170277,0
148.40600386203093,0,2,4,6,0.0261203052180977,0.0732532418518481,3
136.40863747736086,3,0,0,21,0.1707986441271042,0.0660046983545609,0
183.0546955948357,0,2,5,16,0.084756527705783,0.0697238375307054,3
106.88719470015688,2,2,3,19,0.1716530591961478,0.0868782691988236,3
92.65216122814022,2,1,5,17,0.0039175963136756,0.0519275307897361,1
53.26384095957496,1,1,3,19,0.2909524442644099,0.1394491076438485,1
98.00478442054738,3,1,4,7,0.1449854151013193,0.0011831701299693,1
113.94561825409714,0,4,5,21,0.1811954765959136,0.1035994480046481,3
195.27763335718663,0,2,5,13,0.026630019290957,0.0464876995032572,3
120.24328464818048,1,1,4,20,0.0767138376013582,0.1634422362701145,1
136.75776159946255,1,2,3,21,0.2049997550730675,0.2059326407522162,3
115.902577408948,2,0,0,23,0.1902983983774933,0.1179807697311248,0
121.21247764875054,3,3,5,18,0.2202287580169205,0.0257308832529628,3
129.86802398664997,3,3,3,18,0.0105965439018702,0.0977857395209084,0
1.0,0,0,4,18,0.0426968880703594,0.0207789714252129,1
99.3355526063677,0,4,1,17,0.1270214750850905,0.1559713620374131,2
156.96356995985508,1,4,0,17,0.0514030751595355,0.2419292522509727,2
174.9197478709425,3,2,5,11,0.1903261093363312,0.2029829111811864,3
199.6851034074377,3,3,0,8,0.067541955803852,0.1424450860698279,0
121.933398127913,1,3,5,17,0.0269669424519941,0.1522781780840846,3
99.662379742243,3,1,5,22,0.0212438580872647,0.132771393242007,1
162.2809156109107,2,4,5,23,0.2657806234511106,0.1278870962651365,3
64.1047553545394,3,3,0,23,0.0996385826668555,0.0371445654078077,0
178.67998196162927,1,1,1,6,0.0811228218196041,0.0410175635494829,2
118.54151046681046,1,0,0,23,0.2361554345513386,0.0909345715508516,2
102.04092831947176,0,3,4,9,0.0697097885179192,0.2532315101896444,3
135.37711754670843,1,2,3,14,0.1718365701088216,0.2609228745581382,3
205.1880738472897,3,1,4,7,0.2197248188055185,0.1845683133997165,1
179.62989276701768,0,2,0,23,0.1897703402657641,0.1543191840518033,2
130.54821721233216,2,0,3,10,0.1566672728175661,0.1214374507804473,1
159.67712355024688,3,2,0,14,0.0223473962783844,0.0869655597809259,0
74.998066172536,0,2,1,22,0.1256289649685603,0.1216446712851566,2
43.212457607085305,2,4,0,17,0.2165801855011133,0.2411956788979181,0
118.81774443059454,1,2,0,11,0.1189238948923169,0.2892038691324908,2
148.45202758176748,1,2,3,14,0.1249021913884961,0.1226882212134149,3
115.25865915644724,2,2,5,8,0.1606809937968595,0.2935314204543991,1
84.19503579744743,1,0,3,19,0.2390215198983639,0.0927665741589388,1
1.0,0,2,0,22,0.1035168151084675,0.1745758277457249,2
1.0,1,0,5,23,0.1729431708093142,0.0270800279889265,1
186.1836450845977,3,4,4,23,0.1581239153837767,0.0834502973982177,3
128.1094765342621,0,2,1,21,0.1530442975731127,0.2464806928250943,2
145.05026621010578,1,0,0,12,0.2251616262665374,0.1473730815936393,2
107.98041237004158,3,2,0,9,0.0037966268929928,0.0995807064037169,0
111.97781186216908,3,0,0,14,0.2951726718996162,0.0874653953573788,0
185.2055260433402,0,4,5,19,0.0037309899531629,0.1226382588991821,3
97.601003304072,0,2,5,7,0.1856293497404168,0.1003405620766531,3
195.28941171813344,0,1,1,14,0.1209426778857546,0.1857758079582588,2
148.16271882945193,1,4,1,6,0.0597929377554833,0.2601288679709758,2
142.8685682587818,0,3,0,12,0.2957877502853313,0.2071540698749123,2
164.86246000930268,1,4,1,21,0.2775055922613491,0.0661835357358337,2
56.13900070565534,1,1,3,6,0.0719357426473569,0.2522967886910339,1
84.67612539447843,3,4,0,20,0.2048118020558312,0.2433221055841536,0
43.49779154178176,3,1,1,10,0.1458325085957848,0.2627147628629072,0
135.25498684523686,0,2,4,14,0.0872492300513032,0.0237158148973021,3
28.823242951488425,1,2,0,13,0.0968759836631885,0.1765049485188039,2
106.6871470643496,0,1,4,12,0.1590316465680103,0.0402384420139826,1
146.57394133264927,0,3,0,15,0.0697385727309744,0.0085263039110871,2
77.1947575125117,0,4,1,6,0.1734096114716756,0.0736690450823645,2
83.49151660295294,3,2,5,14,0.1861083972327496,0.1698507216580727,1
21.031715031849917,0,2,4,16,0.10945630475887,0.180991711211487,1
115.26243298087856,0,3,1,21,0.0929683788713031,0.1267400889448942,2
93.5673757497318,2,1,4,11,0.0571277328771736,0.2538142532096747,1
157.20792358959574,2,4,0,12,0.1542696622301599,0.2051313689428241,0
57.74165010799808,3,2,1,14,0.1529791021415482,0.0888719961158377,0
81.12017098657698,3,2,5,20,0.1381562491194004,0.1070537146068891,1
63.286201435529016,1,1,0,22,0.1152484926461945,0.1870761872533721,2
76.30309019884106,1,0,3,18,0.2109013574626509,0.0489056119634009,1
44.73089093174691,1,1,4,18,0.079393351480512,0.1046320388937559,1
175.6595842160105,3,3,1,23,0.1548092040200309,0.2456795414048025,0
110.91998227053864,2,3,0,10,0.076317425699014,0.198993594684475,0
63.51062562557368,0,2,0,15,0.1713900802721171,0.0685043658098864,2
108.46440118280064,2,2,3,10,0.1128278471766234,0.1068898732553065,1
94.87291142450128,0,1,1,22,0.0237079264297454,0.2544606883182488,2
44.47063206549784,1,4,4,15,0.167394204475968,0.119360531420127,3
125.72380352658746,2,1,4,23,0.1378034653503706,0.240496965048533,1
99.62988019996745,0,1,3,22,0.2362079553651924,0.2255503220747159,2
85.8209438929232,1,3,5,14,0.0295222666442518,0.0781817065129341,3
126.87585634865712,0,0,1,18,0.138911618903225,0.0663616425137272,2
147.57786888652498,0,0,0,10,0.0466164432547571,0.0199319959357225,2
57.68831689017463,1,3,5,19,0.0798670908264432,0.00764239456708,3
121.24490749529076,2,3,1,21,0.1056864999090182,0.2711345670905988,0
158.36045418235793,0,3,1,6,0.0217690807441674,0.225835692252086,2
73.65519973314454,0,1,0,21,0.2900496324456311,0.0327894901609329,2
149.07664376495606,1,2,3,8,0.218895501551103,0.198925089917465,3
175.4724525201325,0,1,1,8,0.1297112304414099,0.2280349509615057,2
93.50636784413052,3,4,4,10,0.1342480283304727,0.1664765001937995,3
125.36427538003193,2,3,5,15,0.0656960197794737,0.2175422134639481,3
67.9426682773567,3,4,5,19,0.0601794195760331,0.0069677561849196,3
116.7464512947744,2,0,1,23,0.0829794900702745,0.0677192757512457,0
167.7830947944964,1,3,3,10,0.0811194329366321,0.2349828323366783,3
149.99117605312134,1,1,0,23,0.2896337913051314,0.0120183560324083,2
88.1428045281912,1,4,4,14,0.1661153924882015,0.2499253699062032,3
69.50230447047221,3,3,1,23,0.2106170800890129,0.2673936195178129,0
206.7541004465065,0,0,5,18,0.0684446054774941,0.0187507476555502,1
133.2783598937651,3,4,1,10,0.27870661857309,0.2680062101327068,0
47.484143283892976,3,0,4,23,0.0197845730463261,0.1230555451262624,1
30.57448755413792,0,1,0,18,0.2809097067027937,0.240440784218404,2
103.65418823954192,3,4,1,6,0.2501606677922361,0.0312271937578847,0
121.77939583459197,1,0,4,15,0.0246836051441422,0.2466863758670634,1
35.058559095059266,0,4,4,16,0.0155020548150751,0.0619056913265598,3
108.16430265400662,2,1,4,22,0.2809176951305733,0.0501454665870338,1
126.46050219555173,3,1,1,12,0.1729394604342424,0.0021003147954298,0
37.20916078788368,3,0,0,14,0.1619605522266271,0.1827666142620941,0
107.91430146992876,3,0,5,6,0.2847407489535154,0.2872202766999888,1
1.957460108355363,2,0,0,10,0.2638410869047472,0.0672083979530358,0
93.25932371528008,0,4,3,16,0.2781495931212839,0.2533010397428266,3
75.48507948697092,1,4,3,11,0.1548425499268194,0.0976849885123308,3
174.17816208129796,0,0,5,13,0.074716876537065,0.1582158107431023,1
35.95112827807367,3,0,5,15,0.1929840885622252,0.2339580702216711,1
5.487966793150193,2,2,5,20,0.1073893158536429,0.2380024284853078,1
76.25326888893761,3,3,4,21,0.0311010623135174,0.0483521139875674,3
24.695557746991227,1,1,0,6,0.2252881905443735,0.1785653058102143,2
44.30551735177261,3,1,4,19,0.0740301865180617,0.2039869792181085,1
171.1853655010387,0,1,4,12,0.2776189093777519,0.0687811049390761,1
117.2466921261306,1,2,3,6,0.1725904961266597,0.1691368254832141,1
106.06636413728135,3,3,1,18,0.1257143332873683,0.0050035539716121,0
124.03406321101974,1,1,0,11,0.0960805519060199,0.2841481760692846,2
12.241706000500985,0,4,4,9,0.2466467478768583,0.2407929659647036,3
107.9115434826643,2,1,1,14,0.154907805631654,0.255114770512244,0
114.16890012008813,3,1,0,19,0.1252970262987599,0.0337006739891588,0
88.99732463141527,1,0,1,12,0.0532090821286566,0.1501009188178967,2
39.54259335603604,0,1,5,8,0.1826251120645401,0.2638606984033218,1
62.80703054385422,1,3,4,12,0.2034606478387708,0.0732554994176363,3
102.82577772418448,1,0,1,10,0.039594677258125,0.2460191888329758,2
55.66939062372754,0,0,4,17,0.2138419860920029,0.2562479362451292,1
93.94209754046447,3,4,4,20,0.0142876035392662,0.1916137269892635,3
124.23453898092043,0,1,4,16,0.2608176281234524,0.2118958053833598,1
138.65907564050687,0,0,3,15,0.198185608752271,0.0547805262319463,1
68.60612304897377,2,2,5,6,0.1428779995358153,0.1589653706878455,1
108.47405237103068,1,2,5,17,0.1979283222208895,0.0933669079166215,3
37.10797219973401,2,0,4,15,0.2570591902223226,0.1474471118898161,1
16.491090379188677,3,0,4,15,0.0193773231626609,0.0234497717913196,1
203.6507201501761,3,3,1,13,0.1165781634565656,0.1866125492771832,0
38.562737212390566,2,4,4,21,0.2818728073616008,0.0405832799643833,3
111.91274166861736,1,2,0,18,0.1952363196617166,0.0644501153410648,2
64.95376839157365,0,0,5,23,0.119292860890542,0.2861869890143959,1
53.0503401885416,3,2,3,17,0.0942654307464507,0.1538656628965737,0
103.03938416599917,2,4,1,11,0.2326764376066788,0.2402725475702401,0
142.61815674001787,0,4,4,9,0.1701171322450833,0.0199156210741408,3
152.75635857905897,3,2,4,18,0.0918959765700562,0.0768356995965975,3
140.2825516446836,0,2,3,20,0.2988641227274132,0.0973702744847472,2
179.7614022951724,0,3,5,23,0.1454699024459848,0.2945602970858497,3
67.77426404202251,3,2,3,11,0.0836195836608779,0.241480335067884,0
132.5425090006136,1,1,5,19,0.1282924322378773,0.0520387408352545,1
75.56723016941334,3,4,5,7,0.07628196983246,0.0159823320982195,3
151.1256396848008,2,1,5,6,0.2621192156625987,0.2363128988322588,1
105.88119920374211,2,2,4,12,0.1972655986337444,0.2136367078982614,1
119.90310874265025,3,0,1,19,0.1145517297202527,0.1791611687875018,0
116.45855111325004,2,1,4,13,0.2242848453247089,0.1000460556689701,1
138.8541129232628,3,2,1,16,0.1588391666878052,0.2853882387598025,0
115.12155728880607,1,1,5,7,0.0512672988402988,0.2602384151037984,1
103.27424297286058,2,2,3,21,0.1872598202845178,0.1796219922731809,3
139.759343082076,3,0,0,10,0.206164436721088,0.0485944112267539,0
156.05196319224618,0,0,4,14,0.1588262507463062,0.0026846174210657,1
79.76624409029057,0,0,1,6,0.2624862125061438,0.1588853752672251,2
78.85358274986356,3,4,3,10,0.0656478495811025,0.2431596078086906,3
71.94409763715441,1,1,3,17,0.0530063941229022,0.1723023952953678,1
157.0429493350807,3,0,4,18,0.1993194862733704,0.236442187936217,1
68.82204723504299,1,1,4,12,0.0190104741721028,0.2553760662800999,1
133.47671217780027,0,1,4,10,0.2004206727746987,0.0255715650201862,1
122.41587812150786,3,2,4,11,0.1242779261098628,0.2703854859872334,1
199.7172474859925,2,1,5,19,0.0123163626724446,0.2420725320847831,1
130.0469190355863,1,2,4,9,0.2570112897402316,0.1386801501045163,3
49.79437876207766,2,4,1,21,0.160889894812895,0.0044179415538285,0
155.44901192635513,0,0,1,15,0.1045633997567756,0.1397967618183367,2
42.245511241599054,3,1,4,13,0.2618908430783049,0.2491669962378116,1
66.30261691182962,2,2,5,15,0.2402941701106554,0.1033435266869483,1
115.14416383596512,2,0,1,14,0.1016867668287885,0.2751239359749405,0
78.73192648672375,0,0,1,11,0.0611686799210957,0.1847422658863704,2
129.26254127711337,0,1,4,8,0.062930229968525,0.2951381390257583,1
23.63405062911093,3,1,3,14,0.1750473296109218,0.0725798600219045,1
150.62818533480137,1,3,5,13,0.2244149782295643,0.2912820066711541,3
131.36460065625465,0,3,1,8,0.0794139523458767,0.0510598540289731,2
128.59781609862495,2,0,0,21,0.2064900276389415,0.029007230955448,0
147.76964982286788,1,2,3,18,0.2536854000053883,0.2073627900196128,3
13.807489059498051,0,2,1,6,0.1389606152852878,0.2995758044178589,2
201.14710381532927,0,3,1,9,0.0712530100331282,0.1138088331068308,2
68.02969820627393,1,1,3,7,0.1356574799858081,0.043500424199988,1
102.79560374932684,3,1,4,19,0.0094088929042197,0.2250129113351328,1
104.36207189103048,1,0,0,13,0.2265904262082801,0.1150886232667367,2
154.8058967704592,0,4,0,7,0.1422193991617955,0.064406352465673,2
142.93665675796672,0,0,4,6,0.0639567630502875,0.1872106285040375,1
161.33299171552648,3,2,3,21,0.2924461169602797,0.2556696085343139,0
125.58331500829507,1,1,1,23,0.0024155658079535,0.1299068153683687,2
51.04889352121015,0,2,1,13,0.2611991648641206,0.0531355013134111,2
111.51361566275348,0,2,1,10,0.2886918342595096,0.1640219917712222,2
5.001954091652877,1,3,0,15,0.0853811078501072,0.064146929826966,2
32.78403511967059,0,0,5,16,0.037736607144329,0.0732154555451553,1
130.9949236883116,3,3,3,21,0.1963099357818125,0.1471407343253994,3
18.240124500787545,3,1,5,16,0.0540044249941229,0.2462289620736432,1
173.2352241870623,3,4,5,10,0.2119521745407957,0.0457651335056844,3
129.86516834157595,3,1,1,12,0.0957827194015308,0.2724624177706686,0
122.56840157227332,1,3,5,22,0.2833096772268763,0.1568520896548642,3
69.68570049353771,1,2,4,22,0.2138806257365562,0.1405365191922077,3
143.09823780432433,3,3,4,17,0.2101225299718541,0.0639976014884184,3
151.78662334864703,1,2,3,22,0.0915715960589918,0.2975599904172959,3
140.3174205537465,3,4,3,18,0.0853370975291758,0.0509807968356358,3
98.08807461609535,3,1,5,23,0.2433275132882099,0.1348323969854834,1
122.53171699634032,3,2,5,12,0.1953440491405333,0.0534101046834538,3
157.83090169575067,1,0,3,9,0.1061683558130923,0.2925209515493983,1
9.166994824044778,1,0,1,23,0.1154542115007481,0.1637086861687989,2
97.15717000676165,2,0,5,11,0.0414749198578546,0.0870444484163743,1
20.39481651810865,1,4,4,23,0.0237762915597656,0.1327178852490143,3
33.72505160021571,0,4,5,22,0.2618278238216791,0.1239336757031182,3
73.7582260449615,2,0,1,10,0.1572485058946412,0.0873080111304359,0
246.30786692591465,0,4,4,7,0.0389789255594903,0.0020449657623157,3
126.51461795329718,2,4,5,21,0.1628493460511757,0.0579369041779309,3
155.92490902108415,3,1,3,13,0.1302206068088365,0.0524726774730146,0
107.47062424604442,2,4,0,19,0.2375530382481459,0.0723866984899686,0
85.9568122212518,0,4,4,18,0.2346136337855917,0.1542478481301579,3
66.63973077618374,3,1,1,19,0.0317949518406869,0.1073458007861558,0
71.00320421422546,0,1,4,11,0.1356047860932057,0.0604965606303505,1
70.16208409903545,1,0,1,8,0.2943293425276352,0.1090352480217029,2
102.34710827248792,1,0,4,13,0.0750009761401852,0.2372442205192342,1
67.96709886986184,2,1,4,8,0.0199234122332537,0.0371613875010803,1
118.89411411406158,3,2,5,12,0.2254548544068299,0.0550354859906511,3
103.57124902184026,1,2,0,6,0.1484927851375627,0.1122396765573416,2
130.33923234771686,0,2,0,7,0.1289885689052443,0.1562829261431494,2
144.70483379768532,1,2,5,10,0.1863173204269351,0.0547416062728468,3
93.79696610318553,1,3,5,7,0.2196917925960749,0.1479331242258064,3
81.95403385033579,2,4,1,22,0.1822558998714986,0.0361143132783972,0
69.25860247754943,2,3,3,14,0.2573717530666841,0.1857610016563916,3
78.10888377848379,2,4,0,22,0.2503039944746696,0.2602887609532777,0
62.27811950981194,0,2,5,9,0.1621106428999354,0.2241935002013271,1
110.02250195644233,0,2,5,12,0.0513203251912596,0.113650977785263,3
52.30419290020396,0,1,4,11,0.2350773709133041,0.0515408932278672,1
62.373894270907726,2,3,5,20,0.1948945897556175,0.1639049805266582,3
93.97459016170518,3,4,1,23,0.0287530109376809,0.2890469137518359,0
118.51545638628043,2,3,0,12,0.206315560779825,0.2505088951981233,0
134.83440789769452,3,1,4,20,0.2129605166578903,0.202906220799181,1
37.41966715138435,1,4,3,23,0.2859846183396337,0.1332505822447256,3
115.52812418521388,3,3,1,8,0.0660437603717993,0.1343687159870022,0
208.36801893716,0,2,0,17,0.0609467674409687,0.0222638201749838,2
138.5416980561782,3,3,3,6,0.1281969003837526,0.2998472106433396,0
150.04663395978343,2,2,0,21,0.0716790914969978,0.0230938683877996,0
89.97135835541341,0,3,3,14,0.0916087388831792,0.0413845063495826,3
111.5712734156154,0,0,5,23,0.0835413706032636,0.0725032313414699,1
64.58818404176583,0,0,4,11,0.1566428154605467,0.2827200468138228,1
19.96314220277289,1,2,3,22,0.1872277529876537,0.1592944796429264,1
114.24355087054217,2,4,0,18,0.0981812468021051,0.0321414994123503,0
106.12803994139291,3,4,3,22,0.2962673942638472,0.2881401606909606,3
73.78256918758231,0,0,4,7,0.0530658669172358,0.1180013250903049,1
174.2345201299379,0,4,4,9,0.0239160344514521,0.0526708459141264,3
137.87645696043074,1,3,3,6,0.2932676261992561,0.0224676193664442,3
100.53394316175056,2,1,5,9,0.2738838269922142,0.1780647068665619,1
75.05244381370409,0,4,1,12,0.2937843558752759,0.271417619073999,2
124.14783668920398,0,3,5,16,0.1407549123341965,0.2783306656633965,3
50.09496698822341,3,2,3,16,0.1664992478064171,0.1514304866834608,0
74.12567258371521,2,2,0,8,0.1720044400378702,0.075393596238134,0
151.23199124153578,2,3,4,16,0.0825000673092912,0.0037287177049762,3
108.22789453143234,2,1,3,7,0.2311684535456346,0.0522643790223046,1
173.18720624954224,0,2,0,22,0.0172468506170337,0.2690117684926264,2
113.45087638857704,2,2,3,19,0.0214656977359347,0.05995735847164,3
142.312425428625,0,0,4,17,0.0735495534644122,0.19938460142706,1
1.0,1,0,3,22,0.1338175248110074,0.2647664761404504,1
110.13658441198449,3,1,0,8,0.0060304896937037,0.2102367754381163,0
80.20848116650362,2,3,1,18,0.0692409354082683,0.2866873321425973,0
152.52291401534794,0,3,5,15,0.0239347507497168,0.2090756378295057,3
176.65344129256522,3,4,0,23,0.0451085097405068,0.0880251514849247,0
192.5804538519725,0,2,0,7,0.1458683133549139,0.1521440586611614,2
95.81263061741436,1,4,1,19,0.0606516706816318,0.2097208652458383,2
131.96465016327204,2,1,5,18,0.2280251545251559,0.2918163667836248,1
146.8376631765213,2,2,4,7,0.0457110372698026,0.2478909885586251,1
72.82080299531336,3,3,1,18,0.1934253454243608,0.0165312773393571,0
66.91343128639622,0,2,3,6,0.2248963133249764,0.0032179419884336,2
79.89618702800749,2,0,0,14,0.0648335682999691,0.1640470920862046,0
89.01519878917753,0,4,3,23,0.2600251825246785,0.1332497010196105,3
89.23256575858618,0,1,4,22,0.0091087162244103,0.0839560775128344,1
82.11065457595939,1,0,5,16,0.0686988321438523,0.0242449847883444,1
101.50731993910073,0,1,0,7,0.0208748202843143,0.07605741427456,2
17.51935352831933,3,1,4,8,0.2937260738789931,0.2165314580387908,1
170.16893283492948,0,3,5,15,0.1462990094544996,0.1226592842390279,3
52.89389523235953,3,2,1,13,0.0372585766412383,0.0369824536592972,0
171.08732422977462,2,3,3,21,0.1219017463912698,0.0176119896376237,3
13.356317417718516,3,4,4,20,0.0982778019059321,0.1867298568245907,3
137.28367617367925,3,3,0,18,0.1983887037339147,0.2872426828595488,0
134.95404433720887,1,1,5,12,0.101787179730762,0.249265456447549,1
58.7099874956093,0,4,1,10,0.2584161104579788,0.0292752025295893,2
9.385261037577123,1,0,3,8,0.2288121122495444,0.2652443259118272,1
166.60159058156168,3,4,1,14,0.1167482421630333,0.1941114213227326,0
181.50628730049132,0,1,1,13,0.1164275024427653,0.0109952180791503,2
109.08883123973784,2,0,5,6,0.1397899963288856,0.2093895267968951,1
148.5710932408103,0,3,5,11,0.060408509825959,0.1924282819745819,3
1.0,2,2,0,10,0.0807128595545114,0.283515163423535,0
111.03034614794409,3,2,4,9,0.1424062251523214,0.1553531169315339,1
24.604881831949,1,0,3,11,0.2372253199605372,0.0629400923831585,1
156.14127469426376,1,4,3,7,0.0642833353563711,0.0850352478341053,3
109.49569854600556,2,0,5,9,0.0523156501522229,0.2947081015360498,1
132.28689251889526,1,1,0,23,0.0444073050861437,0.2719572037343485,2
166.20438918060478,3,1,1,21,0.1565696401430262,0.0621590165253146,0
1.8413545059337508,1,2,0,10,0.0993443794841659,0.2662284477167413,2
54.93151425788771,0,2,4,18,0.1683162774697264,0.224423339717658,1
185.98833964647577,1,2,3,13,0.2783386794729652,0.1629016141312141,3
63.75485368700138,2,0,5,15,0.2070776826322538,0.0019793129870537,1
172.86858212322835,0,4,5,21,0.0060101106251042,0.275399389760967,3
86.54322242043786,0,2,1,19,0.269340948957383,0.1706279359992056,2
204.52649509858065,2,4,5,15,0.1844072195810434,0.0414604984570627,3
28.096282425489647,2,0,3,23,0.0248827524244713,0.2401298269463469,1
143.63797281170486,0,2,5,11,0.2209388547292139,0.0065845920061866,3
112.9977653272116,1,4,3,7,0.2483137035926623,0.2123657200670592,3
13.829778964307025,0,3,0,10,0.2363146194122404,0.2857871752141074,2
78.88950371911002,0,0,5,17,0.0703382917818146,0.1188631922662546,1
160.72540058889018,2,4,3,11,0.1823246273327853,0.0042562585232124,3
76.27547776258139,3,0,4,11,0.0770993250522893,0.1162601828858217,1
107.98302827739626,3,2,4,6,0.2409197894742362,0.194106441410071,1
187.8535670765583,1,4,5,12,0.2342195449633874,0.2873679987959003,3
48.73622846651495,1,3,3,22,0.1877197739985101,0.2870981957860236,3
20.78082866666621,2,0,5,18,0.2802757129819248,0.2843235620467772,1
20.42509229863289,3,0,1,10,0.1326538970676559,0.1112588814414565,0
17.385035581892822,3,2,0,13,0.0115485935927632,0.226136588112149,0
188.3119930149703,1,0,1,18,0.0825944671136203,0.261980797566694,2
207.38924136202564,3,2,5,13,0.1965838270755946,0.024908503865437,3
152.76854789311767,0,2,4,15,0.2628934843993426,0.2378191346741466,3
115.18021356418598,2,1,3,19,0.0645831831815167,0.2612943658221671,1
1.0,0,3,3,21,0.2524703578351037,0.2731574976189463,2
167.93538994220793,3,2,5,21,0.0207245869499068,0.1896550955292525,3
69.38031076393429,1,0,3,13,0.1281518851313436,0.2379201770900379,1
154.29914472226628,1,3,4,9,0.0200847077493774,0.2717417135115095,3
159.59779838214865,2,1,5,19,0.1714377161210091,0.2638870433774694,1
133.4470159397884,1,1,4,7,0.0571478763782451,0.0213416615881853,1
128.03262597893877,2,1,4,19,0.2360729059987179,0.2954337293989534,1
157.45140314991468,1,4,0,21,0.0738040207252021,0.249145510288234,2
104.63040006132472,2,4,1,11,0.0681484019689857,0.1822313442113973,0
79.39480250133808,1,1,1,15,0.1462491920496703,0.2935786333641043,2
51.85991180157512,3,3,4,18,0.2634613891276542,0.1030019188527854,3
112.05001266986228,2,1,4,7,0.2778486168998201,0.10927661917367,1
157.69470672692455,2,4,5,10,0.1528695732712163,0.1655123354731103,3
152.74032165473113,1,4,5,16,0.2806660252599562,0.2646082652357737,3
135.71419880506875,1,1,4,6,0.2140297495606152,0.2690937676959321,1
110.04554686642076,0,4,5,12,0.2134288560410338,0.232360403843881,3
171.99502781784054,0,4,5,18,0.1550020506766914,0.0470199986602934,3
84.89844886086183,2,4,5,23,0.0917203268050471,0.147744910553647,3
112.29718594159188,1,0,0,13,0.1267592101472695,0.2484428511439958,2
32.86401675811025,1,3,3,20,0.1186890461976903,0.1241564295139398,3
147.60801117620625,1,0,5,22,0.1826642862861775,0.0112514306328849,1
1.0,2,0,3,11,0.0458420735956434,0.1106856460995945,1
187.6912622424874,1,2,5,17,0.0537309502848352,0.0295950290183664,3
89.36299909672,0,3,5,12,0.2160091437947424,0.1195093065036449,3
16.84722425597404,3,0,3,23,0.0231500673975807,0.0666180114680308,1
198.485133952556,1,1,3,6,0.0171833116455263,0.2570423515755018,1
121.87122428614671,2,2,5,15,0.2828964283419117,0.0513856227721032,3
151.34127977935282,3,2,3,23,0.2730234068347108,0.1289408363207322,0
162.38561459299095,1,1,5,19,0.0201771018933499,0.0048372536208991,1
96.22934095469004,0,2,3,10,0.2077524240865183,0.2696383852564061,2
138.73283179450374,1,3,4,20,0.1770620791714323,0.198491776848016,3
122.38359954184968,1,4,4,23,0.04681518570688,0.2291138626278342,3
168.2643067945683,1,3,3,10,0.2515848549290378,0.2004431260486193,3
1.0,3,3,4,20,0.0741430297959803,0.2877108187560296,3
77.83408488073255,3,2,5,12,0.0481714591931633,0.2433411068351957,1
12.979426297197406,2,2,0,16,0.0468136242237268,0.2341572796248031,0
154.2413870078054,0,3,1,8,0.2606139693374477,0.2215667016514926,2
131.58176049103344,3,0,3,21,0.1616619656698983,0.0237112807344628,1
199.98779159790095,2,2,5,21,0.0811429194518136,0.1443416502281518,3
41.855234187609945,3,2,1,23,0.2911142459352243,0.1989006527662894,0
2.7374151519374834,3,3,3,14,0.2388809288210918,0.0285138877817875,0
121.74431701817925,2,1,3,9,0.2051957317652295,0.2345839927328419,1
148.70616846479652,1,2,4,19,0.1922751801553464,0.1654323229516727,3
102.56019552869824,2,2,5,23,0.2411281840717487,0.2453685569120378,3
66.1443027059733,3,1,3,17,0.0367437897716863,0.0019955995352728,0
66.41431715612921,0,3,3,6,0.2267105667523428,0.1255782453909306,2
116.85243454223726,1,0,4,12,0.0401660271107477,0.0877687861028011,1
104.08763732322446,0,3,3,23,0.1335066356904318,0.2523212163564178,3
114.87243026119744,3,2,1,19,0.1230092047378555,0.0632850530110912,0
137.53463975644934,1,1,0,7,0.1370803174667753,0.0167712918518023,2
68.34822997191591,3,0,1,13,0.0113492260685644,0.0030566158717188,0
38.82164072624946,0,1,4,6,0.2508674047714883,0.2738830818526683,1
172.874214891585,0,3,3,12,0.2171973495490602,0.2845983247121372,3
164.66500545531142,0,3,1,11,0.2431493008301626,0.134227192548396,2
64.88752288184283,0,3,1,6,0.2638154369539082,0.2780123731329629,2
80.83090488693657,3,4,1,16,0.1479125217225406,0.200353605177447,0
134.9625544414382,1,2,5,15,0.1934420506300144,0.0606273920963767,3
21.02472914563636,1,0,4,20,0.1321798633199297,0.0549836671736047,1
159.13795096097613,0,4,1,18,0.0462052495171021,0.2623255027973334,2
43.78616482379199,3,2,0,21,0.2163508986757623,0.1968953280738078,0
82.51145822093214,1,3,3,19,0.1946095097206574,0.268650573354437,3
46.009691615341865,0,1,3,14,0.2673037049944827,0.1903855030236103,1
53.39865931773994,3,0,4,17,0.0682174185753708,0.2696159444022046,1
158.44427092835303,2,2,5,16,0.0587863861736872,0.2508470721904972,3
137.75513653966982,0,4,4,12,0.0106020263555803,0.2274148911288639,3
100.28428490198388,0,3,3,6,0.1766400125872667,0.2038120029555662,2
86.19944691417595,0,0,1,12,0.179982961591506,0.2885222768626805,2
108.64849039779136,0,3,1,20,0.1060569719252978,0.1082495499451949,2
103.63136940897014,2,1,4,12,0.2588769125613336,0.0897428856684803,1
174.3198021664188,2,0,0,20,0.1178192504056676,0.1175597703033305,0
40.53880075438101,3,3,1,16,0.2006449595787575,0.1824135219144397,0
74.59853202787764,2,1,5,7,0.1944526907459753,0.2087892536592442,1
138.41242885762716,1,3,3,13,0.1111108514160427,0.2122782459273501,3
98.125461413759,0,0,0,10,0.03421492704499,0.0515258213575545,2
49.82067659192791,2,0,1,20,0.0915194091376392,0.1481219231511153,0
199.1342460804585,0,0,0,17,0.0435747343790258,0.288952773734939,2
132.77836992109184,0,1,4,12,0.2898686480865136,0.2097025921691341,1
110.11129372959824,1,3,0,9,0.2339446004529295,0.230697184066405,2
107.28245609648162,3,2,3,9,0.027998787012289,0.0750246208031511,0
102.852084233948,2,1,0,23,0.180542977043178,0.1434045400143519,0
70.85498994232833,2,3,5,9,0.0590503447939376,0.2218069007680224,3
36.8182965249215,2,0,1,22,0.1299422649256082,0.1669950231329942,0
97.04800842046566,3,3,3,9,0.0228115821647685,0.1381727516778982,0
51.323709567627255,3,2,1,16,0.261134701920592,0.213013739880666,0
69.93225914645123,3,4,4,22,0.102227786587827,0.0321264543852439,3
30.65602647364865,3,3,4,21,0.1861645224078566,0.2844558914207311,3
20.96499741630386,2,3,3,12,0.0370688158852515,0.0392167716906757,3
60.353422503006,3,4,0,15,0.0660176374261497,0.1669856272511812,0
125.49884586201652,0,1,0,16,0.1788708319682243,0.2222002642691612,2
29.80533242999229,3,3,4,18,0.2741672229751916,0.022999778276571,3
85.75438260612675,0,0,5,23,0.2253576388472973,0.0708676839565221,1
80.48977470198724,0,3,3,13,0.1033942399090222,0.063491612450782,3
94.82418224685676,0,0,0,13,0.2164995701763262,0.0207893288913357,2
1.0,3,1,5,23,0.2730026767015139,0.2610834417673065,1
28.271881076605126,2,3,5,12,0.0188340188602182,0.1364761983247639,3
135.24340408985353,1,0,4,11,0.0686022820990104,0.28310884400087,1
147.42128853590853,0,0,0,13,0.1511175598750881,0.0572440863274543,2
160.02471722200085,3,0,3,18,0.1063600207719666,0.0601258861757153,1
41.59565239460758,0,3,5,16,0.0807612385315551,0.2400171470799958,3
31.3870273795103,1,0,3,14,0.1512614086762512,0.1412760478764001,1
70.61941582949191,1,3,0,7,0.2090022385346978,0.0583002421889604,2
21.659924946525805,0,4,5,15,0.2609908362474721,0.1984801981795913,3
58.40370880332812,2,4,1,12,0.1354388570128039,0.1149562558790682,0
63.64502299120176,0,4,0,12,0.2600213715101922,0.2677838376616244,2
29.20434352315607,2,1,4,7,0.2857811225832762,0.275074846256181,1
170.78733038300564,1,3,5,21,0.2315611790487778,0.0062127155810119,3
92.6511508976431,1,4,4,15,0.1754836559757646,0.1886282447396433,3
1.0,3,2,3,19,0.0990780443466743,0.1007176284120948,0
108.1794557183138,2,3,0,20,0.2025082203631745,0.0942087828136164,0
213.96564174240112,0,1,1,7,0.1153048681759378,0.0358210333115582,2
78.09242471896067,3,2,5,21,0.2124583821174266,0.295392244291658,1
101.50069213083124,2,2,1,23,0.1477622011736851,0.1971617971997679,0
209.63948411321869,0,3,3,8,0.2392262083666294,0.2441167662234525,3
92.10789894799584,0,3,4,16,0.019863330593343,0.1847969738253236,3
100.3010567908346,2,4,3,16,0.013773549614964,0.0417672801926224,3
1.0,2,1,3,21,0.0414144384763852,0.1124699004296635,1
141.4005203081736,2,1,3,17,0.1816410226678194,0.0278540212060886,1
81.87661801202873,0,2,0,16,0.1915586917159216,0.1741102518358001,2
86.59739187193547,0,0,1,21,0.1409097767889998,0.1539881018302342,2
221.9428353289626,0,4,1,19,0.2135957994570275,0.2173932101464517,2
59.661477399874045,1,1,1,15,0.1554668823774514,0.1280953949999082,2
52.67904263576242,0,4,5,18,0.1271718702234585,0.1864280134445458,3
77.54341295227788,3,0,1,21,0.1690504931185472,0.1496691086957094,0
98.35571503986029,1,2,1,9,0.0775082452451533,0.1791127402216818,2
93.51138878007706,3,2,0,20,0.0420341445656883,0.1161729635352331,0
99.82471366206627,1,4,1,10,0.0443254463314998,0.262107513660321,2
92.856670732901,1,4,1,11,0.0103033859572037,0.0508252134600659,2
93.12747215220114,3,3,0,13,0.1146613007516291,0.1108677818616521,0
102.09096739476696,0,2,5,15,0.1339435350650767,0.1932951842710114,3
113.2240200536568,1,4,1,20,0.0108480991020605,0.0231986365712064,2
43.91766885252038,1,0,4,19,0.2769529054118432,0.0753838812791354,1
132.00848180615253,3,2,4,20,0.0990404513898231,0.2426741127477304,1
110.16768792024988,0,1,0,18,0.1773973489174554,0.0017427384307473,2
199.3205288136626,3,4,3,14,0.0549624237385024,0.0464303338669341,3
1.0,1,2,1,17,0.0164938353604397,0.055021792323063,2
146.34418752774883,0,3,3,21,0.1585407786665222,0.126131594460427,3
70.43492766517309,2,4,5,11,0.2485547531307957,0.0893049571169248,3
115.03963551572372,0,2,3,17,0.2505834477869068,0.0947187395389168,2
131.9562881739247,2,1,5,14,0.2205599565709542,0.1134950796516029,1
54.56920560159514,1,2,4,8,0.1661354999255096,0.0934197763001739,1
88.9996275447062,3,3,4,8,0.2440552722340209,0.1670636118851712,3
164.5352757656065,1,0,4,17,0.277953000235542,0.1923163467899368,1
114.3414122500938,3,4,4,12,0.1475344027028839,0.0211447113713191,3
151.70549952518004,0,2,0,16,0.1787549545110518,0.2783138929549931,2
20.54143577443348,2,3,1,8,0.1261122154947032,0.197175791528111,0
132.3238393099176,3,1,3,16,0.237197966676895,0.2930597458605927,1
72.45048045781078,1,3,3,13,0.1231186789225123,0.1475226653302647,3
23.686050308250486,2,1,0,22,0.2510499787452129,0.1462920413807426,0
21.51634374857633,3,4,1,20,0.216091119522047,0.226611432620773,0
94.91820761354737,2,2,0,13,0.0894086190360663,0.1390037976125396,0
150.02183386483458,1,1,1,23,0.2879604041632593,0.1459161329529498,2
104.26420343666202,2,0,3,14,0.2575681683784776,0.012840189452121,1
146.97644860817093,2,2,4,16,0.0540819350491186,0.0977579843798779,3
50.01755578428881,1,3,4,15,0.0958688274898716,0.1926784438519094,3
132.41263281629347,3,0,4,12,0.2126700964214505,0.1977617749848901,1
104.66513212837803,3,4,1,19,0.2206334681405729,0.0170278574626876,0
52.278845017904494,3,4,1,10,0.2950874824692518,0.1209386324162985,0
94.581448169058,3,4,4,23,0.1753009528773082,0.2043086830230865,3
185.02146482295464,1,4,5,7,0.1303509234190032,0.2428217113344234,3
178.75686605439557,0,0,5,7,0.0414642623721874,0.2008623333221407,1
14.142994846622956,3,0,3,19,0.1675094350654255,0.1010522056213044,1
108.05579794280888,2,4,1,7,0.0738985971358999,0.0264178497092936,0
77.46138133533132,3,0,4,18,0.1544219951254093,0.2449009264626506,1
146.24912604329006,0,1,4,17,0.0333219233498864,0.2740654949359892,1
202.5751735461949,0,1,0,14,0.1453010237059152,0.1212658291837126,2
85.184638888864,2,4,0,10,0.2614753234853113,0.0361591023204393,0
113.42552628735444,3,0,0,8,0.2652223076832687,0.2536213830358202,0
34.87112605232315,0,0,5,8,0.2293433057775611,0.07936805351871,1
164.95882904348178,1,0,4,21,0.158204095979781,0.2204573027087862,1
189.16354051979187,3,4,4,10,0.1002568166235987,0.2869493427727688,3
130.17390208339918,2,3,1,7,0.1386240027823426,0.2120030964706908,0
3.4188011411562518,0,2,3,8,0.0503918931176462,0.2944645574227986,2
149.48996729637554,3,0,0,11,0.1861157845561485,0.2885745631617673,0
136.66741163445192,1,3,4,21,0.1935052707205989,0.2450306704643993,3
93.81414149307568,2,2,4,15,0.099862635141794,0.2549035199587349,1
54.708991028857874,1,3,5,13,0.0262821960005603,0.116054382331078,3
105.37428591657094,1,2,0,14,0.1797222243756633,0.1868938433102272,2
103.8987230909366,3,3,5,9,0.1897250106645986,0.0070560404439665,3
162.6444497706829,3,0,3,13,0.2784186596209175,0.1540217571424752,1
49.73325470701242,2,4,4,20,0.2887139414574845,0.2101419308539557,3
91.99788991346566,2,3,1,8,0.1981996425695818,0.2934747243021994,0
160.60772991842475,0,4,0,19,0.0156431753564395,0.1055320487387125,2
51.48080091243734,2,3,3,19,0.1658015628891533,0.0980222640491814,3
146.7728682424388,0,2,5,7,0.1472339317743514,0.2098381421457124,3
147.44741114035483,0,1,4,18,0.263756778216534,0.1985864665718586,1
82.32754856250654,2,2,3,10,0.2288059893051965,0.2846516981048202,1
121.23996567383928,2,0,5,16,0.0679642220322985,0.0028698987090162,1
135.72653455260843,1,3,1,12,0.1293812391361228,0.0243221070245735,2
85.09347103670781,3,2,0,21,0.1817290570143175,0.2888777077139763,0
143.1178082235008,0,4,5,12,0.2569341290615791,0.2005704468745231,3
93.55476756148076,1,4,0,21,0.2674188094161454,0.1922630039953477,2
23.51537814991728,1,3,0,8,0.1192021835753257,0.2744895507491673,2
128.5852946518158,0,1,3,6,0.2699669349658484,0.1800333161841293,2
73.61574027915204,1,0,5,11,0.2543020328259439,0.1609390895727726,1
113.0630854302592,3,1,5,18,0.2369535971272293,0.090538452377362,1
39.93615506210426,0,1,3,21,0.0382309548120706,0.0258212218209166,1
50.62486032652658,1,4,1,6,0.2959486623599294,0.2271252208381353,2
28.467374313938063,2,3,3,13,0.2344228161311734,0.2017370631160354,3
125.54516895432914,3,4,5,21,0.1622099491496819,0.1990874706257374,3
122.8757450922518,2,3,4,13,0.2216984613948193,0.1894891528652771,3
123.7600813973549,1,1,5,8,0.0317997598117977,0.0516875685648535,1
109.14019820850632,0,1,3,22,0.0265226551081233,0.1590931879556476,2
37.8242163837954,0,4,0,11,0.2163308104540713,0.2514820842487077,2
58.73226715190469,0,1,5,20,0.0561928394683202,0.0040298766271729,1
131.7040468376488,1,1,0,21,0.2647937176958855,0.2231091811701359,2
154.77930001371547,0,4,1,9,0.0203467975838747,0.1385735719772837,2
47.50252110346865,3,3,1,13,0.1167759374637377,0.1450113171222253,0
150.21689718208518,2,2,5,13,0.0849033543533346,0.1781238394128065,3
138.01008163127656,2,2,3,10,0.1783115543813124,0.2624834844549529,1
48.53186550056812,1,0,1,6,0.005011771613171,0.2630615546767491,2
198.47226906659895,2,1,1,23,0.1565972219933874,0.2247142486940125,0
133.47190066966135,0,3,4,22,0.0571388164175922,0.2179363279369669,3
63.12220176765139,2,1,3,20,0.1327733909053325,0.2031898384311551,1
80.34740520606263,2,1,3,14,0.248766171721242,0.2835015430016032,1
143.28505894173065,1,0,3,15,0.1032927323758765,0.2752855692634758,1
90.5213152258672,3,0,5,20,0.1197484891742923,0.0237999532013531,1
1.0,3,3,0,20,0.1896362337197333,0.1144099069588194,0
36.12910006094842,2,4,1,18,0.0445828674233231,0.0733025840084093,0
73.53272381653345,1,3,1,12,0.175747629455171,0.0339833817628044,2
130.94424089325466,0,4,3,8,0.2393532533164312,0.239930656991705,3
60.71498895608286,0,3,5,18,0.2027100169013595,0.0705738382899189,3
84.33395635861851,0,3,0,11,0.0564625711606899,0.1048364499248051,2
107.1710934357538,1,1,0,14,0.0942351192940983,0.266232462536795,2
44.91590600356595,2,1,4,16,0.1049207816873869,0.228033676814144,1
83.32613749532305,0,2,0,18,0.1954484182591448,0.273919971650792,2
146.58650254854246,3,1,0,15,0.112752342318147,0.0766704505922929,0
77.02228425029405,0,4,0,6,0.2771359466471505,0.0933988301283498,2
132.47012579112314,1,4,4,19,0.2702782447891449,0.2748408755488096,3
96.94216985772204,3,2,5,13,0.2671302519356568,0.21433244750468,1
194.7661954476085,1,4,1,6,0.1812369827044082,0.1991109866442858,2
119.87529725454888,3,1,3,7,0.1960996595125999,0.2077214938346113,1
125.97444370740062,2,4,4,15,0.0057154206199738,0.1944911820416712,3
1.0,3,4,5,21,0.2153158430573944,0.1692744696617767,3
178.40025155216597,1,0,4,20,0.1631629601256262,0.0687596393903543,1
103.63716643486164,2,4,4,20,0.2342819257244934,0.0252146544244788,3
213.6268220949845,0,1,4,9,0.0340663579174307,0.1654690273491731,1
107.37047411636222,3,0,3,15,0.1541701524646188,0.1915050739313533,1
108.39311968033805,2,2,4,10,0.1085757485201458,0.103305415750203,1
106.27726396498817,0,4,5,18,0.2444039315998172,0.1376720702296485,3
38.58256173810479,1,4,3,22,0.2227157123775021,0.2720139066243382,3
65.14776493202888,3,3,5,7,0.0694144010521297,0.0205603451155712,3
181.73044244146325,1,2,5,11,0.0488370227242361,0.030577979407363,3
39.45629834411658,2,2,4,12,0.2004701286198738,0.172744013738569,1
59.77616309641999,1,0,4,17,0.1933880638793134,0.0658761403876744,1
111.44701219481384,3,1,1,14,0.2811979662018862,0.0831376885536267,0
100.96537646130652,3,4,1,23,0.069515775767895,0.0459822883669818,0
42.80332147012367,3,4,3,8,0.109055917544135,0.0286107001998791,3
148.09479493451195,2,1,3,18,0.2915051671004481,0.2163009987446222,1
100.123291474376,1,4,5,15,0.2578664768203571,0.0847259321381492,3
82.08060159113398,2,0,1,10,0.2423697346515479,0.2076779922717418,0
99.88936652647187,0,4,5,15,0.0521125181952074,0.2396246185520007,3
98.01750869852404,0,2,1,22,0.1305241510348558,0.2736564457153704,2
88.01233376179296,0,0,5,19,0.2858153673614735,0.2126519503406049,1
154.88314057983004,3,2,5,22,0.0617668202428499,0.2057943521604991,3
43.95764232172152,3,0,0,17,0.1502691409185385,0.2220785213196409,0
121.21252938344266,0,2,0,7,0.1065546886809486,0.1017389864386576,2
61.56408697408173,0,0,5,8,0.2619270531594795,0.1659743119106161,1
76.01290523522188,2,2,5,10,0.0631329494673952,0.2457556480707907,1
103.89845496916492,1,0,5,23,3.0274785175044003e-05,0.176263131090741,1
106.07837438563246,1,0,3,14,0.0167834773423088,0.1319459525909126,1
125.71885683069284,3,4,1,7,0.1770620692251112,0.1646007778675036,0
37.970320757963286,1,1,1,9,0.016142151570482,0.1963539965227153,2
47.34307450502121,2,3,5,20,0.2424797852705857,0.0517579998227692,3
136.97047443082312,2,0,4,11,0.275281910978386,0.248282333818866,1
79.71558100968734,3,0,5,15,0.1284448876007499,0.209688969777833,1
13.871996262376513,3,4,5,16,0.0717627215955723,0.0618005853550188,3
130.9463806797619,1,4,4,15,0.0723866464381323,0.1157128293624452,3
140.4967246250418,3,3,4,19,0.2953776891557862,0.2641786816392656,3
130.60412504018913,1,3,4,18,0.0756355585592578,0.18282919639957,3
43.93993365805749,2,4,0,11,0.066526325913456,0.0674593566427416,0
140.29685622434252,0,2,0,10,0.0182224743868083,0.2976499905713528,2
168.77953803262034,3,3,0,18,0.2330036340828546,0.0191346135973561,0
30.49087573043585,3,3,3,9,0.0299968177824246,0.2677970173619414,0
65.14158425918825,3,2,4,23,0.2449789425659709,0.0414550504347174,3
198.9692235707151,2,0,4,20,0.1432012911182722,0.1301297582652706,1
173.93557840167364,3,2,0,9,0.1131347581348887,0.2142550693510971,0
88.20222569884108,3,4,1,22,0.0614733286188746,0.2453687238296584,0
75.79264345563948,0,3,3,15,0.0107287080138294,0.2450874171810111,2
72.14350557007961,3,2,1,16,0.0411906570402241,0.2547778993557272,0
146.20907955119674,3,4,3,21,0.1253718946509951,0.238924140675404,3
116.52640864527078,3,0,3,19,0.0254185963427138,0.1261805162940071,1
95.73126600136534,2,3,1,20,0.2410528527352274,0.1095825959514656,0
159.12584588351567,3,2,3,18,0.0346580155596569,0.2169053990656775,0
164.60268161135613,2,0,5,21,0.212198273238947,0.190004061614011,1
131.43771572639233,0,1,1,16,0.2379247991284574,0.1406525647309563,2
1.0,2,1,3,7,0.2601465614361886,0.0104037278954516,1
69.88568226657947,0,3,5,15,0.0305825301182163,0.1780127867025033,3
90.1250024565668,2,4,0,9,0.1844865416252756,0.2822301708639905,0
143.07569440843952,0,4,1,20,0.2319580345405553,0.0844761840934094,2
93.56128726078776,0,0,3,17,0.2926693253462109,0.2535821025304478,1
133.11016669730935,2,2,3,21,0.10510832049721,0.0744116434221373,3
126.71426896039212,0,4,1,19,0.2570176796609059,0.0313224710740736,2
57.13740497745298,0,4,4,16,0.0723324503980561,0.0830024370792216,3
89.54097827664833,0,2,1,17,0.1041855906185879,0.1506268453427179,2
20.95782712287904,0,1,5,9,0.1784652311388183,0.1566419297015038,1
75.47998967134187,0,4,1,6,0.1871629049116314,0.0553923462640078,2
97.22866761227677,0,4,1,12,0.2645187719972707,0.1010090441256968,2
97.16939563677715,3,1,0,11,0.008047373173451,0.0856061209155056,0
24.51005457582366,2,2,0,20,0.0755556823814826,0.1652820904381935,0
121.6587092992402,2,3,5,8,0.0747990060523544,0.0666292349471648,3
135.59787333586326,2,3,0,10,0.0764221106075617,0.2393109916811144,0
70.15854059421434,2,0,3,16,0.1633601290626116,0.2388954237344772,1
151.8192483965272,2,3,0,12,0.136293579368447,0.0149838031619704,0
9.42040898325054,2,0,3,9,0.2933395053655334,0.2938194988389141,1
170.89159864435425,1,4,3,7,0.0354844202729012,0.1606019448360027,3
93.52051946629771,0,1,0,7,0.0897089547873043,0.1281861771679567,2
56.059271048094026,0,3,1,10,0.2274918221584833,0.2251746716015246,2
117.66583536258467,1,0,4,16,0.1989099701132547,0.2374917191828318,1
66.3407381768456,2,2,0,10,0.2388244285682381,0.1741345061195699,0
124.73927176650491,0,1,5,16,0.0043193529464663,0.2095184478601236,1
63.5481785986731,1,1,1,7,0.0695516141044685,0.2823578213067061,2
103.43140999663778,2,0,5,23,0.2623385785041003,0.2832095920729526,1
127.33746769820615,2,4,5,14,0.1721387930879088,0.029305093612913,3
103.3765531990245,2,3,5,6,0.0664801797292894,0.2283263999549857,3
106.21717924405652,1,3,1,17,0.2469782578660912,0.1528922561426244,2
95.53325382717932,3,1,4,8,0.1307902424351227,0.0683247742511594,1
104.0612751575125,3,0,5,8,0.0895864612326376,0.1355404620290096,1
150.09156056307654,2,4,3,12,0.0769407315657858,0.1864376531016347,3
110.38909243631085,3,3,4,17,0.2209312740535223,0.2696453972595102,3
147.55581536511593,2,3,5,9,0.150697351046551,0.0199588271333162,3
148.1972424539834,1,3,3,8,0.1751763749429626,0.0832640551191885,3
70.86977397169312,2,3,5,15,0.1415347001340753,0.2661728865391736,3
35.34947921218732,0,3,1,23,0.2577477561512153,0.1341531102830358,2
109.94478361745875,0,1,3,8,0.2118225381182834,0.0221801089594907,2
112.23639590800084,2,2,3,8,0.0749578939500322,0.1105917645937174,1
65.76419228259661,3,1,4,20,0.1720532692236696,0.1133547642626293,1
115.53195497823944,2,3,4,15,0.1878237247897374,0.0182435246289032,3
47.07158608717387,0,4,1,9,0.1478125286090023,0.0445008101482686,2
69.181728540883,3,3,3,11,0.2528579661192502,0.027996494597865,0
65.22258327540635,1,0,5,9,0.1805071782909211,0.1789695152794266,1
156.70002504073747,0,2,4,7,0.0566489341816556,0.2977493427377293,1
164.22953593425694,0,2,0,12,0.2383733827320107,0.0808817835989396,2
133.4459438171861,2,0,4,21,0.1151465445561248,0.2838978183744158,1
121.82051193436874,0,2,5,11,0.1288031029891381,0.2883580775782218,1
108.29590855480208,3,0,3,17,0.2316293973379846,0.1152257693308194,1
20.85379186412736,2,1,1,19,0.1758883750875,0.1734482316801106,0
173.5216151506269,1,3,3,18,0.1363135026488782,0.2445662423175487,3
46.51681869937666,3,2,5,7,0.0837351065159944,0.1107689141823795,1
165.4906667596062,2,4,0,18,0.2101475864775752,0.1137497857870655,0
62.66480518595521,0,1,4,21,0.2495040993496671,0.2305818061525608,1
144.9451604934555,0,3,3,7,0.0536399566356097,0.2877224984923905,2
109.32872192804446,0,3,3,6,0.2198035574668427,0.1617103545072005,2
137.12221193234782,0,4,0,11,0.0829306374923461,0.186938073246739,2
37.900732002592,3,4,1,18,0.2089485658510811,0.2693371810307725,0
79.12755154723403,1,0,1,6,0.2395229575605628,0.1329454646497359,2
130.43281693170667,0,4,5,9,0.1323782436920287,0.2858341781065397,3
125.493799145338,0,1,4,12,0.1598408910628477,0.1480916700545059,1
109.00457694055429,2,2,4,13,0.0184681744558233,0.2115611027619474,1
143.4114626749787,1,4,4,12,0.0096761862772968,0.0199962155377282,3
76.17599347742845,1,0,1,6,0.2619497590052136,0.0387938015977109,2
34.38702033373157,3,4,1,20,0.141354378136188,0.1462150753498144,0
124.49124774232492,2,3,0,21,0.2765155435984499,0.277293945138755,0
42.67729919485607,3,4,4,8,0.2976660025432039,0.2438153561178051,3
163.09835579981822,0,2,1,23,0.1758273505370521,0.1636406066834458,2
140.1078395581406,2,3,1,14,0.2998627878942611,0.2301727618199506,0
1.0,3,4,4,20,0.2042896630197114,0.0185770928304034,3
35.20099896761157,3,4,0,22,0.1133216909591512,0.1057513101203412,0
163.28995421831723,2,1,1,21,0.1589474404985922,0.1230920042666152,0
54.926010557078406,0,3,4,13,0.1465609132217791,0.1004393506519891,3
73.75914018535673,3,3,1,17,0.0759784529663048,0.2610294547962275,0
128.8624186187765,2,1,3,22,0.19231481815386,0.0142070290155533,1
11.777591388472077,1,2,0,21,0.2197029796335779,0.0549996396536485,2
162.14005410299714,3,2,5,15,0.2626323045324586,0.1747201796472591,3
54.2976339579741,1,1,4,23,0.1288873506133284,0.0448078170316453,1
36.82576974694466,1,3,3,15,0.2436690178527209,0.1631997447110292,3
41.68858860023212,1,2,4,18,0.1137519983045353,0.1438218287518648,1
104.93897187755294,0,2,4,20,0.2987483132957406,0.0124113693531547,3
68.42941816229347,2,3,3,17,0.1280932208016793,0.2457502733658614,3
108.22512950217528,1,1,0,7,0.0707837098939056,0.092047372108022,2
139.05394906076367,0,1,0,14,0.0377349990464478,0.0599404738948846,2
170.75040321429307,1,0,1,10,0.1852968259206115,0.0145605870338672,2
154.86106648359123,0,1,3,7,0.0520427146671739,0.0519053230385918,2
111.67077305536542,1,3,3,18,0.2109202661468035,0.1406705105677999,3
181.5557548727792,3,4,5,15,0.2804063885177106,0.0877792894598141,3
108.8442919715004,2,1,4,16,0.2874184771891537,0.1878928543604506,1
61.43013922783028,1,3,3,18,0.2426767328543446,0.1640333035493726,3
60.79493132491962,1,4,4,8,0.264998840805538,0.0546533686631723,3
107.3105677948793,2,0,5,12,0.0601907203981725,0.1190347979250421,1
92.98584833213158,3,4,1,12,0.033681546206479,0.1838950477982041,0
39.66584731278905,0,1,0,14,0.2083048340012614,0.160148962711059,2
110.35480901711811,3,3,5,23,0.0278540463266537,0.0093547317011986,3
131.41650228708983,1,0,0,23,0.0883264513803114,0.0736738215407279,2
148.1935259499703,0,1,3,7,0.0307332238275584,0.0684285023489647,2
18.23670570050656,1,1,5,14,0.2614452995950271,0.0221616311753706,1
62.2291849875471,1,2,3,11,0.0717898541358658,0.1849924959289536,1
107.90364485456212,0,1,3,19,0.0952668780351398,0.1400530189325389,2
65.31373455658078,0,4,1,20,0.297816914008684,0.0094608414059976,2
102.7652092652611,2,2,5,12,0.290420770882037,0.1896960794018823,1
124.44142791010071,0,1,4,14,0.1465361285321091,0.2109957574779862,1
83.22220534243486,2,3,4,6,0.1853405127044642,0.2985083677699232,3
135.71182413469643,2,4,5,14,0.0213048065251009,0.2535046302354447,3
37.11480044435703,2,2,0,11,0.0922458760735726,0.255760936104611,0
62.160779062615454,2,3,5,8,0.1508750730892026,0.0820183088339737,3
50.72060896642219,3,3,0,19,0.0927514823404093,0.2813455561867323,0
152.88843236511187,0,0,5,21,0.2016112392920445,0.091056805319147,1
92.83772771774925,1,1,1,13,0.287481600185241,0.1050250552375112,2
95.48877010499206,1,1,1,11,0.2477940574003313,0.0723480187932569,2
21.430220275851298,1,3,1,14,0.0714265853529435,0.1085820940970247,2
95.16957575715642,0,0,0,12,0.166154156629193,0.0486461168096679,2
78.88716391392991,2,3,1,21,0.2916828071035831,0.220221682828883,0
81.78549520537945,0,3,5,16,0.2183530186695617,0.0866950716605785,3
171.49638951660444,2,4,0,11,0.1009099102205122,0.2004902672302286,0
87.81849721410349,2,1,4,19,0.2472461984838214,0.2784266489833876,1
117.40534073573554,0,2,0,15,0.2150147796737686,0.2221995083417285,2
135.37932287427805,1,2,3,12,0.0070070854409685,0.1787583662676323,1
100.63458820563542,0,0,4,19,0.0275323093017036,0.0827277473025234,1
116.2862517121815,2,2,0,18,0.2082748106119529,0.2320885884706164,0
57.76395146160462,0,4,3,15,0.0056896958596341,0.1959325216426929,3
139.19838256084728,2,4,1,9,0.0535850223812763,0.1663552423624055,0
20.084340760508454,2,0,5,10,0.0759865027998366,0.2717021614639319,1
140.3321558361375,0,1,4,16,0.2958955836226415,0.2235763302394111,1
94.80402442605806,3,3,0,15,0.2817025549402463,0.1030797179215774,0
85.21561412712322,0,0,0,12,0.2841814256841781,0.1033027015732427,2
86.59386454910761,1,1,5,9,0.0972196782810489,0.2660067827370274,1
22.05986152910413,1,4,1,11,0.2107057796643468,0.2924009558858502,2
98.5991188833,0,4,4,8,0.1311749668752665,0.0225698416101767,3
120.96730368306724,1,1,5,23,0.0414967181468115,0.27521673151588,1
106.19789662529482,1,2,5,23,0.1123308228080489,0.2117515111284961,3
120.44216059072518,0,2,0,23,0.0868013005469523,0.2313526762788491,2
163.63787683176912,1,4,1,21,0.2768098615925122,0.1940697131071562,2
1.0,3,3,5,6,0.010460301069124,0.0143461528260023,3
81.61488368911064,1,4,1,7,0.1292071673174928,0.0068297651154111,2
48.89318780631886,3,2,0,22,0.0536246054172851,0.2123734916265004,0
91.94912121687902,0,0,0,23,0.2750272529875064,0.0801357457245458,2
141.46075216941333,2,4,3,19,0.0341936268927894,0.0860720609405123,3
160.53888734117473,0,4,0,18,0.1865768798436738,0.1696377940344426,2
165.75626676125495,1,3,4,6,0.2953640607332052,0.2171828551422979,3
192.1962871257643,2,3,0,13,0.0522323310620066,0.0425945647653882,0
237.185458466843,3,4,1,22,0.0765400675712663,0.0472960121412175,0
100.0731427406895,0,2,1,17,0.1600587558010013,0.2539292534596825,2
56.35308526713696,2,0,1,11,0.0392092200241954,0.1043634435688134,0
74.47788966167245,2,1,0,8,0.1984275891177444,0.2042255589215055,0
61.11089181478005,2,3,4,13,0.2729346332533399,0.2683042191389969,3
144.5720023367082,1,4,3,17,0.0463317817089799,0.2189627302761904,3
20.695240384054443,2,0,4,12,0.0397134580429551,0.0425455414892,1
58.02592043636051,3,0,3,18,0.0513660102726344,0.2357788993847078,1
97.44271840891828,1,0,0,6,0.2188824853409429,0.0403420057568717,2
179.89529300982042,3,1,0,13,0.1113554419177348,0.0433832494953065,0
97.64782758507594,3,2,0,6,0.1021030265567503,0.1531211158146535,0
145.97212082125202,2,2,1,20,0.155906706485332,0.0440806323709832,0
75.18612334551504,0,1,5,10,0.0278027418681437,0.2406394061426872,1
63.43376965256957,0,1,1,16,0.2126437237279525,0.1366045318446713,2
116.71513488126294,3,4,5,14,0.0406378125743397,0.193724739929666,3
39.39716741367191,2,0,4,19,0.183270467716964,0.1435406194763583,1
117.52877288062724,0,2,4,8,0.2813696842149905,0.2386287222128714,1
16.994437004311962,1,1,1,16,0.014772353845759,0.1613480118811277,2
17.404090840410646,0,1,3,17,0.1032241717644614,0.2487614727846434,1
77.17513507658191,2,4,5,18,0.2047912917190698,0.1717350847960599,3
98.18116881702478,3,2,5,8,0.0488129773639899,0.1122737159717048,1
23.32496945940117,1,4,0,7,0.1429143237531195,0.0356918734508318,2
221.3231837303496,0,0,4,14,0.1891002334401976,0.2367164998508478,1
106.34845400398936,2,4,3,13,0.0087561108002168,0.1715084494204881,3
114.53107489249008,1,2,4,21,0.1193897100676203,0.0325110796733156,3
44.78208104801927,2,2,3,22,0.2941387445837439,0.1991631995522922,1
118.19856700280492,2,4,0,19,0.0974307803216919,0.2069765967082384,0
115.9891770279836,3,2,5,10,0.1968711816155025,0.1274387401418724,1
86.22509241626406,0,0,3,15,0.0196051457919058,0.2060394797693806,1
141.89352088338947,1,3,0,10,0.1455901108343364,0.2287740900415524,2
190.2544675228945,3,3,1,8,0.0986756209948682,0.2452065148713909,0
25.57030110187985,3,1,3,12,0.2941135249424386,0.2271739314780217,1
125.23753442856652,2,1,4,23,0.1683897312398451,0.2988095521010334,1
41.124069204667954,1,2,0,12,0.0807464870023543,0.2208880729961652,2
1.0,1,1,0,23,0.1932572121290812,0.0432974827835695,2
143.34105429583286,3,4,0,22,0.1519632419902581,0.1223034912570223,0
141.3853999117133,1,4,1,19,0.0709728298766744,0.2564641306004372,2
171.07914283363368,0,4,4,7,0.0100041531841962,0.1437694466489332,3
111.93000366330504,0,2,3,14,0.1878855511121546,0.1707928563288694,2
92.47761268742572,2,4,4,20,0.1768305092021155,0.0827095925491323,3
39.48691045765306,2,4,4,17,0.0188966498753915,0.1620315950822935,3
123.93371837932617,3,4,0,14,0.0732328357657874,0.2382649996918612,0
87.79763135597968,2,1,3,14,0.2212329546170306,0.2138040965207473,1
151.23275951422175,0,4,3,11,0.092072973182999,0.0637359179173284,3
124.04413269669136,1,3,1,10,0.1378865375512246,0.1221546952005138,2
111.92350794572737,2,1,5,12,0.149880611434727,0.0728914373155889,1
144.9860186514767,2,2,4,20,0.1235529975188165,0.0160135094290483,3
78.02098622188798,0,1,3,21,0.1052216661343495,0.0713192034597912,2
56.57017846821459,3,4,3,14,0.1860579409654089,0.0532412416996364,3
57.9113546160562,1,3,0,22,0.0410171144843214,0.2516263044573623,2
78.822833330461,0,2,5,9,0.1425192513918507,0.2259204476168536,1
144.60239017136365,0,2,5,17,0.1799593516556714,0.0771806552324452,3
182.13629536989836,1,0,5,14,0.0416811827648811,0.1401506914387735,1
81.37452507330975,2,0,4,10,0.2809468205254635,0.0515330719921082,1
82.57584002885653,3,2,4,12,0.2620465580145961,0.0664800732434118,1
21.999345235095845,2,0,1,23,0.2609523264386317,0.2474218161966458,0
204.27053110460744,3,2,3,18,0.1337448508949211,0.2725237334151156,0
88.51323342510747,1,0,0,17,0.0317083098173065,0.0493224080511565,2
116.7587742050348,3,4,4,18,0.0275909360039713,0.283494221731507,3
114.70837690008013,2,3,3,21,0.104337331349683,0.0877979055318118,3
74.01126051849849,1,3,0,20,0.1165842287822599,0.2481659910407409,2
138.51430256915626,0,3,4,10,0.2944003431795667,0.021470026816429,3
185.31096540126973,3,3,5,23,0.1927905206231751,0.206546228990182,3
82.72922879680834,3,3,5,14,0.0397980722320226,0.2807671733156521,3
96.81865812763188,1,4,0,19,0.1233439033788301,0.1845999306351217,2
55.23914279237224,0,3,0,14,0.2307972291308945,0.0128242650528058,2
96.88797608379993,2,2,0,18,0.0797209418329929,0.0502404112835678,0
85.01912755446205,0,1,4,15,0.005496398893096,0.1177755816967312,1
107.42489033139556,3,2,1,17,0.0116777600101472,0.2348366671010185,0
98.76754653281682,3,0,1,15,0.2498671300551873,0.1560104789199821,0
76.54351703379558,2,1,1,22,0.117193372674823,0.1783027357865033,0
105.51223160595896,3,0,4,7,0.2795529379437225,0.100097349155961,1
81.97538306646643,2,1,1,22,0.0133043688068729,0.125913753826926,0
92.90923511654196,0,1,5,15,0.1807811088648598,0.0959860675311311,1
93.66695592346127,2,2,3,10,0.2062291834634776,0.1414243592891194,1
65.58882210860145,3,2,5,9,0.0175744059545345,0.2394993376272323,1
41.35911063667193,1,4,0,16,0.0938891401152225,0.0650340879641321,2
145.06348847808073,0,0,1,23,0.0115517092021744,0.1135170847418361,2
155.79236374683234,1,3,4,22,0.0679288779474098,0.094453086852955,3
112.76700500454656,0,4,5,10,0.2038543754129676,0.2856874972913324,3
112.08704042662876,0,3,4,9,0.0220917960185283,0.1997179813594782,3
75.02086798440806,0,1,5,23,0.2849117799136425,0.0313051947331038,1
33.689860531815484,2,4,0,10,0.0089931417341571,0.0179319699979627,0
66.73422445329564,2,3,5,20,0.1765728857169652,0.1807522008479411,3
157.14151697781173,1,2,4,12,0.2273458555872302,0.0265235265732402,3
123.49681165396976,0,2,4,19,0.2606841670327215,0.1426811441037682,3
128.60501041504938,0,2,0,6,0.1811432519488963,0.0494549456273016,2
71.27987646975018,2,1,3,13,0.0137484310696326,0.0364299834076418,1
32.999113603822394,2,4,1,13,0.0872356453058852,0.0404753279041905,0
134.74998344438825,1,3,4,13,0.2130818375779704,0.2460422647375042,3
103.46349405879376,1,2,0,18,0.2691124302046112,0.0569637930100541,2
198.935534211901,0,2,1,8,0.1662016077744227,0.1104860557276311,2
93.96735286301052,3,1,4,21,0.2399045943076019,0.0879434304537529,1
93.37032226893304,0,2,4,14,0.0903303004445119,0.0800315836946332,3
80.13259840409444,1,2,4,6,0.1458337092177007,0.1452552416742132,1
96.7430832135556,2,2,3,8,0.1370640795921555,0.098423236928192,1
201.2434470247924,2,4,1,13,0.0676494460993385,0.0330957748110918,0
143.25782750601311,2,0,5,10,0.0185004949023049,0.0171462766316471,1
63.45625367432447,2,4,4,22,0.1468039892446635,0.2023360221888858,3
163.47253617117963,3,0,3,9,0.2284312798836271,0.1497584179899016,1
15.292266908770983,3,1,1,18,0.1114084827181693,0.0739206095482194,0
162.78259592602174,2,2,3,10,0.2847829195412366,0.1795947475125317,3
65.81571424854575,2,0,5,11,0.100866455472484,0.1869367415412182,1
49.80751364845574,1,4,4,11,0.0799665292948582,0.2924305336087371,3
145.13301446912428,2,0,0,6,0.181473901816439,0.1644184951068038,0
50.08324052519139,0,2,4,10,0.1943076562282133,0.0815052105072337,1
206.6092833403189,0,4,1,7,0.2395935766123853,0.0664548001354833,2
58.83948742629556,0,3,3,11,0.2839464658562156,0.1766543667672397,2
86.78976848334153,0,3,1,16,0.2506667380046244,0.2795866201386526,2
58.1574218256303,1,2,3,23,0.188269387435584,0.0415431449919348,3
79.42543793893597,1,1,5,8,0.1307382861371533,0.0937986443804199,1
148.43409458156108,2,4,4,11,0.1288635381883643,0.0217857217097295,3
50.14544378673273,1,2,0,9,0.2810226363327934,0.1552792452409027,2
40.57012987661828,1,2,4,21,0.2020199731113144,0.1583500056398353,1
143.14698556211118,2,2,0,11,0.0936135383741923,0.0214502316084816,0
61.89792363061752,3,3,4,12,0.1870076063063176,0.0317288505432955,3
82.89267184382697,2,3,5,8,0.1905366235507372,0.026150311960722,3
100.36414935252095,0,1,1,12,0.2549737037661783,0.0810414288565949,2
50.87559385503601,2,4,5,14,0.0800429779372133,0.0991116165639214,3
129.38891139448242,1,3,1,11,0.0836812641985505,0.2226993650948189,2
64.22872397116276,1,2,0,23,0.2560141992987746,0.0862050914847499,2
124.18894170013888,2,3,1,22,0.1273162856820144,0.0283595180637107,0
129.1343480840809,1,0,5,18,0.0783734313261877,0.0333676160320532,1
62.11474993136968,1,3,1,20,0.1114399247626256,0.0527152116228505,2
137.88054684631553,0,1,3,16,0.1511823826365276,0.2700597105162163,2
48.39971718338132,1,4,4,23,0.1055332099302282,0.0495202487117643,3
139.67262444172172,1,2,1,21,0.2348653510071483,0.1641971684721774,2
173.56574888799724,0,0,3,18,0.0382765455052833,0.0543095356553915,1
1.0,0,2,4,20,0.0998629970034142,0.1639474007590188,1
41.739985647338216,2,4,3,14,0.0946377987626062,0.1825366207174222,3
115.47659651521192,3,0,3,11,0.130753503475827,0.1569825737454547,1
86.91682078846121,1,4,3,18,0.2276475273533384,0.2316069945083542,3
89.30517556778408,2,3,3,13,0.0188671218239038,0.1783397867090749,3
188.375119788267,3,4,1,16,0.2999262667160762,0.0797449556302314,0
103.65993140813916,0,1,1,16,0.2346572601622608,0.2943197713357357,2
83.24462273359862,2,0,0,23,0.2939272074618737,0.0496427782933053,0
171.51813995591775,2,1,3,23,0.2783391367696313,0.2318029691149892,1
16.44063335516836,1,3,0,7,0.036258589369768,0.2021772052937056,2
129.9125406840683,3,0,3,15,0.1061386907791863,0.011710490287305,1
101.3962221339738,2,2,5,6,0.2399103846221334,0.2185968643369213,1
29.409588962933867,2,3,4,8,0.0913297042010998,0.2123225484351833,3
1.0,0,1,4,10,0.2295954132927117,0.0949224401871862,1
51.4666116308613,1,2,5,8,0.0837297113895074,0.2687990228617939,1
84.06918788863803,0,4,0,6,0.1004314147585931,0.0898434444659833,2
174.92336620685205,0,1,3,6,0.1670283023072313,0.0368653255042711,2
170.1452391981095,0,2,3,23,0.0722886905119532,0.0339382201195907,2
39.87157278759157,3,0,3,11,0.0800956189893498,0.0568421791445886,1
45.1900238216239,3,0,0,19,0.2916139560418438,0.0152778180268769,0
116.7447220876146,3,2,0,12,0.0034583864118748,0.2003272346725597,0
71.77732830679422,1,2,1,10,0.1723027759762472,0.1323272973872593,2
56.3165554038687,2,3,0,10,0.2772894174249115,0.1737576186044135,0
52.63984944202477,2,3,0,14,0.1579524173758294,0.0220597802881177,0
68.3774303024567,1,0,1,14,0.0243675182122794,0.2034820407833284,2
1.0,3,0,1,18,0.2141569054585905,0.0100736814999232,0
38.04883698450685,2,1,5,20,0.039105397284271,0.2516729499922129,1
37.16983978763727,2,0,3,10,0.2770315206655914,0.0868522623853049,1
98.15485796356164,3,1,1,7,0.1970543126090758,0.179371783223267,0
28.020319608489142,2,0,4,9,0.1355942182835843,0.0812531594801451,1
168.2761490203094,1,0,5,17,0.2332588370796176,0.0740510513515344,1
124.280629007476,3,3,0,18,0.2321351113455264,0.1171969749546012,0
35.745601506673694,2,1,3,19,0.2751023724571302,0.2972589267818192,1
27.929890631228844,0,0,1,15,0.0256729509584418,0.0124859885713079,2
102.3991360223306,3,0,5,9,0.1708778847691245,0.2871765526219336,1
1.0,2,0,3,17,0.2579813255190458,0.0817102941698358,1
95.13892206309583,0,3,0,7,0.200704199599078,0.1559816632948188,2
59.406016556663445,2,4,1,6,0.0492136012570859,0.1482989292405162,0
1.0,0,4,1,17,0.0292793880539761,0.1757260517744681,2
56.47228221769234,0,4,1,22,0.1504051608979074,0.1599884680765882,2
80.05718014445529,1,3,0,21,0.2329709342931784,0.0717510276858058,2
42.7705362330112,0,4,3,19,0.0262196708648548,0.1966735129360181,3
145.2682502901526,1,3,5,17,0.2496125253472221,0.0637681690414454,3
1.0,1,2,1,12,0.2855669383913362,0.1391332590555146,2
176.48341371438156,2,3,1,13,0.0383235248396254,0.2032920031723568,0
98.9986401578238,2,4,5,10,0.2309962189549985,0.052717504453317,3
154.03602494434932,3,0,0,23,0.0454748021621427,0.09474917765496,0
10.833825740571186,3,0,0,6,0.1653936775777607,0.1314551485942208,0
106.32378377441871,2,4,1,9,0.0164327336813676,0.0553464023550425,0
155.03319724608053,3,0,4,19,0.1508876432833878,0.2118739704679912,1
88.3934373598839,0,3,4,7,0.0329344505195456,0.0470723762075777,3
19.485092224442,0,3,1,21,0.1343286230863825,0.2783335484281712,2
178.37761100524656,2,3,5,7,0.2121783433396809,0.1610556493203226,3
93.4147577032694,1,4,0,23,0.1453656754483049,0.12509866242616,2
90.13549554399656,1,3,1,22,0.2894254089741531,0.1306578512440868,2
76.2850417090213,0,2,0,22,0.0595213728070043,0.2229671072877055,2
158.41823164741498,1,2,5,9,0.0771612137865663,0.0721144934792504,3
89.77501706150818,3,2,5,10,0.2594824846729232,0.1184193024065325,1
8.021747608894842,1,4,3,18,0.089906590040165,0.0982379909110163,3
146.63765479526302,2,0,3,9,0.0676103244094753,0.2820024506186215,1
146.22454092866855,1,1,1,17,0.2242063182549055,0.2646525558787345,2
116.64079671630316,0,4,1,10,0.201631875631871,0.2982203772864366,2
39.331496487604255,2,0,5,21,0.0615768311768304,0.289054042384652,1
137.6702185439593,1,1,0,13,0.1447812992993735,0.1003980792537231,2
19.73084864700972,3,1,5,13,0.1831669559369874,0.245759689833439,1
124.85409705016008,1,1,5,9,0.2460872602327879,0.072515359835643,1
99.93660732562516,3,3,4,6,0.0357911282384632,0.1873238506570963,3
75.84133525375437,3,3,1,20,0.2394714880114948,0.1248945855878293,0
146.5437255968622,1,4,1,9,0.2236352500637513,0.0770344691159961,2
129.31251877651263,1,2,1,17,0.0367159154254997,0.2932205180830752,2
87.3430025269847,3,2,5,7,0.1360563480999028,0.167154653377709,1
155.36471286928054,2,1,3,6,0.0800796229909753,0.1259153052977738,1
63.11223765835589,0,4,5,23,0.1137564975342737,0.1057483458345566,3
210.2425361039076,0,4,0,14,0.0409706140277092,0.0636341482745946,2
46.80031917172233,3,2,4,15,0.090763214750932,0.0734321672226859,1
20.890597456242915,2,3,3,9,0.1341019399330502,0.0402408911232797,3
10.07930393210927,2,1,4,22,0.1002759845019788,0.2635234443323776,1
134.46034348245382,0,2,1,20,0.2025544972981329,0.2225175158759096,2
122.57193832667376,2,1,5,20,0.0238254795293041,0.1691444151237316,1
151.27033625709947,3,1,5,16,0.0082346999562659,0.0604207725996614,1
93.97765023194174,0,3,0,13,0.1844690937476748,0.1301017630368322,2
79.35389274947346,3,2,5,19,0.1541393027270271,0.2795782278705776,1
144.7762768708487,2,1,5,23,0.0365398870929107,0.0843382721542641,1
88.57173044368953,2,0,3,14,0.1924932544884785,0.2924144569069917,1
80.93646469841666,0,3,1,12,0.0848902802396229,0.0792650775375987,2
112.33443851680282,1,3,1,20,0.0447026590787004,0.2548422254765901,2
74.89021041380856,0,0,3,21,0.2473279796499337,0.1218500249865324,1
50.6210002417349,3,0,1,13,0.0626936920681093,0.2169414250148122,0
1.0,0,0,5,16,0.2354370259817369,0.0986032619597602,1
109.84156994509652,2,3,5,12,0.1669402747933373,0.0936645280023906,3
124.01675234767384,2,2,4,18,0.2299550023500425,0.2651911839291319,1
86.305794341279,0,4,4,22,0.262852929554103,0.2952109574623239,3
211.54091359055755,2,2,3,7,0.1545928249977644,0.1791052143941621,3
76.06187404575827,3,4,4,19,0.0447731817592803,0.1779935561652924,3
182.3115475904953,2,3,0,8,0.0567523383139169,0.2084713161547168,0
156.73430099637807,0,1,4,23,0.1597915573641138,0.2810626651387087,1
133.0210467970656,2,2,1,16,0.0889281029791815,0.0170481571393714,0
54.80722290238318,0,2,3,12,0.2062184485896533,0.0088032176230659,2
11.775551517154796,1,4,4,13,0.0304937033501861,0.0575394428949659,3
46.34723851880367,0,0,5,22,0.2624142121464868,0.0839692975577489,1
27.868216449340963,1,3,1,23,0.1983572661939184,0.0723363968362744,2
99.42954605724172,2,0,0,23,0.1920174204371318,0.2077992425898608,0
134.68759603533846,0,4,5,9,0.2436663211394769,0.1877710356059066,3
106.94160413589069,0,4,5,18,0.2563805626201109,0.0555079992608539,3
94.71409876494512,1,3,0,16,0.1813048489244808,0.2671405614597993,2
27.20425402670972,1,2,5,20,0.2350492118280824,0.2668937369109733,1
72.08815332079242,3,4,3,11,0.0851683007928577,0.2955853018518311,3
47.336334968991565,2,2,5,8,0.1885123411224367,0.1853553599357879,1
198.65524340409524,2,1,4,16,0.2643192917300388,0.2095533205514459,1
102.75212786405216,1,2,1,12,0.0386393716959563,0.2309881758013754,2
106.7866521293551,3,3,4,14,0.1067044938964104,0.276541868832528,3
75.17100231300412,3,3,0,9,0.214344922128649,0.0142308675527553,0
33.03664390059585,0,4,5,9,0.0237653061708033,0.2595800638513628,3
71.03230835811706,1,1,3,13,0.035427131694132,0.0967796921218521,1
82.83022626378528,2,1,4,7,0.1412387772130988,0.0400738314994005,1
49.72660038838791,3,1,0,18,0.1750247424354723,0.1710925212268963,0
99.647954573465,1,4,1,11,0.0086852810951673,0.2617409875628482,2
61.55291875530388,0,1,0,19,0.2923955559707851,0.2704479505110616,2
150.2779423503089,1,0,0,20,0.1105369112421584,0.1428980647751244,2
37.85333265447159,1,1,0,8,0.2609942337443155,0.2354019984286897,2
219.59599660597587,0,3,0,20,0.0541758541442446,0.2944432601993596,2
106.07895002696912,3,2,1,23,0.2375320796857212,0.253506460842488,0
32.46686194171866,0,0,0,21,0.272406303638473,0.229220142299436,2
201.25455417459767,1,1,0,15,0.0081087213688436,0.1186902903294321,2
127.81210937644414,2,0,1,11,0.196270118148052,0.0555675343231064,0
119.95943584407298,1,0,5,17,0.0425230559340813,0.032543482615852,1
180.80508702450075,2,0,5,23,0.2263747212054381,0.0446808265304374,1
75.44851509610064,2,1,5,12,0.2667804462100462,0.1689589521827617,1
100.53181341743404,1,3,4,16,0.0514115969760729,0.1417745417714515,3
33.81923007554802,1,0,3,9,0.1469771749678471,0.1085586369141267,1
159.12971795349446,0,1,4,15,0.2135365867257141,0.0196223280413386,1
95.93261364821257,0,2,1,21,0.1343876064392768,0.0364745028790026,2
65.49295812255527,1,3,1,6,0.2352730622811193,0.0605131620473947,2
88.05990563247117,2,3,0,16,0.2390453428292439,0.1891457648253072,0
60.82074712581088,0,3,4,10,0.0205686281611597,0.2103794398116613,3
115.38676344142108,0,4,4,19,0.2672625418525201,0.1013278614056429,3
99.45494014503096,2,4,5,23,0.2641046595660741,0.1139570848030655,3
145.25962836859443,0,3,3,13,0.2172504414313343,0.2215109009796572,3
77.45030334367951,2,2,1,15,0.2711158762736851,0.0314726599329538,0
13.224119482013691,3,3,5,7,0.171557612477218,0.1132215976238297,3
139.72491453781552,3,3,3,16,0.050079537194917,0.1179081379609986,0
18.40647084335092,3,4,4,11,0.1319924715559043,0.0256314041590444,3
94.65467549546284,3,3,1,23,0.2167512172282221,0.0845034188985352,0
155.80671443690608,0,2,1,6,0.0423217503593884,0.0234830863201855,2
138.6157292220353,3,2,4,16,0.2701524686184213,0.2240346438561136,3
81.47836992947802,1,2,4,16,0.1162806638214936,0.1900887372230957,1
73.20716367153013,3,2,4,10,0.279869585164325,0.1410188605393649,1
95.71959755359396,0,4,5,20,0.1207824291624717,0.2094438918363166,3
14.244002265265207,0,1,4,16,0.0523944584162763,0.0750552190063512,1
115.72254111453285,1,0,4,19,0.0050163172991947,0.0416475032008473,1
128.5064972758923,0,1,3,16,0.2297425143163509,0.1243179174009317,2
189.3377724415161,1,3,3,8,0.2845373988975779,0.0025438675233633,3
229.28953136089888,2,3,5,22,0.2430952991785862,0.2514236249630446,3
127.2694740462337,0,2,1,18,0.0620662670312275,0.0304766837868895,2
142.60997565477595,0,0,5,18,0.2430137038615879,0.2616544535804909,1
114.98477777755456,2,2,0,7,0.211679879897341,0.2921925454501125,0
1.0,1,2,3,14,0.06915358836505,0.0212822299769694,1
88.91239909962951,0,2,1,22,0.1625567766227035,0.1232549565438171,2
130.62000803990068,3,4,5,7,0.1687444278620519,0.2125185343474857,3
118.07995170727511,0,2,3,7,0.2890751351074057,0.0421656276860614,2
74.34078095380681,0,0,3,20,0.2982295695887132,0.0365571402753249,1
95.70028421773434,3,3,5,12,0.1370257318890251,0.0389413256059016,3
62.58645010129676,3,4,3,6,0.135623533800734,0.0802483244436008,3
11.872390697918007,2,2,3,12,0.1690252267507174,0.2016443431851914,1
120.60546025686187,2,2,5,8,0.216122855734006,0.2858238368535667,1
89.93922610539546,3,3,5,21,0.2031920164571079,0.1384877209527199,3
127.81545060182462,2,1,1,6,0.2873082476467954,0.0448850033514393,0
65.3709411304767,1,1,5,6,0.2578639522591363,0.1170756395095793,1
75.1941610909238,1,3,3,23,0.0787769209956463,0.2293819354067769,3
122.20582130842074,1,3,4,9,0.2519570251992895,0.2916716307252357,3
136.07179536720423,2,0,0,21,0.1533970399206423,0.1504889039148388,0
1.0,3,0,1,16,0.1466437787436632,0.255631308788329,0
95.82187234035686,0,1,0,17,0.1800195233769427,0.0314522290772489,2
1.0,1,0,1,14,0.2256770229687777,0.0769293939596034,2
188.27046067365904,0,3,5,6,0.1699532584364902,0.0354773863810309,3
105.91555740583348,1,2,5,22,0.2573093700340511,0.1695316212851462,3
133.20584268722263,2,2,1,15,0.1930905826349887,0.2203989729497075,0
1.0,1,0,1,20,0.1509768248694708,0.1100113600622666,2
95.18266842528536,0,4,3,13,0.0754532560893369,0.2228391643786738,3
98.39097174354924,3,4,1,12,0.1796312305596572,0.2904584219973919,0
99.60093978241476,3,2,4,17,0.0520560797790127,0.2821092736642136,1
117.46127812722334,2,0,3,7,0.050053811322923,0.0435091046244313,1
175.66205405883562,1,2,1,6,0.2361171053232697,0.1720290737222999,2
106.69921119716612,1,3,5,18,0.2001199504131543,0.2074632713502016,3
101.40304031919564,0,2,4,10,0.1780455413073104,0.1196283413406328,3
3.88429062635835,0,2,3,10,0.2408206018023901,0.1529687370861175,2
160.5387760967398,3,3,0,20,0.2233518574666624,0.2913872132581275,0
153.62603570886358,3,1,4,16,0.043976138946328,0.273868476324908,1
91.3774618985855,3,0,0,15,0.0221837408448252,0.0137162080448995,0
63.69713516813952,3,3,4,11,0.188632926911675,0.2410992245398642,3
85.18348586756575,0,3,3,9,0.1581692952577858,0.0860397674305392,2
153.9542885673593,0,0,5,20,0.2508742296620772,0.1247011643393104,1
96.19363884655458,0,0,3,12,0.2999388198114323,0.2698901239786205,1
109.68822893224105,1,2,3,13,0.1963535436570703,0.1959110842305064,1
161.2194643401452,2,0,5,21,0.0069396298255357,0.0675362952348708,1
160.45438557363792,3,3,0,17,0.1082723764391807,0.0488572238283475,0
70.48901310353213,3,1,4,20,0.1898162454199878,0.2410192078791506,1
139.39656262480264,1,4,0,12,0.1366396833248569,0.1636061945674761,2
43.39385847861704,1,1,0,16,0.1306294394451044,0.0253241133411823,2
117.816291478653,0,2,4,21,0.0506771301090779,0.0199698836941817,3
84.95736255187299,0,2,5,12,0.1568491415241786,0.0091233181407656,3
89.89492030340818,3,0,3,17,0.2729387583750731,0.2701057918298897,1
177.5315296628834,2,1,3,11,0.2863148462935965,0.1245008521258885,1
129.96358354363753,1,0,4,13,0.034442966145594,0.0725827560489152,1
162.53293214691354,2,3,5,11,0.1193196720237558,0.0301940023651375,3
61.71273406468718,2,0,5,19,0.2197310686476263,0.299587712194985,1
22.32789076252968,2,4,4,21,0.0436362483979738,0.2504573126927089,3
109.74536026311878,0,0,5,17,0.1859421678578251,0.18406436429816,1
12.72796850395315,2,4,1,6,0.294437649689577,0.2448994411542518,0
27.917742674459333,1,0,1,20,0.1045160900176302,0.2610715357292354,2
133.28249952919552,1,1,1,7,0.0320208927667215,0.1483207513978096,2
100.9822227980423,1,4,5,23,0.0362426237444261,0.2395094713494839,3
73.21759637361377,2,0,4,17,0.2377217870119589,0.2459025324507205,1
4.597602971521013,2,0,5,23,0.1268819723534322,0.1380419382621089,1
27.755133851787026,2,2,1,20,0.1518093848295286,0.2063639161760701,0
120.66731443441012,1,2,1,17,0.0937227590856812,0.2535704927488249,2
68.4500322053016,3,4,3,8,0.0921574603004768,0.1332532341178783,3
151.87305517544863,0,4,1,7,0.1232912403102108,0.2343590341020756,2
165.77201091124806,1,0,3,6,0.1986009238473615,0.1802255910473656,1
138.63741688523544,2,2,5,19,0.086205267204143,0.2048398836314067,3
2.378344589742099,3,2,5,8,0.2742455769348301,0.21234218908951,1
102.18958239315542,3,2,4,16,0.1913188434466013,0.1583468710449964,1
121.6289661042424,2,3,3,7,0.2130298237056997,0.0922040932921268,3
140.5997787677066,2,2,0,15,0.272151732035388,0.0820956998548307,0
162.4700714905425,1,2,3,13,0.1306271260606495,0.1720049774624057,3
119.61591095022668,3,1,4,20,0.1543376935832078,0.2158384802420501,1
82.26100563248214,2,3,0,22,0.1272227408378924,0.242669407121872,0
174.11497430764558,0,1,0,20,0.0338215521805509,0.0172191072365047,2
136.2549864349705,0,4,1,8,0.1927873141931988,0.0342278766803926,2
120.58625536206208,1,1,3,11,0.2516080896810404,0.1485648508264681,1
128.63956811048126,2,0,0,15,0.0801564071055237,0.1523532111844045,0
144.52092927451037,2,4,1,15,0.0386882131788204,0.1819537963897633,0
151.8303206932476,0,2,4,8,0.0482952874410041,0.2190186181143122,3
137.31242697159496,0,0,1,23,0.1806754941663122,0.2967347914174333,2
178.1996077423388,1,3,3,11,0.1574516948614985,0.0516768944711797,3
157.0484747128216,3,1,3,12,0.2344137284508496,0.283104153103099,1
127.37188857077751,0,3,4,12,0.297068280828702,0.0985645892137508,3
80.29377647211041,0,2,0,19,0.1013625038218623,0.1174516348414675,2
63.859938145101374,0,2,0,14,0.2179452036556509,0.2253910141428969,2
53.01573419093483,0,2,3,15,0.0738403205802686,6.674946046618669e-05,2
186.46448378619883,3,0,3,12,0.2193044777290804,0.1652322661444258,1
85.71957413054776,2,2,0,12,0.1118884947570014,0.1844781392151201,0
99.73622014454772,3,3,5,21,0.2496675128836208,0.2895176142987635,3
165.4568320981639,3,2,1,6,0.1477645388090291,0.2749746422261998,0
135.2586660954859,0,0,5,11,0.0957012349825706,0.1012748161345765,1
98.58711233508804,2,2,0,6,0.129920959470537,0.245847626338946,0
85.15725531340149,1,0,0,13,0.0941993192989732,0.2178554549398784,2
21.526377347409092,2,2,4,16,0.0378585836517768,0.0537046773876509,1
143.36766894594388,0,4,5,11,0.1535520394811003,0.2449271790457338,3
53.72723759504712,1,3,1,19,0.0430473565531653,0.155623422104294,2
109.65040951660237,3,1,5,6,0.115436902753972,0.288692858387158,1
126.59270102369,1,4,0,10,0.0281294270615321,0.0411272591949604,2
93.64815485624788,1,4,4,17,0.2479836769470367,0.2657618837751875,3
127.6827765403758,3,1,3,10,0.2451732998165353,0.1044024302790491,0
89.06705713741174,2,0,1,6,0.2802921206969815,0.1923128724896144,0
89.61873716494532,2,2,3,16,0.2344260309440539,0.1222102519176983,3
69.57699592838696,1,4,0,13,0.1695056485813749,0.0310412474619073,2
160.4573143045106,0,4,1,11,0.152634478774482,0.1489996379550042,2
13.321488578927315,0,2,5,20,0.0414584782082295,0.2215345866406392,1
1.4544455670157106,3,1,3,23,0.0277160599677716,0.220482861995553,1
68.30166871849987,0,2,4,13,0.2607838890742102,0.1439732188573849,1
210.45919833443395,0,4,0,16,0.2433136817019031,0.011466963446724,2
182.03761291363787,3,2,5,21,0.1475142959480964,0.2931028708898308,3
187.3393693300976,3,3,3,17,0.2109698167227731,0.0752364493839662,3
206.04164976670177,3,4,0,21,0.2969442883430504,0.210733162231196,0
129.90508898805777,2,1,4,11,0.1093433876255262,0.1503071441516741,1
127.6500835951826,3,4,1,19,0.1300495419021843,0.0688642006720264,0
78.89354179636045,2,3,1,23,0.1318510633063579,0.135200739478905,0
105.57998584507568,2,4,5,21,0.0286227018903431,0.2511981403161924,3
105.32381522524136,3,0,1,13,0.1967736667836076,0.1863527377955993,0
67.40963109631454,0,4,1,6,0.2434307334201818,0.0770116318260658,2
37.82074610963993,3,3,4,21,0.2770499281725905,0.2172848991254226,3
54.606559576129534,3,3,3,7,0.1593071186865963,0.2153169431891085,0
91.242177282022,2,3,4,16,0.0049846210953423,0.0475885955312473,3
71.37912071099771,1,2,0,9,0.1550920485334286,0.1944869939187677,2
57.19515016893993,2,0,0,6,0.1071964464424469,0.2363355647681513,0
74.2588051819636,0,4,4,7,0.2482824850981986,0.0606350102464658,3
60.965586144627146,0,0,1,18,0.2851734018367325,0.0554946817799032,2
157.16599119807844,2,4,4,19,0.2602980291792405,0.2071131271039112,3
106.86443897438326,2,2,1,22,0.1312596607994763,0.1805564838133776,0
153.7424360840318,2,2,1,19,0.1220047676403526,0.0776649157706331,0
41.16674213072565,3,1,4,11,0.2155116119895502,0.149973580145147,1
145.55136544999638,1,3,0,8,0.1472508222294677,0.1296282095938324,2
148.89676041435484,2,0,0,10,0.2705286124216879,0.1802633170606361,0
106.6816596594367,2,0,5,22,0.2352738512873189,0.2194024717588562,1
116.88062962775926,1,1,5,14,0.2785043944166867,0.2144226262090634,1
21.751181424995156,2,4,3,16,0.0096962302762535,0.0503013864806826,3
73.21564409282168,0,2,3,23,0.2936387972819073,0.2623746365654804,2
63.35495957541112,1,3,0,20,0.1533982926947949,0.1822900478129074,2
30.12576935847784,2,4,4,14,0.0821794654909609,0.1118693121922158,3
50.131131462545696,0,2,0,22,0.2352385266695065,0.2325253488081513,2
113.3498048428854,0,2,3,14,0.2360751585945478,0.0972680257081986,2
60.4616643372475,3,4,0,15,0.0730021247680958,0.1652443523917312,0
161.1552646988175,1,1,4,15,0.2284687959027322,0.0068160258667215,1
65.49803570036912,1,1,0,6,0.2600727080750751,0.0450917609189718,2
183.9818616710631,2,1,3,20,0.1831054613631275,0.0508495691584683,1
38.70891156591385,0,2,0,17,0.2763434925710595,0.2945179120278538,2
35.09957569541712,2,3,0,10,0.0264096509167364,0.2741011052994533,0
26.132539557256152,1,1,0,22,0.1648416352487402,0.0397392614823549,2
42.282205247593296,3,0,5,7,0.0407760130933805,0.1034460446464297,1
161.66710902253982,2,3,4,20,0.2964496900775996,0.2341620976361225,3
81.96167934018288,2,1,1,9,0.1410244912163344,0.1595495469028308,0
162.4295568124676,1,3,3,18,0.098657618215897,0.1146580916527471,3
1.0,0,1,0,23,0.2694597674538727,0.2836785748571995,2
102.31209125090996,1,4,5,15,0.0710017745383084,0.2889281267439864,3
65.3605506145021,3,2,4,13,0.2887694336801633,0.1166754008388327,1
152.87265697170966,1,2,4,8,0.2424487961099051,0.1590262440066755,3
153.4458009212656,1,3,5,9,0.2634048144522554,0.2125585948567422,3
59.32789719972714,1,0,5,15,0.2787253145132943,0.2319753519369137,1
132.00853554413226,0,4,0,19,0.1662149601515158,0.2593968811793405,2
100.89847536094352,2,1,4,15,0.2879565045589913,0.2038334795829454,1
62.90455001775982,2,0,5,14,0.203655279104025,0.0377685486759895,1
42.89426315406932,0,0,0,22,0.1400955715515481,0.2197481131849271,2
94.12007736709342,0,4,3,14,0.1462351669313813,0.0297115121827917,3
146.98537459727956,0,3,3,19,0.1631428335698979,0.1702187523537648,3
33.90864441261037,2,4,4,12,0.2254936347343528,0.1950000254922029,3
35.76019200340987,3,4,5,23,0.1039866320902964,0.0371182582112158,3
138.75722753057153,3,3,3,7,0.2889904430974901,0.2886458983347969,0
140.21842649689685,3,1,0,13,0.0486895849845363,0.1552625309827492,0
11.41350174421774,2,3,4,7,0.1771261512796385,0.2851743728789863,3
1.0,3,0,4,9,0.2465253826551366,0.03187923796668,1
150.7523471729238,1,0,4,20,0.1779535101202564,0.2323390228546823,1
168.61849154681508,1,3,5,22,0.0219372693105466,0.0989202950929136,3
115.66815755708843,2,4,4,10,0.0891625185254647,0.1408093468815382,3
23.06013114205001,2,3,5,15,0.1716632693836879,0.0458866421651108,3
155.013759007262,0,1,0,15,0.2954478669101983,0.2530419143423088,2
119.03277106801389,1,2,0,10,0.0565833985760435,0.2848979602856503,2
134.13184406064448,3,1,5,12,0.2029841477314037,0.205177315380472,1
120.71172096507644,1,3,3,6,0.1227224934316943,0.1765026494382079,3
134.23287705015235,0,0,4,10,0.0518771872353643,0.065043957591266,1
97.03659886998294,2,1,1,6,0.1859039221078718,0.126811179058856,0
130.63531430172347,1,2,0,18,0.2556073418555671,0.0415230984417786,2
184.99165068818925,1,2,1,13,0.0772113515595652,0.12124111102404,2
186.91985970247052,0,1,0,12,0.2238108695654918,0.2097212364307291,2
63.46416099506755,2,0,3,15,0.214544054583396,0.1063561126720968,1
20.16741698746158,3,3,5,11,0.2203802455548457,0.2946445226177047,3
108.33909693278213,1,2,1,12,0.265394609243565,0.2406995853614793,2
1.0,2,4,4,22,0.1340907432656445,0.0765493622906212,3
166.5028299106025,1,4,5,18,0.1556665356104288,0.173185361434569,3
90.08626416428392,2,0,4,7,0.2836602633706103,0.2051843232139015,1
205.1022377918903,0,4,3,17,0.0574983152572284,0.0934525438734014,3
141.38565867913763,3,2,1,10,0.2458920340001951,0.0966583914331783,0
99.80688606040692,0,4,1,21,0.2580088283808814,0.021592625310856,2
69.81563641015013,2,0,1,20,0.0436691681461717,0.2143659730118249,0
82.87051929313515,2,1,0,23,0.1137479653865257,0.1577420542456022,0
15.53795385086498,0,4,5,6,0.2190469447602546,0.25787142296411,3
176.9508687627708,0,0,3,6,0.024939813414065,0.0795105248025549,1
62.35473022860302,2,0,1,11,0.1990050163192544,0.098700912365205,0
52.27714936736236,1,1,3,18,0.2296810995691726,0.0263844191124707,1
1.0,3,4,4,12,0.0459228645811044,0.0758773891286948,3
59.35387588202522,1,2,5,22,0.1108719047782212,0.0582738363117283,3
106.78427267284586,3,4,1,19,0.2408313578915316,0.0620611671052801,0
48.77575004922807,3,1,4,23,0.0308392979953901,0.2796101877045411,1
82.72286292912547,0,4,3,23,0.0703737529869525,0.0810703665012678,3
102.10066147767375,1,4,4,18,0.1297840089959121,0.0570585667419226,3
52.7265645911884,3,1,3,8,0.0495906376314559,0.1909405797988021,1
143.27793828369926,0,3,4,19,0.1276794882770041,0.123722361461198,3
114.96182309592206,1,0,3,6,0.2851647211274544,0.1957321769478333,1
4.648805696508745,1,0,1,10,0.2121245864245644,0.1112007843291126,2
118.91060813219464,3,1,5,10,0.1788732891248534,0.0703069543122843,1
128.37966823044812,2,2,0,19,0.07923708854705,0.077794253534517,0
96.18345999796156,0,2,3,19,0.0141591906384222,0.2654183249158099,2
85.78549447233308,3,3,1,7,0.1409882263779784,0.1466801676316186,0
53.98047860821836,3,2,3,6,0.1036517693211795,0.0251954051902945,0
116.33447326708529,2,4,1,22,0.2727349958947743,0.1729415639679218,0
45.32338567701637,1,0,1,15,0.2497973972185625,0.1868287409603873,2
147.21081881425988,2,4,0,14,0.1358795980183977,0.0625567982884685,0
127.03887594794898,3,1,5,20,0.0350263636287663,0.0443029415825265,1
142.1985512202797,1,2,4,15,0.1357448231835875,0.2275632629138897,3
105.06138639174472,3,2,3,18,0.089122732662319,0.0879830591421078,0
214.81696579646797,2,4,0,16,0.1948543757074597,0.0593401114378767,0
117.330317023625,1,1,4,11,0.0298483820106419,0.1427474454917092,1
53.302904629099565,1,4,5,7,0.1007467100947918,0.1898564462358993,3
158.10955263262912,0,4,3,7,0.0685909450475781,0.2597181992484129,3
25.32846319826369,3,4,4,23,0.1629598978468324,0.0909650097568253,3
148.40880764377124,0,2,4,20,0.1835913789555153,0.2388556116086291,3
149.1961768622226,0,0,0,20,0.0191113921205726,0.2924509672145668,2
179.0009381161933,3,0,1,10,0.0437290178245291,0.2675230769914133,0
116.0757973113778,1,2,1,9,0.1426050190444933,0.0631131326721276,2
87.99563400164001,1,3,5,14,0.2980001737974319,0.1932602353918411,3
168.3404733360141,1,4,4,8,0.0621354137587444,0.0467547829283465,3
87.48819171714628,3,4,3,8,0.2685863909059595,0.0825767329543358,3
60.35681974638408,2,4,1,13,0.132336048280841,0.0101502530855103,0
30.661206865421235,2,3,4,9,0.1055157056377621,0.2367203171967328,3
48.02483156980352,3,2,4,19,0.1683196630156524,0.119785088850304,1
77.08059615731565,3,0,0,20,0.1974593435764478,0.1437006764322394,0
71.80417651928946,2,3,4,8,0.2594367811368753,0.2141650196557066,3
74.4571162198808,0,2,0,13,0.0319348113510901,0.0431310043351611,2
61.340451575668574,2,0,5,17,0.2424069997642697,0.1911915134164523,1
122.39653366896952,1,2,3,21,0.2184220117830635,0.0252858952065132,3
141.6651526670149,1,1,1,10,0.1425826774509358,0.1907518751995594,2
1.0,0,1,3,21,0.1999745170479559,0.208415875360323,1
71.8492902543666,0,3,0,13,0.2908140644444514,0.1303262071351081,2
101.97994090260688,2,2,5,6,0.1571195759528168,0.230272375578246,1
21.97509210628216,1,0,5,19,0.1637086265870681,0.1221327974026937,1
110.41911562598104,0,2,4,9,0.0616187458379234,0.2424755310938287,1
163.1642251184352,0,2,3,7,0.0703531831218615,0.0583045625454471,2
108.56317629100968,3,4,4,21,0.0969656564128588,0.1833209459743997,3
98.36116490211516,0,0,4,9,0.1201483722047827,0.2940681994376979,1
168.4325393449957,0,0,3,6,0.0600989096476214,0.1929639864424231,1
97.94760741490636,3,3,1,13,0.0171483484981016,0.1763180545069201,0
3.5693134806619757,1,1,1,21,0.1294428440986793,0.1494726748976088,2
104.28405558203023,0,2,1,8,0.1730020770455812,0.1628022908031574,2
80.63753170105238,2,3,1,13,0.056255052037802,0.2834750675729671,0
56.531587488436905,3,3,0,20,0.2362570965113916,0.2183053092863786,0
54.46787399560027,1,3,3,11,0.0253775893100724,0.1468853016919638,3
189.8866920288679,3,2,4,22,0.2881003212131911,0.0733556599953334,3
123.33776024192896,2,3,4,19,0.1896385003231513,0.2930889583004976,3
196.0435574969893,0,0,1,15,0.2518796984543381,0.0196853183413716,2
1.0,1,1,5,21,0.0965522163465776,0.2684385425977363,1
35.27533225709942,0,2,3,12,0.1411333161402373,0.225679189013751,2
121.128358233712,2,0,4,15,0.2834746529335347,0.246822119105757,1
160.30429436998787,0,2,4,15,0.0180628284843872,0.050506209460526,3
145.12664800376626,3,3,1,14,0.137196767869502,0.0298851638321193,0
121.26865533994942,0,2,3,10,0.0574762929195382,0.2740786231370757,2
147.65176825488788,3,0,1,8,0.190378076472104,0.102802864267527,0
180.4444046706569,2,2,0,19,0.0042249962347015,0.0810159634991991,0
21.777300668801587,1,0,4,8,0.1156205604108626,0.0370195955970211,1
64.2751954348451,0,2,3,8,0.2190492007915025,0.0379338436908838,2
133.8501198656868,3,2,3,12,0.0097558419355715,0.0254998631667294,0
40.12014311103135,0,1,0,7,0.2205327840169113,0.0522548413043753,2
98.71404639097216,2,0,4,6,0.1049254460941267,0.0789481874554363,1
159.9138018322318,2,4,0,6,0.2663279892797521,0.2640960343213411,0
144.28631769409276,2,4,0,17,0.1048255690511085,0.1831652749695636,0
79.64015910593193,1,2,4,7,0.1445600302478906,0.0490959783529752,1
34.834515819599176,3,1,4,19,0.0505131975093689,0.2021957781050992,1
51.44965882946805,0,0,0,12,0.2733728520887085,0.1961460393467088,2
121.51724190855288,0,1,3,11,0.2930812466244056,0.0095041076811825,2
93.92629907249776,0,3,5,17,0.0508897253720504,0.0779222675717966,3
56.05264983760733,2,0,4,7,0.0248745831952627,0.0671187107656575,1
85.1800674226909,2,2,4,23,0.045786359540103,0.1926158441898985,1
91.00456845992372,2,1,3,13,0.1041943958053875,0.2098151645905539,1
103.29687967139937,0,3,0,21,0.0868598379971795,0.1843259110039586,2
119.2734887516763,0,3,0,8,0.2466493091230793,0.1493094254347834,2
157.31830376484157,2,4,1,21,0.1095994144980461,0.1771481961969477,0
104.5772822022364,2,3,0,20,0.2484900129623133,0.149605662011729,0
50.08534708394653,0,4,0,13,0.2013259597587732,0.1492882105470651,2
174.3689903508226,1,1,5,9,0.2142690347476142,0.2640308077203515,1
83.93144490739041,0,4,5,20,0.1955544969209258,0.2357932200928092,3
116.12802479987764,3,2,3,17,0.1865054228579649,0.0395923580432651,0
89.97826866528193,2,1,0,15,0.091641496537426,0.2717450466601857,0
115.50434541762658,1,4,0,19,0.2809547432306116,0.1033533226831943,2
1.0,2,0,1,6,0.1231348735776415,0.1453523897862776,0
103.99380271351126,0,1,0,13,0.1897810304614394,0.0555209732613716,2
72.29320268948386,1,2,5,7,0.0368304193420201,0.1139181213897582,1
119.555362212045,1,3,1,10,0.2005322254482834,0.2103833812931379,2
117.35232287984354,1,3,4,9,0.0865232214789197,0.0032143113876884,3
83.07821075925904,2,3,5,22,0.1410750279111479,0.0761304486406937,3
125.1105022853504,2,2,0,14,0.1535386173187402,0.053550965968565,0
159.45800064223783,1,4,0,10,0.0724791400316331,0.0427083595079758,2
100.68078071904137,1,0,5,14,0.2827902274388411,0.232051871007,1
79.19802302648793,0,1,4,15,0.1011024691490922,0.2551850597900976,1
70.32896949110383,0,1,5,14,0.1776196742870373,0.1073234668175178,1
98.87010834775488,1,1,5,8,0.1688725403650027,0.0955412377876989,1
68.4589503046279,2,4,0,7,0.2965128504086958,0.1636760779964369,0
119.2183858258403,3,4,1,12,0.2979899628839946,0.0607881471173199,0
156.1415722749564,2,4,4,17,0.0868506269239131,0.0495189135238762,3
109.87743140250744,3,3,3,6,0.0220029665238966,0.1431172956373579,0
100.17524158343096,0,4,0,22,0.0334082276912578,0.2737758812257341,2
112.27020306029058,3,4,4,11,0.2290571447623105,0.0763629696413972,3
133.77593682911427,0,1,3,21,0.215119268234152,0.062201296200143,2
156.0569172505176,3,3,3,10,0.1444022652981501,0.2430049318673549,0
33.97659344898642,3,4,1,13,0.0396337199189475,0.1583534591998348,0
21.5559353488306,1,1,5,19,0.1244137750232333,0.0994739373663411,1
21.49089501313213,2,3,5,23,0.0330787955029833,0.1486765277275783,3
53.77200858979163,3,4,5,11,0.1894852195025796,0.1290683152395889,3
114.7712063500381,3,3,1,10,0.0822752629932406,0.0103539379783565,0
73.3919243259275,2,1,5,23,0.1370473407744771,0.1997593985970691,1
1.0,0,0,5,11,0.1415768865419726,0.0190764223044688,1
200.43345041195835,1,1,4,8,0.0432133237354741,0.1464933423882845,1
17.43730784549902,2,4,1,21,0.1036381186716245,0.0558785352580474,0
22.317647831502956,1,2,5,11,0.1026525128216761,0.2226289594090657,1
62.83203691871925,0,2,3,17,0.1248573234465007,0.1341563970851533,2
27.651164224441985,2,1,5,11,0.0777867503935608,0.1135838606755136,1
201.12434530002903,3,1,3,18,0.1572870536308232,0.0753136385760925,0
16.59924281661469,2,2,0,11,0.0763962941124127,0.1089531916211989,0
39.82929650144354,3,3,0,14,0.1007098388928464,0.0365870894752304,0
68.327818261456,3,1,0,22,0.0657692725529074,0.1401126213814408,0
23.719103585087524,1,2,0,23,0.0036758223963227,0.085228650956982,2
81.29336592544819,1,3,4,20,0.287002918127212,0.1495416081803815,3
110.31046041539192,1,4,1,16,0.0702198847440721,0.0933415429182976,2
125.43252717737096,3,2,0,18,0.2082760401405721,0.2906488694328634,0
236.1558993813216,3,1,1,8,0.2017828665256994,0.2002422557994387,0
119.6115337777283,2,3,0,19,0.1740865453304842,0.1125456237591713,0
113.7992246456236,1,0,0,23,0.074890302046824,0.2798264018206305,2
92.38510107529268,0,4,5,18,0.1569610458851006,0.2048611853566052,3
56.38500889697457,0,3,5,14,0.2597579190751812,0.0331553493255672,3
110.99418152467356,0,2,1,22,0.0627224335991866,0.2131753904632992,2
153.368992075315,2,2,5,22,0.0374488753068938,0.1383061116349469,3
198.41222275808863,1,4,5,15,0.0776312771278965,0.163463429276744,3
120.71376087568008,1,2,1,7,0.180931957760892,0.0817801049066497,2
130.17405051507683,0,4,4,21,0.0452698044837196,0.0904066957426072,3
137.35706160133014,3,2,4,20,0.1345578309300081,0.0421026547580808,3
82.05619575659334,1,2,1,19,0.2845005596001057,0.2582278432332102,2
23.160524300684244,1,1,5,20,0.2261833183446296,0.1903641974068204,1
171.8584927652056,0,4,1,15,0.0167746139318058,0.1451745607293692,2
141.12161558863087,1,1,1,21,0.2032930977868953,0.1630243130259153,2
180.65178687319357,0,3,0,22,0.1634918132155648,0.0043615842428491,2
88.9403892690384,2,2,1,16,0.2104399504982428,0.2142466800644309,0
162.36926459873314,3,1,0,14,0.2549874554616601,0.2704296478946721,0
134.62321706821638,2,2,3,13,0.2730826220819346,0.287607716682337,1
74.31943488930301,3,1,0,19,0.098710632588536,0.1798416419370035,0
147.44326227234205,0,1,0,15,0.086922997232611,0.2471146587143796,2
85.33300676806314,3,1,5,20,0.106130225354718,0.2592595066332516,1
46.61791183337123,2,0,1,7,0.2738554699657831,0.1457285252845144,0
51.86125743664676,1,2,0,14,0.2998161159179129,0.2289158595038821,2
104.06744416733822,3,3,4,6,0.1289796031980098,0.2509257497381457,3
1.0,3,3,5,8,0.2344244609832071,0.0382313652180709,3
76.11052979682111,2,1,4,16,0.1151228963168749,0.2232229281517033,1
62.29787541662263,3,4,0,13,0.1982569878324786,0.0996413945430352,0
194.2000568784929,3,4,4,22,0.2834267899622508,0.0146617760739243,3
80.29282003235521,1,4,5,17,0.1708156233086861,0.2923192852702345,3
122.74623640330162,2,2,0,16,0.1819572003776313,0.067908438321893,0
91.81770805924856,3,0,1,22,0.0678398812300145,0.1023171726111102,0
82.84687283071685,0,4,0,6,0.0921005103002292,0.0064760263096422,2
62.89579525386116,1,4,4,12,0.2948793223234914,0.1935998323395292,3
98.92369271555918,2,1,4,9,0.2027985825106494,0.0842469308065906,1
43.35615660762945,1,4,3,15,0.219870991988192,0.0945517913816861,3
88.60634355022185,0,1,4,23,0.1962971241775239,0.2688163766781372,1
86.98962493205292,0,1,5,22,0.2870121538061211,0.1885635930545292,1
45.68541715010359,2,3,5,11,0.1935907409474433,0.0012131710814363,3
89.59036336096311,3,2,4,11,0.1892613025658298,0.0726985740811251,1
126.2258717297088,2,2,0,7,0.0359250351621296,0.1008006336413872,0
45.96702852128752,0,4,3,19,0.2744648251562654,0.1673883962696617,3
59.15519559109303,2,3,1,18,0.1555994377843987,0.288046648319402,0
1.0,0,0,4,23,0.2379989684961405,0.1598794146937761,1
126.2433788942654,0,1,4,6,0.1579561038895005,0.0955775298435975,1
171.1795475510139,3,1,3,21,0.1205196659338243,0.1109229480413553,0
70.06759309003317,2,0,5,8,0.25459848321967,0.0642263856349034,1
196.81385563222815,1,4,1,18,0.1791230154396334,0.2208394719835076,2
49.65264751957004,1,0,5,20,0.2891424231393634,0.052714692962092,1
57.361891738317766,3,3,3,23,0.0713335896587169,0.2797201974848327,0
203.03444668639597,2,2,1,8,0.2501372490256624,0.2894672054276851,0
107.75735093412352,0,4,1,8,0.2470433284441717,0.1351307607369074,2
41.6240439961577,2,1,1,19,0.2162955022219611,0.2537240623868635,0
77.54462655853425,2,3,1,23,0.0307265009527116,0.0351617029766659,0
80.03828903514494,2,0,0,13,0.0156946465743835,0.253468197845608,0
157.12617804390652,1,4,5,15,0.0890449892778912,0.2612337043219088,3
134.9907861552508,3,3,0,14,0.0490601928191203,0.0265941848638102,0
79.55633157979551,0,0,5,23,0.0410994688631923,0.0421090517765512,1
138.5011243565354,2,2,5,20,0.0573107224493689,0.2977269736769046,1
136.44093188298183,2,1,5,15,0.1974150105032791,0.1533701612227176,1
167.0203210057109,0,1,5,9,0.0411368088271158,0.1110800984062068,1
78.51120369234897,0,2,0,10,0.0106860418232089,0.2748492610301152,2
101.7384507296634,1,1,0,11,0.2876225481255796,0.1309798302924546,2
112.21915635985904,3,1,4,14,0.0711441240057112,0.1098740025575679,1
135.31154873835348,1,0,3,22,0.1575284359829553,0.086716762515388,1
216.48087417268565,0,1,5,9,0.1297064328312153,0.1160714833328503,1
98.7644567465538,1,4,4,22,0.2373193426744393,0.2494950021039578,3
100.80604487303272,1,3,0,15,0.1713472996186265,0.2891346305935746,2
85.28596937193251,3,0,1,21,0.2610073291175795,0.0688225506667933,0
71.9722715142899,0,2,5,22,0.2349602002626506,0.1232499377742802,3
9.721587300739856,3,0,1,23,0.1309899374649749,0.0800787877480965,0
92.02389759669389,3,4,5,16,0.2044251059785922,0.2785996247741833,3
239.9912073168916,0,1,0,18,0.0539649060963177,0.193831890672835,2
55.99550063394268,3,4,0,7,0.0261921326982176,0.0337304429139358,0
165.6042208053613,3,4,3,19,0.2266217138375681,0.2852143500034655,3
125.4089644526164,0,4,0,12,0.2655528696418786,0.1476687131205502,2
131.76822305857024,0,3,5,15,0.1595058695222214,0.0781768397840311,3
98.881556906083,2,3,4,7,0.1212715738205079,0.23823341257394,3
63.51978181491671,3,0,1,14,0.2000199143677062,0.2162990280899988,0
78.92625812843538,1,1,4,6,0.265054216547149,0.0956286426310892,1
74.22803542820212,0,1,1,12,0.2403497225466153,0.0369361404733019,2
131.4129733943705,1,2,0,6,0.2789230766032761,0.2112384558916924,2
25.15055055678505,0,1,4,21,0.1783531483518384,0.1013441804436501,1
59.53137793280916,0,0,4,22,0.1271304636886442,0.0205623774111813,1
120.02514784313853,1,4,5,19,0.0020652695242407,0.021322438996109,3
105.569542675248,0,3,5,9,0.1792803031426657,0.0371573827014549,3
125.12441618110512,0,4,4,11,0.2243672939890852,0.1458489810106087,3
18.2653240622802,0,0,5,11,0.0343712318612233,0.0790942270108151,1
100.81342988591392,2,2,5,21,0.0506307837705289,0.0229721161953786,3
114.86171362487582,2,2,3,9,0.0188897377940716,0.2532315080404756,1
122.61972416451847,3,3,5,23,0.1519281995082194,0.196600185701531,3
91.72323051761616,1,4,3,8,0.2157444533531029,0.0533567477308817,3
51.25847588260172,1,4,5,10,0.1586301361642365,0.0085786108372251,3
133.48422446582524,3,2,0,18,0.2045663478812453,0.1565938471992004,0
94.45802314036357,2,2,1,20,0.2249208174751068,0.0455376116520447,0
82.78992011674978,0,3,0,16,0.2831397343561863,0.0319630995178822,2
156.60990958603406,0,2,5,19,0.0818577393522587,0.0844267502878042,3
110.37598188580608,2,4,0,18,0.174277280380245,0.2637571152030613,0
158.28083245555803,2,0,5,23,0.1139188107918729,0.1188500417958334,1
18.17384118001172,2,1,0,12,0.1901973812254224,0.1600719704320035,0
127.85489792854978,3,3,5,9,0.1305300565358882,0.1945380443730877,3
52.96565575147425,0,0,0,9,0.1361440300523804,0.1065099530109924,2
135.24307740978807,3,3,1,12,0.1277119662182291,0.1717280591415039,0
105.5716166362156,3,4,3,17,0.0319509519229703,0.0394143525656332,3
61.98977106223085,1,1,1,13,0.2111500904623991,0.1269322844750469,2
107.31395219056766,2,3,4,20,0.1469021073086719,0.0156817724343023,3
213.7120075605681,2,1,1,22,0.1094937680630411,0.2659796107249632,0
103.44987805812424,0,1,3,15,0.263520707956887,0.2809435221461668,2
32.00719877640488,1,3,0,13,0.2103775423911413,0.2748682769785399,2
89.19478144083403,2,4,5,17,0.1644390938637544,0.1130897510195873,3
82.87227406253155,3,1,0,23,0.1128930330762184,0.1140731279703495,0
92.7834766098453,0,3,4,6,0.154051327239193,0.2492328955107486,3
65.88271800603673,0,4,5,6,0.0152906864269221,0.1722289666505382,3
125.3582879607777,2,0,5,23,0.1079773948349288,0.2567063338925732,1
124.49475532048218,1,3,0,15,0.2485139949139213,0.2666402499025773,2
154.56494781476337,3,2,5,14,0.2761469589733662,0.1196176794235748,3
72.94722970359601,2,3,0,20,0.0926633875196137,0.2734000039884542,0
18.452339335384732,0,0,3,13,0.2189937354407013,0.0383507320740431,1
105.79159745047822,3,0,4,20,0.1665890917022194,0.0748989176677656,1
188.4595584618332,3,4,1,9,0.169690149377801,0.1746034070009986,0
104.59630185036131,3,3,5,23,0.2472128518167246,0.2233950609199659,3
100.00573218851798,2,4,0,18,0.1257334442089157,0.0909446201194851,0
121.68661970140094,0,4,3,20,0.1522679074299905,0.0563197366071095,3
71.96027653800124,3,1,5,14,0.0180526575231306,0.1989947712982866,1
72.45599783975021,3,0,3,13,0.2120787731448507,0.1038729248449501,1
86.8546401062517,1,3,0,8,0.2706314782839169,0.2543526124181435,2
44.71872491427799,3,1,4,19,0.1099866372593527,0.2888845215281839,1
131.2207569466262,1,4,3,22,0.0236263876851224,0.2686147197116126,3
65.32157452409857,0,0,0,20,0.1958989366682843,0.0099901769313234,2
122.170284377111,3,3,4,10,0.2267010208803387,0.1224285771094507,3
93.12681151304936,2,1,5,10,0.158495860603537,0.267131620778452,1
100.9269972644517,3,1,0,17,0.0571866884780394,0.0962804641958587,0
1.0,0,3,3,14,0.0526898308975065,0.1231291875889555,2
149.09585816344455,0,4,0,7,0.0712775746495492,0.2519902108480279,2
1.0,2,1,4,10,0.120944319650887,0.2884579970318614,1
123.62786996919112,0,2,0,21,0.2070354852540279,0.1468010060517427,2
1.0,1,1,5,12,0.080552786977897,0.0541476571364356,1
111.86046006378294,3,4,0,6,0.080059072253552,0.0682988451986222,0
116.46129334551568,0,2,3,14,0.1430363996476889,0.0136014020902092,2
135.4802444081394,1,2,1,11,0.140681506611397,0.1035663945030113,2
111.06223519943836,1,0,5,21,0.2452568269888024,0.178707694684866,1
46.94947006059888,2,0,3,23,0.0672548106066657,0.1462285050823699,1
94.23151858945862,0,3,5,13,0.2364758766300913,0.1352087037534139,3
151.0699884440919,1,2,1,22,0.1448622567881656,0.1411483516396504,2
114.02500114599164,1,0,0,11,0.1301437012317913,0.0235615969928073,2
70.58214887671798,1,4,5,12,0.2631822371618789,0.1931104830968238,3
50.30093096946048,3,4,5,22,0.1958161306170065,0.0089086857640486,3
98.14814097004329,0,2,5,12,0.2597629027317001,0.0242509059149508,3
100.91400428794108,3,2,5,17,0.1214909537984706,0.0229403980446083,3
88.16740473183437,2,4,3,17,0.0834796473304327,0.1239347835046323,3
114.44027766661785,2,0,1,23,0.1904796642301193,0.2126104758039031,0
148.5273725576099,0,2,4,13,0.2205511507834258,0.1137861634264032,3
61.460629847986176,1,1,1,18,0.1493748376147,0.1797806501241041,2
140.11837164479405,2,0,5,16,0.2086509716293555,0.27003660986986,1
118.58680140060235,2,2,5,12,0.0252613854942531,0.2872348382949517,1
241.6946115968721,2,4,3,22,0.0005509064225477,0.1052150709533077,3
81.1299407474365,0,1,1,17,0.096538541453564,0.1678092011515747,2
133.79353011151403,0,4,4,16,0.0174903238616091,0.0305706548919404,3
91.8545421857009,0,0,1,9,0.2731316346655535,0.2708771235777436,2
137.63497855378188,1,3,4,8,0.0218284576606376,0.1783247954747548,3
118.7144755065423,3,0,5,22,0.152678206154126,0.0676173314549632,1
107.98388809154105,1,0,4,22,0.0074297091110735,0.0646778955859276,1
187.58372268889468,3,3,0,22,0.1889533474170243,0.1251569003774361,0
36.87737991676694,1,1,0,11,0.0531328066533184,0.1772845525910123,2
51.11108945205744,0,4,4,13,0.2521962483251752,0.2464764914291803,3
44.53657067664164,0,1,4,18,0.2323808487515191,0.1552670256743459,1
50.58027807665636,1,1,0,20,0.2220064588471579,0.0874194750776499,2
39.92045891632751,3,3,5,22,0.0085139189389048,0.1500979950417565,3
76.20082378373885,2,3,5,21,0.0338762345445318,0.0089320966354761,3
43.74904667096795,2,2,0,23,0.2223780217913717,0.2893577972742732,0
131.200456605641,3,3,0,7,0.242023254912737,0.2374632588004656,0
105.15365209620438,3,3,4,14,0.2023506481686805,0.0725667308135477,3
154.73254079551364,1,2,4,17,0.1340953762410635,0.0718801010444714,3
127.27043869165638,2,1,5,20,0.1642883333683693,0.000407725000378,1
139.78572239326792,1,0,3,6,0.0094098660601658,0.2937609207065214,1
95.8984681845421,2,4,3,16,0.2366564790574931,0.1959867402384537,3
165.80279801048135,1,1,1,21,0.270785414019565,0.220074403423243,2
54.86933887378916,0,3,4,22,0.0613022866688408,0.0195335794985211,3
132.5672988725824,1,4,3,15,0.2727251446267654,0.0262350768325292,3
61.630959677884576,0,4,3,7,0.0587497194012323,0.1666732584850781,3
95.57249742284948,2,2,1,9,0.17276405551448,0.1279912596392434,0
98.23520414056598,2,1,4,18,0.2278865833335469,0.1093410936247461,1
43.22907723985671,1,1,5,15,0.0788141997716289,0.2904360039221996,1
71.08064391382803,0,4,4,11,0.0144108747876377,0.2728959853883916,3
50.20260046083838,2,3,3,19,0.0221566398058903,0.209588443085215,3
181.70705044427456,0,0,0,23,0.1283350964325185,0.0312613942927481,2
102.76008768975912,3,2,1,18,0.2018684922015051,0.2085033552334927,0
164.0166151935864,3,1,3,20,0.1387615338779865,0.2390311222792772,0
136.3119936635482,1,0,5,7,0.0719158128346546,0.0030349437805156,1
129.61703849106954,2,4,5,9,0.0650842093296489,0.2947059410652194,3
136.64337912278495,2,4,0,21,0.1061665752273997,0.1467286803829346,0
132.7395630834067,3,4,1,22,0.2821875259394227,0.0442896231620962,0
120.99943726104024,1,2,0,11,0.0990474143426023,0.204238049573968,2
125.0585632244334,3,4,1,18,0.2571846154843449,0.1881548791865379,0
63.73572606114518,3,1,5,12,0.1551769140258875,0.1046322740689917,1
51.82042974896397,3,3,3,10,0.0187822477880697,0.0750898487793766,0
1.0,3,0,0,8,0.0424442011995046,0.1018867345768582,0
111.4386690012341,2,0,5,13,0.1378153944479657,0.0808935812780694,1
69.30255702998791,3,1,5,13,0.0479462196210093,0.2318020742496485,1
145.30910786741495,1,2,5,17,0.2388465099204057,0.051347635068373,3
74.35326991107486,3,0,4,14,0.2502670125646303,0.1516933412725281,1
4.806876243789986,1,2,3,14,0.2807604878500671,0.0090998895249299,1
88.05340892714395,1,2,1,7,0.0201116252909358,0.1792881723653712,2
214.55535873093692,3,0,5,23,0.090256395542019,0.0785700677463004,1
94.24172969066844,2,2,0,14,0.1722733203807096,0.1836116395569931,0
138.72902488658707,3,1,4,10,0.290222541476755,0.0315259509320665,1
103.50442376042834,1,1,5,21,0.138259200328633,0.1153301187932639,1
96.7400557825088,1,4,0,9,0.0232782759230182,0.0173124739979457,2
68.08555846916374,2,0,3,9,0.1505342154254918,0.2366840025111984,1
94.87603884287954,2,1,3,17,0.1406030283741249,0.0917297290372675,1
72.19515318855989,2,3,5,8,0.2625938829560029,0.2929109724771802,3
78.09635716093464,0,4,5,17,0.2887575407401241,0.2841030586794896,3
34.937368780395104,3,4,5,7,0.0733221087884174,0.016871860139156,3
146.4172487279071,3,4,0,16,0.1434723309303115,0.1451064713660655,0
116.07293929454627,2,2,5,22,0.0690312915289946,0.1153873326280885,3
63.68203460114263,3,2,1,22,0.244009085077415,0.1732166992632328,0
86.43643402715219,1,0,1,19,0.0328395922376466,0.2416731905521956,2
1.0,2,4,3,12,0.0389663582316731,0.2964779746181329,3
144.92747501706086,0,1,1,13,0.2129578862063135,0.2349888485509475,2
47.9397431436356,2,3,0,15,0.2935851312537199,0.2302089582018684,0
26.888551373947635,3,2,4,23,0.2579298852034841,0.0299728900845312,1
89.5140961588584,3,3,3,13,0.2725376496176551,0.1314712675558506,0
73.17231229314865,3,3,4,6,0.1094283908116141,0.284030838566883,3
172.5852940388412,2,4,5,14,0.1064641106149546,0.2251792211181537,3
125.96301771788558,3,3,3,22,0.1777681984957718,0.264328205821998,0
143.88064072639952,0,4,3,20,0.0148448140026093,0.1025768923122028,3
91.4006752295911,3,1,3,20,0.0019839818323804,0.1336963606406927,1
129.64061174171437,2,4,1,17,0.046991034716455,0.1883400857595361,0
65.0348280448747,0,0,3,20,0.2694664377904066,0.285014032083802,1
48.66531209628584,2,1,3,23,0.183981654379808,0.0126080730053367,1
4.035371057151593,0,2,0,17,0.2231297590673141,0.2580432855814702,2
114.17156591860028,3,4,3,20,0.2068352842476342,0.0314869293525838,3
158.1438846873578,3,3,5,22,0.15419582463675,0.1594934727135996,3
99.35819207974242,0,1,0,6,0.2021040680983273,0.1802205754556164,2
106.95207385566933,1,3,0,20,0.1160991344773316,0.0197789308569404,2
1.0,1,1,5,15,0.0338410056774609,0.259832772016407,1
122.85200327981836,0,4,4,20,0.2588239153912358,0.2964827319883817,3
76.01466302210883,2,0,5,8,0.007434002390374,0.1230929999804503,1
64.60945995016593,1,2,4,19,0.1508751613107045,0.0063299836067884,3
70.43476805605272,0,2,5,20,0.0202402539397437,0.1259680880728668,3
147.92659806493074,1,1,4,8,0.0942408140415768,0.2122554513450365,1
82.26490278340296,0,3,5,22,0.2156680215939115,0.2859554621340019,3
49.05316648036761,3,2,0,9,0.1949198454845502,0.2266678880735484,0
208.4380583960713,3,4,4,15,0.2546846270661428,0.2843262795630263,3
1.0,0,3,3,23,0.0049558304526486,0.2119231135411169,2
130.48573643267548,2,0,3,17,0.0050829932156936,0.2673973357903799,1
48.13356431151402,3,1,5,6,0.1448833809216435,0.1693000250438951,1
200.00762562464547,3,1,1,22,0.1790424264173969,0.0154167852307729,0
62.280857031784855,3,4,4,9,0.2876400924372694,0.2383817553926836,3
131.1703986997514,1,1,1,15,0.2353818659473163,0.2200320078284635,2
1.0,1,4,4,23,0.0355821704517671,0.2720081477980001,3
139.5360509270203,2,2,0,19,0.2285190824175914,0.2608575434201717,0
97.24576226914606,1,3,1,10,0.2918859329638028,0.0194167245163421,2
18.80973442637989,0,1,4,10,0.2392355258117802,0.2998887469912391,1
108.64211553081772,0,1,1,16,0.15363530039442,0.0557861010244059,2
18.38983315144951,3,4,5,19,0.2285027760399878,0.1840130860891468,3
72.99347037460126,2,1,4,19,0.2158973861001997,0.2858040241140168,1
110.407088164132,3,2,1,17,0.1218262701643164,0.2036246879861128,0
96.4635550239496,1,4,3,16,0.1794064322911432,0.2402756772084632,3
85.63969101083654,3,3,1,6,0.2925167046644133,0.0121742772583524,0
64.53641414280754,0,1,5,12,0.1212076986934286,0.0770843471157405,1
213.62638069022165,0,2,0,7,0.0231038747182864,0.0049982795059896,2
86.47425590479018,2,0,3,11,0.176294496446635,0.058258227005788,1
123.60057157314408,2,3,0,7,0.0481611926210861,0.0672579723876604,0
99.5150668908696,0,3,4,11,0.0453860162110152,0.2531363406248277,3
177.22210494371328,2,4,3,19,0.0958145667465893,0.2358937488588386,3
115.76657353222124,1,0,3,11,0.1992036450831963,0.2378747237742499,1
139.9801892651039,1,3,4,10,0.1983071002452621,0.1274211173161623,3
120.19883825277329,1,2,3,23,0.0753507434969596,0.1886954012686616,3
73.97985048802747,2,3,4,15,0.1830140774097413,0.2380732973664065,3
33.35906848303095,0,2,3,8,0.1915642022011359,0.0462777187033743,2
171.0189924014175,3,0,1,6,0.010406457962984,0.2321188113775831,0
1.3492500007580048,2,4,1,23,0.2959757536443224,0.2939775968413458,0
108.1822388001434,1,1,0,10,0.009782327814872,0.2970791518729674,2
152.85895648072164,0,4,5,15,0.0168231544366719,0.2393190303560467,3
160.57741284558807,0,4,0,17,0.0527990818340791,0.2650910143510031,2
32.69296387098973,1,2,3,7,0.1651205260151051,0.0735807725816478,1
1.0,1,2,4,13,0.108824415749279,0.0554796320813679,1
83.99610383639357,1,0,0,17,0.2985733686224982,0.107918285671257,2
205.9551801179784,1,3,0,17,0.1646968532106978,0.2543338093102708,2
104.41572747326208,1,4,3,8,0.04581262875372,0.0874058305075215,3
196.64783453763303,0,4,3,6,0.0426535254580682,0.1306752972274751,3
3.509554355446696,1,2,1,7,0.294280859030688,0.006950895681174,2
142.9500716485341,3,1,5,19,0.2299322926720477,0.119387708008113,1
129.72919023877787,2,1,1,6,0.1222253327453548,0.0978718954904171,0
104.41178769429744,2,0,3,11,0.1532207268242988,0.0251140052974333,1
138.43722273058114,1,0,1,21,0.0031274874944827,0.0242397895455621,2
185.5125195558657,0,0,1,9,0.2358706191002964,0.245362859985171,2
92.73273427561304,3,2,5,22,0.1558386154933439,0.1175569626393488,3
115.14476312714656,3,4,1,23,0.1538154162378587,0.0587463537042786,0
147.51285969342712,0,2,5,6,0.1148739530176838,0.0346976526894669,3
97.72490723098568,1,4,4,23,0.0249998354175132,0.0851876736266899,3
41.711469141651655,1,0,3,16,0.275845637264168,0.1446055224017651,1
167.64710238853496,3,4,1,13,0.1627409013048692,0.1790127660329902,0
88.81719646935399,3,1,0,11,0.2587815881422471,0.2103882535252702,0
146.04079329399977,1,0,1,21,0.0543091200075343,0.087977977881481,2
97.2624222059613,2,3,5,14,0.2532315664228471,0.1712695544914337,3
145.13719277594,2,2,0,7,0.0512887048410717,0.1196423304677586,0
130.87035459339975,0,0,3,14,0.2067012012366061,0.0751661439262483,1
136.05597604379264,1,4,4,23,0.0966776166599984,0.0721310354089807,3
112.31409064862493,2,1,5,22,0.1964173152353181,0.0986556462637773,1
64.38990207073283,1,0,5,23,0.2199599845638824,0.0228232178123726,1
82.35830470743213,2,1,4,21,0.0800476164191305,0.0723724999035876,1
143.83437379375496,2,0,1,10,0.0077594032554278,0.0400673241975798,0
172.73027695344317,2,0,4,15,0.2004096170575306,0.0127951648422332,1
56.749517849457874,1,1,3,16,0.2197213046545217,0.2388146780108622,1
38.9576092968737,0,3,5,19,0.0289823866065727,0.1321545791158371,3
225.37476189294168,1,4,1,16,0.0208629852037405,0.1247405030992149,2
107.99202885826983,3,0,3,17,0.0064348265880544,0.0819504039947875,1
70.81525486190381,2,2,3,18,0.0127263318097385,0.0828327932773629,1
146.15066184472497,0,0,0,18,0.2735825303036592,0.1508597115042944,2
70.84014210581398,0,1,5,7,0.0041644764170277,0.2326915296438983,1
113.36772187131264,2,2,4,11,0.2822474205518153,0.1390005631067174,3
152.42424368522754,0,2,3,7,0.2670489098451098,0.1287111187070535,2
123.54381283692165,1,2,5,8,0.003410637366036,0.2037100291629317,1
227.01955488407168,1,2,4,8,0.2245800413736726,0.2259626872970319,3
108.87432077389072,2,4,3,9,0.2850759583675004,0.1892802598104528,3
127.47147537178816,2,1,4,15,0.1230324005203715,0.053997218948539,1
98.36981197995756,2,2,5,16,0.0059850593324783,0.2768258766738795,1
91.94959169026494,0,1,1,21,0.1563829578539759,0.1225837760182993,2
101.32535896876522,0,2,5,16,0.0524434343611723,0.0513562412395525,3
1.425935000504225,3,2,0,9,0.2163806008832768,0.2636929963248235,0
1.0,1,4,5,16,0.2111324791146629,0.02650442218729,3
128.4097158652395,0,0,3,11,0.0597028500566426,0.2776362283150847,1
29.211449347208813,0,2,4,14,0.1922003144808069,0.1645811844443521,1
129.00364470387768,0,0,3,10,0.1469656375239458,0.0240574539132633,1
52.74455669434901,3,3,5,6,0.2091865866235559,0.1060015390181639,3
160.45599049752977,1,3,4,9,0.05887690797049,0.0446512739232988,3
77.00510786723774,2,4,5,22,0.1062167070872981,0.1869150563445298,3
43.694301211063,3,4,4,6,0.0679418111437301,0.0894514062384095,3
167.41877241690236,3,4,0,6,0.2966395651653856,0.095557486866788,0
169.4721566758897,0,4,1,17,0.2102407631096897,0.0298929408152443,2
129.46686423669246,2,3,0,22,0.2142342820721176,0.1988003554771919,0
47.50446939905972,2,1,1,6,0.2363520568895054,0.2068750150645613,0
113.61762437959815,0,3,0,13,0.1201669360425923,0.028304321970338,2
65.01791889662633,3,0,3,21,0.0681686456896658,0.2270023158821177,1
158.148791311802,1,2,3,17,0.0361334266355032,0.1510217799998264,3
109.01313969507558,0,0,0,21,0.2238742857142914,0.0645934544145443,2
221.63181620108776,2,4,0,21,0.2704423981663038,0.0525846916464292,0
244.7342065236667,1,3,3,17,0.2955984830180072,0.0423623579204578,3
93.3594695598762,0,3,5,16,0.0240884266549486,0.1718463266439977,3
121.44191489026406,3,4,0,12,0.2086880906812549,0.127200845732347,0
109.68759163379376,1,3,1,15,0.2836917207858057,0.0073152921298445,2
139.11863851460816,3,1,4,9,0.2316977997130559,0.0174101801438011,1
61.92234122868944,0,1,1,20,0.156892652743834,0.1262316095685507,2
129.53326483521892,0,2,1,13,0.1189473814328805,0.2143137776746565,2
217.8064481338701,3,2,0,9,0.2067809882938891,0.1429336173652243,0
192.8738604647865,1,4,5,20,0.0963046158173847,0.1537109218100942,3
116.85436463668404,0,2,4,22,0.0647615540640639,0.2464408577795298,3
54.372999128971344,2,4,0,22,0.2660557000961449,0.1675729201913632,0
103.70928057610828,3,4,0,19,0.1895726591532488,0.026791252849681,0
1.0350848481584904,0,2,4,20,0.2899352532342951,0.0461601634338804,1
87.90242376711085,3,4,0,9,0.1739488975949404,0.047513333171568,0
88.84138795135654,3,0,4,12,0.064697177658129,0.1427841323378979,1
108.38084927646892,1,1,0,8,0.1858813907629705,0.1777662154395284,2
34.11007337902997,0,1,1,12,0.1185637543890089,0.0304116326137046,2
81.80871372260503,0,1,5,12,0.1100232689185875,0.0658266627711433,1
30.50676295492353,2,3,4,23,0.1472158260920946,0.0064159750880518,3
186.62425038478125,2,4,4,11,0.0526790239729598,0.1331426103793526,3
1.0,3,1,1,12,0.0254478541540325,0.2513122992437999,0
139.77438474774442,2,0,3,8,0.2631477472862057,0.0497750185033527,1
50.35387599849653,0,3,0,17,0.0201384885253651,0.2695765519064271,2
73.29819853405841,1,0,4,22,0.2736314341250478,0.2469596230129518,1
104.81846200299978,3,4,4,10,0.1250723325380695,0.1089980004200181,3
223.037646435419,3,1,1,6,0.2942787063876252,0.046752061590638,0
140.1640017985871,1,2,3,18,0.0757365587667935,0.2396212645909816,3
95.5127331992443,1,2,1,13,0.1934200049392041,0.2884782681837653,2
92.806786305429,2,1,0,15,0.085897659889526,0.2504757280221466,0
94.53617438908049,0,1,0,18,0.2782382252614541,0.0819187631178137,2
130.8211052407367,0,1,5,8,0.1237485464613601,0.0061156805788515,1
139.69732667356274,2,3,0,8,0.0750270445380712,0.2950167599685548,0
118.4649757018854,1,0,3,17,0.032878550592372,0.0433923248366775,1
126.54664931746883,2,1,1,15,0.0420574418525531,0.0483385753524558,0
93.65990154475703,3,3,5,22,0.23000340424971,0.181335502534277,3
156.93904059610645,0,3,1,11,0.2311009956805658,0.1616938377181794,2
131.21345771704125,2,0,4,23,0.2272106275058467,0.0025677611210231,1
36.3584789773027,1,2,3,7,0.2425090532787363,0.2262988628679698,1
35.158307641601354,3,4,4,12,0.1776910843305484,0.1683066734672211,3
102.32642329668543,1,1,4,10,0.1743502983945425,0.0118105876908571,1
50.3955159950189,3,3,0,23,4.8880811947626944e-05,0.1793972616187268,0
113.43339625519177,2,4,5,6,0.2385587945447642,0.1375162351384239,3
112.15233148268246,3,1,4,7,0.2357513662434966,0.1510316120456302,1
123.15484653318876,1,1,4,6,0.103759548914058,0.2249712894348464,1
117.65030902732477,2,3,5,8,0.08844587926879,0.2327909645894383,3
96.59216847827813,0,1,4,13,0.1369694342245917,0.1722286057961612,1
109.23794063942206,2,4,1,17,0.1328012607208497,0.2901189786049707,0
197.2414320784052,0,4,3,22,0.0242468281915182,0.224202967128604,3
33.35960105882508,1,0,4,7,0.1839676381733258,0.0819294048177407,1
203.5566296880384,0,3,5,7,0.1966503209892796,0.2410683668561286,3
95.6511951186638,0,0,1,12,0.1974058546725971,0.1581305382809011,2
48.89493530179311,1,0,4,13,0.093661517233858,0.2790944945324319,1
123.3222900419903,1,2,1,21,0.2173518904166907,0.2904401645935008,2
112.6592717570296,2,0,3,14,0.0974906939747027,0.1386279204704667,1
1.0,2,0,0,21,0.1174648985714318,0.2362110845349847,0
130.36019948721227,3,4,4,16,0.1269717224684491,0.2689515798359181,3
134.84044955801764,2,3,1,19,0.2465311625905732,0.0436864304375405,0
136.47093621057667,1,1,0,13,0.1985004245689961,0.0838812393867136,2
159.38205696794537,3,1,5,23,0.0187069663966937,0.0475940035889958,1
107.49335456938888,1,3,5,6,0.1003986575042071,0.2607886951211633,3
90.69961528539518,1,0,5,16,0.2512258770689566,0.1413912139758593,1
131.2336676849473,0,1,4,8,0.2023179412020672,0.13951785282281,1
97.76324697923896,3,0,1,10,0.2306680366085042,0.163591018806753,0
65.21404377664572,3,3,0,14,0.2455550406604147,0.1030654132134456,0
112.47782151537784,2,1,3,22,0.0078842125450499,0.2993119416940643,1
127.78134113974365,3,2,1,18,0.2788299635695181,0.0328061586662412,0
187.02606149186963,3,3,3,9,0.1072773845668885,0.1042595304948006,3
80.07591774338228,3,4,1,20,0.1685174941272599,0.0094556597529257,0
53.91734401108688,2,3,4,18,0.1914138185092336,0.0264138197218276,3
147.06313614798805,1,2,3,6,0.1962211594857147,0.19282827182827,3
88.36039998072764,2,1,0,18,0.1972428576849166,0.1290608519364627,0
139.16351084683646,1,1,1,10,0.1566437858807197,0.2867158523184274,2
106.53862344720986,1,4,4,21,0.0207860244109602,0.0721814332730038,3
136.505304899975,2,2,0,13,0.2550701910160362,0.2113081608655083,0
39.05908333911721,2,2,3,21,0.1248402145631129,0.0590466929382897,1
177.7807480731363,0,4,0,20,0.1118295451826826,0.1181208867213826,2
122.23611310370887,3,3,3,8,0.2216903752817332,0.2835754610975733,0
108.20079783203056,2,2,0,13,0.2579593620454176,0.1322990495205196,0
170.79561810099125,3,3,3,14,0.124857390163223,0.1704256298175302,3
89.11740546074665,3,0,0,18,0.1886506509598801,0.2030817959386205,0
152.62752472991698,2,1,3,18,0.2594153020464829,0.0762767889495177,1
96.99604035516556,3,0,3,13,0.151102372396675,0.0981885981828534,1
151.41691884789407,2,1,3,11,0.2699135211815112,0.2432219936746043,1
149.76451997610155,3,1,4,12,0.0548482944852381,0.1286351399295323,1
92.79572147737528,0,2,5,21,0.2909492616874125,0.1108626704342065,3
78.45911988059021,3,0,1,18,0.0300342938093997,0.0645874234219322,0
126.36449594186637,0,1,1,16,0.2509118777151617,0.1156612727348567,2
87.23709216689018,1,1,0,19,0.0916885281342063,0.222849567659367,2
2.2573960434427534,0,2,3,10,0.2819098229558649,0.1358689269165185,2
87.64884631813655,1,4,1,12,0.221249941103442,0.0579569656317368,2
64.48337548925542,0,4,3,20,0.2551813491750844,0.191374237764953,3
129.16734748707603,1,1,1,21,0.2082948425265182,0.2355039050511193,2
105.3949849133718,1,3,4,14,0.1910650946060985,0.0325972430227448,3
136.367629113443,1,1,4,7,0.2334438325378102,0.2662419986955534,1
88.07771664252189,2,3,4,22,0.167993539631721,0.0473043991989079,3
79.89557866260745,3,3,3,17,0.2247258294999651,0.2790203337782174,0
66.66076180191303,2,0,5,11,0.2579719965607184,0.0016946248221658,1
112.6328172849462,1,3,4,6,0.0496028131415914,0.1384946699317818,3
54.95149907868724,1,1,3,16,0.2490788835601302,0.1526647011188624,1
113.88628281672553,2,0,3,14,0.0844421013407351,0.2535680585559958,1
67.34847122709726,3,4,0,15,0.2254606779157944,0.0533612131053767,0
154.97435126665408,3,1,3,10,0.0349878552501162,0.0030175250092991,0
127.98740137949514,2,2,1,20,0.1386748989218172,0.2441529198692201,0
138.714552908218,3,3,5,19,0.1340113554547303,0.1250820502318896,3
115.5308614233074,1,1,3,17,0.1495559567012581,0.2514816978098157,1
33.46799230769895,0,0,3,12,0.0928470818743064,0.0074151300189422,1
43.96622162270021,0,0,5,17,0.2850060692202295,0.2887929512541943,1
176.8267078159085,0,1,0,13,0.2146227778641281,0.0542643911334177,2
57.58564027526759,1,2,4,23,0.0697902056616125,0.1173460817966096,1
18.864297482707727,3,2,3,8,0.0489595435595426,0.2713430577665481,0
70.39429034051508,3,3,1,20,0.2135863889299648,0.2720144634926968,0
135.51492893105174,0,0,5,13,0.2585658351182122,0.045763865300558,1
158.50385315148156,1,0,5,14,0.235076218393966,0.0231011782947406,1
106.20209038860108,3,0,1,11,0.15154920132611,0.1136822212583751,0
118.2881515378568,1,1,3,12,0.2760085181515996,0.1595890617534571,1
65.23112672581186,1,2,3,21,0.0712669408679154,0.1057207278780907,3
77.93685975721621,3,0,0,23,0.1325190615069119,0.1293322084543819,0
121.33153450211,0,3,1,20,0.1724024656571722,0.07541440945706,2
71.8953094925907,0,4,0,10,0.1445721153552498,0.0736832571993287,2
23.432969302091635,3,1,0,22,0.1758012799354049,0.2451339029319597,0
101.07053142021448,2,2,3,7,0.0963344130312317,0.2704506197931141,1
129.25356721920406,2,4,5,10,0.2591805905231403,0.0408370389841837,3
157.03957237772693,3,3,5,7,0.2733652410989394,0.0171000951297982,3
75.39212126039816,2,3,4,17,0.0776924660861107,0.1932931101582071,3
61.90978756324349,0,1,3,16,0.2299638656224328,0.0031494610005224,2
97.28317601256477,2,1,3,15,0.1291998219042245,0.2280428897870626,1
139.3864828716793,3,4,0,18,0.2090957944717352,0.0597570004168223,0
163.80494144089096,1,2,5,14,0.2221692162699937,0.1409251208609349,3
216.7123448656469,0,4,4,21,0.0292024840096125,0.1385975096936366,3
185.67190045252863,1,2,4,8,0.0009566518472445,0.1578374350526214,3
107.46327551966488,2,2,1,9,0.0170971749917049,0.1829599469455357,0
119.5976215800424,0,1,5,20,0.1632377364389532,0.2940549055588394,1
65.37325578224986,0,2,4,13,0.0421562282268004,0.0843584858747087,1
102.27803488599255,3,3,5,15,0.1243104304678239,0.299866515637561,3
98.184203329204,1,4,4,13,0.0755187255304062,0.1393908183030156,3
167.35796467043025,1,0,4,14,0.1080034505842721,0.191973543779008,1
66.19254739741416,2,0,5,11,0.16627969715623,0.1683908646724002,1
116.12631316279835,0,1,4,21,0.1426949678289911,0.1934309693044136,1
79.89592624379631,2,4,4,23,0.2409825761766832,0.0931445499223255,3
100.89360532338532,2,2,5,14,0.2222025892239778,0.2610680873512225,1
160.6130028892707,3,4,0,17,0.1426159073287335,0.2600431069213226,0
16.807981336152224,1,2,0,19,0.1387868897372897,0.0431518450245892,2
127.34448517258424,0,1,3,20,0.2660407741487821,0.1463983368090704,2
44.31272397890628,0,3,1,17,0.0562644694441798,0.067676190987616,2
164.18913041628866,2,4,0,14,0.2980975742911051,0.2529619953667354,0
60.58924163490425,2,3,5,17,0.0817339755129003,0.2421892212553447,3
134.33546021742828,0,2,5,10,0.1310896467738468,0.2182157365330976,3
141.1307684986824,1,2,0,6,0.2533267648437414,0.0564758012650727,2
21.698469199169367,2,3,4,9,0.1163769209331154,0.0019472090172526,3
121.97828873329698,2,4,5,17,0.0866453764897052,0.0406207458190393,3
42.84196969799599,1,2,5,15,0.1767316217647546,0.0911647148108442,1
45.616115263437095,1,0,4,13,0.1648127644603682,0.000933892018625,1
127.72642850109042,1,0,4,15,0.2569081395614941,0.2296799492026588,1
45.70387353551829,2,1,3,10,0.0063225746738821,0.2068634276808327,1
183.59814800366377,3,2,3,6,0.2386752955925368,0.2189846790399374,0
120.8357174629458,2,2,0,23,0.2054002493377643,0.0376465181796727,0
83.0460813186576,0,4,4,6,0.0006040913524076,0.2230277004227883,3
109.9848098312699,2,0,0,16,0.2665289835332119,0.2280929068034695,0
115.57210423145,2,1,0,13,0.072957882009338,0.2450022199402943,0
89.34547990331694,0,1,1,16,0.0577093616491187,0.1301634960905364,2
108.6046438065915,3,3,5,8,0.2849033318427962,0.0306756053776798,3
1.0,2,3,5,6,0.1609601952219816,0.0689241884712925,3
56.13244980953642,0,1,1,18,0.1729880924259455,0.2348934690821194,2
93.81534052441086,3,0,1,17,0.1137573590566661,0.2564777311505223,0
130.5255501179507,2,1,1,17,3.864741998740318e-05,0.0734747183966152,0
78.78023896446695,0,4,0,14,0.2227308477708857,0.2243708494627471,2
27.753874792710064,1,0,3,6,0.1969030142808619,0.2158685283225591,1
99.7306746692956,1,0,4,11,0.0894971130156245,0.0942332406541887,1
76.01792973031858,1,0,1,13,0.0318246933225265,0.2135320763331197,2
109.94439776778437,3,0,1,19,0.2191030506812288,0.2300442706284906,0
113.79370031875744,1,1,1,10,0.0640512492565257,0.2252121796334193,2
29.69419094701307,0,3,1,14,0.27761616891637,0.2090408345497372,2
104.97354790545754,3,2,1,13,0.1822329232815174,0.0916385012926374,0
85.52819046759537,0,0,4,17,0.299515493649799,0.0427807793262001,1
99.551683711813,2,4,4,18,0.2626011802946216,0.0775547568661154,3
144.5760609202915,2,1,4,21,0.2919476429187554,0.2959600471333264,1
35.45283748373916,3,1,5,16,0.1731610835637334,0.0709048451658049,1
96.78136919929705,2,2,0,22,0.2295380497877958,0.0848332581389738,0
130.30759357676806,3,1,4,15,0.1889434657283428,0.2440137188442827,1
34.17519303481549,1,3,5,22,0.1353762558922784,0.0413200733696751,3
193.2135183942836,0,2,0,11,0.2619230078114172,0.0089646105532416,2
83.75581890041306,2,3,1,6,0.1008888801622981,0.1292860915772817,0
114.23105237685364,0,1,1,16,0.2759780987391516,0.2849656258375349,2
33.48538218426317,2,3,1,21,0.055512330035016,0.2109538343400174,0
28.25917443266725,3,2,1,18,0.0241771211778849,0.1595923692951038,0
17.379380485159786,0,1,3,11,0.1663311503942516,0.2375301359679971,1
64.97365046944836,2,2,0,17,0.2340411897726046,0.0577684708380799,0
85.9536687896113,1,0,0,18,0.2427314359271184,0.1207628716783038,2
87.95197085720409,1,1,1,17,0.2055465401617489,0.1917425125485932,2
223.66330413814052,0,1,3,20,0.1523433365680371,0.2177253003527893,2
40.81538289819369,3,1,1,6,0.2856205518526342,0.2226869290777771,0
86.07852577382631,3,0,1,10,0.1664753764897081,0.2359833982605452,0
16.39202431777524,1,2,5,22,0.188045631096761,0.0791147174353533,1
84.23229109846623,1,4,4,17,0.0439157679064889,0.241897274442871,3
90.8084709839939,3,2,1,16,0.2207083213655974,0.2386330939351053,0
118.46087056388392,3,4,4,22,0.2869211012987445,0.1450558173820456,3
145.8336855923592,0,2,4,15,0.290648612985078,0.0288330994247698,3
61.27691780378449,2,1,1,20,0.0033986160500479,0.2238195747773761,0
93.94170535984976,3,0,5,13,0.2080196803994096,0.1890683233937899,1
32.36863168713072,2,3,4,12,0.2397663298047102,0.1118848084932403,3
167.49122296022955,3,4,3,16,0.279484079032604,0.1818900836533065,3
119.68831211520204,3,4,1,21,0.1612816447093067,0.2880996691034559,0
159.5176014478206,2,1,3,22,0.2334301786963211,0.1589740299700485,1
90.2398606585416,3,0,3,8,0.1144633247795719,0.2872194328850004,1
123.94119550039063,0,4,4,17,0.1707579442775561,0.11914028297798,3
103.44468083614274,3,4,3,9,0.2692298774659754,0.1084639512880813,3
95.13981648701102,3,4,5,19,0.0428359617065335,0.0262988801099684,3
79.81223164104867,3,4,0,17,0.1665805781364423,0.2382122969510895,0
7.895862119560533,2,4,1,9,0.0428981101059775,0.0499210522310888,0
132.9467677426842,2,4,0,9,0.0553899729224439,0.2075958683781388,0
167.30598759491482,3,3,4,6,0.1741969831044767,0.2112770429444314,3
190.58506044907483,1,3,4,19,0.2595620834943233,0.202299442378132,3
33.70649556377596,3,1,1,22,0.1234166314911592,0.0207262288707719,0
138.4546331477875,2,1,5,18,0.0432693183768287,0.0158488839332751,1
174.9042180852853,3,3,1,8,0.2273317005452129,0.118372450824606,0
128.55157321985735,1,4,3,19,0.2652236382706286,0.0632953307702616,3
103.90975658467129,2,4,3,6,0.0644467248515122,0.2751232481786988,3
140.53633336195074,1,0,4,15,0.014490109572001,0.0401655287271722,1
43.40568107337008,1,4,0,22,0.0934259226351389,0.1261852685982332,2
40.93225177085773,1,0,5,14,0.0296998842340601,0.2518493152919172,1
30.568899273250796,3,1,5,18,0.2096305983140791,0.1469618650552937,1
115.44263243935768,0,4,1,12,0.169339560346492,0.092973429639659,2
140.42055884663486,2,3,4,7,0.1281204927611062,0.1849045253481365,3
78.24106136506084,3,0,0,9,0.0915454291870902,0.0653750871239875,0
21.88384191999863,2,0,3,9,0.2907963219220091,0.2994788932011031,1
70.22883985619788,0,2,5,12,0.028748869303215,0.1082335365264448,1
44.00304314976916,3,4,1,17,0.1590387763621097,0.2468789396368943,0
184.1142048061608,0,4,5,6,0.2186263616141815,0.1026099378238618,3
67.27252300818085,1,3,3,14,0.1250597333539953,0.1424118197238915,3
100.59629903857382,2,1,3,13,0.0676529951460496,0.2636201092352585,1
111.70306554471568,0,0,5,18,0.1049004803964844,0.163508603227844,1
93.205430723741,1,4,0,22,0.2195052792077839,0.1667807766253425,2
124.9302409243615,0,0,1,20,0.1302284985189432,0.2134783439083223,2
157.33361340642415,1,2,3,17,0.2431433835507064,0.0476237120025931,3
1.0,0,3,3,16,0.0963551759160091,0.2552362315556233,2
108.7786030857744,0,1,1,21,0.0986517617851842,0.2205403535698841,2
87.92900822408876,2,1,1,6,0.0602605936556296,0.0577284296136845,0
48.73330547337736,2,3,4,18,0.1023399606875471,0.0320388866088352,3
30.50764669713737,1,3,0,15,0.0001438564305359,0.1536814346994352,2
173.2677353764309,3,3,1,9,0.2733769608295719,0.1009711877548359,0
44.33668656037955,0,2,3,16,0.0493351640279774,0.1055013691443508,2
109.53162978156054,1,3,0,20,0.2919671793058365,0.068351754106589,2
52.68621841349847,0,1,5,22,0.2506252298032298,0.2066266948324424,1
135.58671839999062,3,0,1,22,0.1847431579906796,0.2898224408560558,0
87.88116923067963,1,0,1,6,0.1526133914622023,0.2808697342493635,2
50.03530961868344,2,3,5,10,0.0672441991196959,0.2484911989523554,3
71.80352601088558,2,4,1,11,0.2371981975056734,0.1233448267083393,0
95.97298376875148,3,0,0,8,0.2269559479712657,0.299707541066362,0
122.7251286042814,2,0,0,18,0.0291044165047105,0.0809868039999398,0
125.13986472627886,3,4,0,21,0.0330494987940849,0.0950586469537579,0
185.00674551999683,2,2,3,6,0.0154633342670272,0.2571122438669673,1
47.865129540835696,3,2,5,23,0.2496367748675519,0.2416299729416163,1
58.77573471732443,3,1,0,13,0.2460161562780161,0.0063408903545039,0
52.84952980100475,2,2,5,17,0.1065951495121671,0.0587827323624669,1
62.97181108314713,0,1,5,21,0.0363025871823328,0.1626991498272852,1
22.62889358154244,0,0,5,16,0.0444343300895581,0.0198723050490324,1
88.73888308195289,0,2,0,13,0.0996618802690891,0.1385009196663083,2
87.91610177433647,3,3,0,17,0.0812937256585472,0.1233675927204108,0
61.592930325340575,2,3,4,11,0.1841764926744959,0.0771701134119898,3
130.00326631761806,2,4,3,17,0.2393568278453068,0.0017732461490863,3
149.01693351088818,2,4,0,7,0.1415261412926872,0.0837192357405615,0
17.721147053362856,2,0,4,15,0.2781099273899282,0.1311196652651692,1
117.66095909153977,2,2,1,11,0.1645585017881942,0.1203446300461951,0
83.29898328811976,1,0,3,18,0.1717409902805174,0.1513157140974173,1
200.5310316604095,2,0,4,9,0.2387533501013635,0.036789708241165,1
164.65890427641114,2,0,5,13,0.2747314643649437,0.0479513593629976,1
114.74217815763387,0,1,4,9,0.1333924604832873,0.2626017286898129,1
170.7321333747674,1,0,3,16,0.0492611934417152,0.0080453103512296,1
47.60950908108848,3,4,3,22,0.0100212025027037,0.0326473360836854,3
210.9133496560433,1,3,1,6,0.2476818163867394,0.0230440700013019,2
158.0200914633671,2,1,1,22,0.0958165763320614,0.1066042381978853,0
86.17743731700817,2,2,3,12,0.1473883662987664,0.2617081573792501,1
235.68098887644987,3,2,4,20,0.2829967365474571,0.2691102071941897,3
43.88725106035489,3,3,1,7,0.1095277545612287,0.0583901960573252,0
70.03277597167497,3,4,5,15,0.1045492746875703,0.2755422803097737,3
102.17434643019013,1,4,4,15,0.1500636243157686,0.1974937842089231,3
167.3046776221637,3,2,5,21,0.1363589331854313,0.1270242310211058,3
87.22747843092421,1,2,3,13,0.1374296451995577,0.2064244558440351,1
63.456718990813954,0,2,0,23,0.0004997727675519,0.2787081884610956,2
177.90918153813436,0,4,0,16,0.1078575249008904,0.1566975755914796,2
68.37657918449325,1,2,1,21,0.0217218607724936,0.0891079503290658,2
186.26428284846725,0,4,5,23,0.011830398692676,0.0776937076807666,3
66.22219203266054,1,4,3,23,0.0873676143047998,0.1910627181002202,3
42.63292418393354,0,3,1,14,0.2649348159266257,0.1108580633518935,2
1.0,0,0,4,13,0.2571303647409729,0.0868997258071919,1
74.10973673349419,2,2,0,21,0.2300395442495998,0.0641104858352016,0
95.84473457916974,2,4,5,20,0.1553618596051431,0.2169762833762685,3
73.17213580944026,0,1,4,15,0.0486528273153147,0.0519460076297973,1
105.6707599099079,3,1,4,7,0.0845073783734844,0.0262049370604846,1
24.11812976067949,0,0,4,9,0.1928240418256595,0.0095885240110521,1
121.14595801136262,3,3,4,20,0.0396195929357241,0.0632761290971253,3
105.01448612535194,2,1,3,19,0.2211580600691935,0.1530389487414555,1
71.41908042153668,0,4,3,16,0.0202215902525973,0.2502871395219357,3
170.44553787414628,3,0,0,13,0.0669721639164503,0.2841298472454255,0
69.60033514158764,2,4,3,16,0.0898306224249961,0.1796217452875318,3
97.90599725174654,2,2,4,7,0.0716625083216263,0.2775634759415529,1
62.97870096564368,2,2,4,13,0.0360864307849405,0.1219903037805395,1
47.42343832076524,2,0,0,19,0.0857593005680127,0.1957047477954722,0
35.738860657289536,2,0,0,8,0.0276304302702564,0.0650622504430539,0
187.21049112960304,3,3,1,21,0.2703872666323635,0.2741844513672417,0
98.2428210297646,0,2,4,16,0.0918095717941426,0.1036705368397942,3
100.0360453467988,0,4,4,11,0.0284599834703553,0.0545948104524832,3
63.0787497028068,2,2,3,17,0.0651132573102813,0.1035214225562675,1
90.59485622274742,2,0,3,19,0.2510937583682776,0.0889342508369524,1
230.2079176622808,3,0,3,13,0.0323370018570242,0.1721745963936838,1
176.7404903051929,0,3,0,10,0.02262745694589,0.0908257551784944,2
101.83099631791114,3,0,5,17,0.0525530734773701,0.2895347893078862,1
97.49673208847511,2,1,5,18,0.2063464588217959,0.2257236291311105,1
43.67634376267212,0,4,5,12,0.01302787258068,0.1427454278429018,3
97.4800024700489,1,2,3,15,0.2919856329778461,0.2504089847003333,1
145.56373199170278,1,3,1,19,0.058313082241758,0.1458556743484488,2
105.69487859992395,3,4,4,7,0.0369054831706229,0.1811499069338407,3
169.4043444728189,2,1,4,9,0.0955074328442167,0.2793158240174908,1
93.6636829218623,3,4,1,10,0.2134776524267833,0.2314684164170895,0
93.87735932311271,3,2,5,20,0.0414896894538216,0.1049754414109915,1
140.38867156458917,0,4,0,20,0.020525366163006,0.1054907742507946,2
8.04148054141966,1,1,1,23,0.2874089965753573,0.1488192366824556,2
74.22518444858596,3,3,3,12,0.0113992125938871,0.1060288295368583,0
141.4852064686856,2,3,4,23,0.1360231502976838,0.2392741083203958,3
137.18579101999063,3,3,3,21,0.2750272425449809,0.000923029058959,3
130.58935245013316,3,0,5,23,0.0867285757497819,0.0188686384046523,1
116.7099471585883,1,0,0,13,0.1943973723542796,0.2886672338992387,2
133.99639182676592,3,0,1,7,0.1517106534526971,0.1599486961838604,0
176.31562478430743,3,1,1,6,0.0879930517767158,0.2094632220276215,0
106.173615725427,3,4,4,12,0.0028285836902464,0.1711691787408422,3
120.73126996336416,1,0,0,15,0.2378183863865386,0.0206619811561967,2
129.39641339989325,1,2,4,23,0.0956147012718982,0.2240866399001301,3
91.11875206783397,3,0,5,15,0.044417608542944,0.0911141642613184,1
33.86016238804041,0,0,4,8,0.156598854459124,0.0010759063218003,1
215.562950247144,2,2,4,13,0.2339546534769067,0.1366838884177414,3
107.25120862362468,1,4,3,23,0.2585473221245721,0.2555920514045331,3
54.887506226786606,2,1,0,23,0.2324352025512586,0.1700847280999256,0
57.996998222909696,1,1,0,6,0.0289509801333878,0.2000516723448872,2
47.99168473893553,0,4,3,20,0.0099644229522963,0.091275404352783,3
102.8848611082892,0,4,5,12,0.1707737391004771,0.2070458699128136,3
85.55760806340155,2,3,4,11,0.2205435620815053,0.0189500459035518,3
121.1822894266594,3,3,0,23,0.0251840057606044,0.0087910920332611,0
28.74111177496472,3,4,0,21,0.2055790661794527,0.0112057829288128,0
149.53997500626818,2,0,3,6,0.2858117088059677,0.0338517129599337,1
43.23873220557788,1,0,4,11,0.2527260535124305,0.1106531197772689,1
112.22239792487264,1,2,3,19,0.2211082824258594,0.0766515584590422,3
65.00173319797332,1,3,1,9,0.0150361183878628,0.0327913802260812,2
36.102505733940106,2,2,1,13,0.2022489371699583,0.1076058998466023,0
1.0,3,0,0,22,0.2606302293979984,0.2169380781999176,0
91.01219334617964,1,2,5,9,0.2557008968138428,0.1780698670387591,1
99.18651195451676,0,1,0,8,0.0242583082353152,0.2770036727901921,2
166.8190901726594,3,1,4,15,0.2782973156353484,0.2771106715584369,1
87.45142779850009,0,0,0,9,0.235630183497788,0.267813638788872,2
134.531528487838,3,0,1,14,0.0588434553219673,0.1977708796777881,0
56.85953681959472,1,3,4,13,0.1322202967559737,0.0253384399727114,3
94.96413729720116,2,1,0,12,0.113204100242742,0.0225243424065305,0
115.40637321680668,3,1,3,17,0.1853022542613918,0.1700227566313397,0
59.42232282618679,0,1,1,14,0.1301496660149059,0.0015836976160494,2
188.4668661700312,3,4,1,21,0.0057092904242641,0.2901536351030599,0
111.0056936650726,3,0,1,7,0.1990329959607501,0.1943316535089743,0
110.23091127952306,0,0,4,7,0.1767230673482611,0.0014973847922945,1
119.4374151795238,2,4,3,18,0.1588332353664812,0.2857938042719199,3
124.37610293478392,0,4,5,15,0.186321333160583,0.2872267758276186,3
182.3184198037499,3,3,3,15,0.2623531947870535,0.1027583273987091,3
121.56725499388816,3,0,0,9,0.1708809821809181,0.0020790284840055,0
70.20462795934768,1,3,3,10,0.0876198438244531,0.2647072704830694,3
73.39290650190901,1,4,1,8,0.0439875740045569,0.0233605772350531,2
70.18695577275233,2,3,3,9,0.2260387638232817,0.0137758289897992,3
61.784188488608805,3,1,4,15,0.0296458552492932,0.2138975808253621,1
151.459529510179,1,3,0,10,0.0712040239756603,0.2102658952979286,2
101.24856311854997,3,3,3,10,0.1316552024508227,0.1352929719716331,0
34.43230540400572,2,3,4,16,0.0754088818561317,0.1348101329853062,3
171.1280164421257,1,0,0,16,0.0415310134499654,0.0506261769033274,2
159.6551836666134,1,1,5,8,0.0018488617692731,0.0473871357251044,1
157.35343242604608,3,3,5,16,0.0206370740510933,0.2235766689877246,3
89.51212346227449,2,3,4,13,0.0175652852325844,0.1321102709175604,3
99.6730728165569,0,4,4,13,0.2169438349089921,0.1679881673138693,3
88.17468122712384,2,3,0,21,0.1516239916973705,0.1019476664882619,0
203.79770555487377,0,0,4,18,0.1354268685683224,0.0501978433790401,1
93.40316425531228,0,1,3,6,0.0688817297721795,0.1921813329179792,1
102.48218817837596,2,2,4,23,0.2593897027035771,0.0282130848979762,3
96.061408529155,3,4,0,9,0.0185826981587593,0.0591652228116556,0
153.6092918715134,0,2,1,15,0.0801590923970331,0.1791009876830661,2
37.561268466250176,3,1,1,8,0.1556675028281423,0.2484230886587714,0
131.06272269775965,1,3,5,15,0.2667223006237136,0.0399576656570606,3
1.0,2,0,5,18,0.1791395707909376,0.1160702533390357,1
74.5105135520132,1,1,1,14,0.1817626061457569,0.0239833247572623,2
185.3231227873404,1,3,5,21,0.0922228242459063,0.0184294099921012,3
40.00969129755549,1,2,1,6,0.1043690208794106,0.1237627554048788,2
143.02004783777767,3,4,5,17,0.1730655177615361,0.0363294825061879,3
29.5225559796196,3,2,1,19,0.2488968970908744,0.1830808653549682,0
140.8110936278596,3,2,3,12,0.0766397816918109,0.0979130422041827,0
117.641682157631,0,3,0,16,0.168665057414564,0.1091777059117056,2
63.963300641228464,2,1,3,13,0.2272729385197396,0.1272276250238677,1
149.58235842072847,0,2,5,6,0.1058936645135187,0.0306160044901622,3
140.52889601650023,2,4,3,11,0.2343871252673307,0.111147087678127,3
145.98742394952131,2,1,5,16,0.2705785536577638,0.255535216523359,1
142.29198121216962,0,3,0,13,0.0037561613650811,0.1796135002627451,2
82.50647983385312,1,1,5,18,0.2499448330845155,0.0237768478478175,1
88.82041100480659,0,4,3,20,0.1410003480623305,0.2304259875830325,3
107.5578872626804,1,1,5,14,0.0135125883622489,0.2446364846286415,1
125.6817516932576,1,4,5,14,0.2484393213642325,0.0769319529266353,3
89.62192168903653,3,2,1,16,0.0746638402664414,0.244482807614206,0
91.10101255836936,2,2,5,9,0.287493576280715,0.0490555664385887,3
158.91974007883886,1,0,4,19,0.1824242193658204,0.1746550775935567,1
24.01055983240039,2,1,0,7,0.1462936634220441,0.1834605096400766,0
105.95382841123045,0,0,0,7,0.2326470042796986,0.1930772570359911,2
66.70745386581729,0,1,1,10,0.0821432643168866,0.0645041766380542,2
1.0,0,0,1,6,0.2904346977215329,0.2121405223044114,2
97.19926640831645,0,4,0,20,0.213775146713961,0.2736874596337305,2
63.73781616811074,2,1,3,6,0.1186279666517491,0.2246234766269947,1
51.30858320458975,0,4,4,10,0.0980978418828321,0.0711610906149929,3
177.09861739193167,2,0,3,8,0.2418095368798855,0.1070283082741769,1
52.5479854392217,1,3,5,10,0.047178008565128,0.1042164860138962,3
119.2705088466024,1,4,3,23,0.226606314931517,0.2557226075302272,3
199.57063803069235,3,1,1,9,0.2853571254184546,0.1424757265336535,0
203.38340528118124,2,1,5,20,0.2825146053182981,0.2292969907998776,1
58.8832264323638,2,4,1,10,0.1534172139749287,0.1974372746963722,0
134.11105404564148,0,0,1,19,0.2152477979952205,0.0120676382928653,2
85.47482905115126,1,2,5,9,0.1980225026923587,0.2900542252006015,1
75.47145825570671,1,0,4,12,0.127637009416773,0.1365023816101339,1
119.96347038070878,3,2,3,13,0.1749511443180868,0.217093598363269,0
46.048777036605074,2,2,3,22,0.0573444494269589,0.253328095631571,1
144.45208858671828,2,2,0,13,0.2770201563632067,0.2472131217994784,0
191.99554995844417,2,4,0,22,0.2743495313882529,0.0475636734566213,0
89.67266327755279,1,0,1,19,0.201595775486878,0.2771862635113068,2
78.5425253166698,0,0,5,23,0.0138020805775638,0.0012119152339877,1
127.57965070202576,2,1,4,8,0.1389963208696203,0.1263091528149607,1
106.2386743955578,3,3,5,7,0.0435218786418873,0.0774059836977318,3
128.3312474620535,2,3,0,20,0.0860026606154787,0.275282687569483,0
1.0,2,0,3,7,0.0201727549158014,0.0583027400925037,1
93.72122060349584,0,3,3,7,0.0194015399557257,0.1185162208900564,2
97.93781466804732,3,0,3,19,0.0841541403491596,0.1719026403131553,1
96.70281958335218,0,4,3,18,0.0290565998445014,0.2249789325078205,3
112.56656302292464,2,1,4,18,0.2683924259288381,0.0067551432131582,1
21.04091619144621,1,0,5,18,0.0718813631573966,0.2422214117675231,1
128.68677411149326,3,3,0,16,0.0798358993452006,0.0799712418465716,0
138.15500122739573,1,4,0,10,0.2352731312049336,0.1983295162673819,2
74.85144945466861,3,4,1,17,0.1351667455649468,0.2354103875551707,0
79.4459191160758,3,4,4,18,0.25528091243115,0.0351829230192176,3
73.03009492330136,1,1,5,23,0.2974776776808788,0.1960605925109449,1
33.065862922724804,0,1,4,7,0.0610132198937916,0.2362890709099795,1
156.81713979559248,0,1,4,20,0.2436811977950487,0.2101124180599789,1
33.59895704378876,3,2,0,8,0.1762863963754831,0.1539572973584222,0
156.19494334456695,3,0,4,15,0.0589809528044447,0.2062872436913264,1
26.61143296723715,3,0,3,11,0.2088375481113481,0.1031718045778408,1
154.48935071020836,2,3,4,19,0.015377600006118,0.1319105744491163,3
97.42423326477636,1,2,4,8,0.1982678566624771,0.0945869751773609,1
44.55918393567273,1,3,3,19,0.0548460702336421,0.1155348042365756,3
128.1119529879133,0,2,0,11,0.0375703971296246,0.1404612745629407,2
132.17588388249715,0,4,5,7,0.1095060433393271,0.0980213498560197,3
131.62293430740883,0,0,1,22,0.0828128663914283,0.0358002125966848,2
88.78407675547288,1,0,0,11,0.2137554174939587,0.0048647757733637,2
45.376647976183,0,0,5,18,0.1630613801521646,0.2784082611559818,1
78.01500245320956,0,3,1,13,0.0582385356162235,0.1561054592737717,2
81.71565075637724,1,4,5,14,0.0465574250189316,0.0029538077955786,3
126.1975936969,3,4,0,21,0.0518664316615869,0.1350429589313675,0
43.05725163465,0,0,0,16,0.0524587998890513,0.2166596898909863,2
100.61748449928582,3,0,3,19,0.0368764625502232,0.1513089488635977,1
35.84640051348059,1,0,1,23,0.0637074788496999,0.1723773181702529,2
105.87908403309432,3,3,0,12,0.1211867558302519,0.1476928943600148,0
171.69172445800783,1,1,0,22,0.0759516035568792,0.1030041527065774,2
117.59297147232876,3,4,3,17,0.2416987485826192,0.1584478203107963,3
168.10324784637388,1,2,4,22,0.1161075499271472,0.0202438867635857,3
197.1480717422241,2,2,4,21,0.249019575733283,0.0666824840985591,3
35.570414581120374,0,4,4,8,0.1058842358898661,0.27407599104799,3
73.85737064818565,3,2,0,8,0.1681881674429896,0.1341284003763367,0
106.54905645985178,1,1,1,17,0.1648715266151473,0.2894703010758799,2
74.83781723491595,2,3,0,22,0.0359907261171249,0.0083571346442082,0
35.7857090785275,1,2,0,22,0.1426567678784811,0.2726319851478322,2
104.62563021368771,2,3,0,15,0.1211512161899355,0.103525650510367,0
204.57881848892745,0,1,5,23,0.1442913207686053,0.2544327169625772,1
207.603667793103,0,3,1,22,0.035960178230241,0.2936904803718035,2
72.6888157766947,0,4,0,20,0.236494157125876,0.2622435633301939,2
73.95338198591082,3,1,4,10,0.1161273284966109,0.2302106070224173,1
202.2946647761516,3,2,0,12,0.2931952684457463,0.2331573827825722,0
146.24573346092717,2,3,5,12,0.238940522921198,0.20748642671499,3
112.41298982452398,2,3,5,19,0.183944951566417,0.1825278253649938,3
77.09203357033931,3,3,4,19,0.0877641460364969,0.0143420436235852,3
100.69150998618484,0,2,5,12,0.2165364584726353,0.0846359702040152,3
8.669025325808448,2,1,4,15,0.0197416746012312,0.1945898087018744,1
7.246066825663007,0,4,3,22,0.0131692817392952,0.155698278861355,3
88.44186123161637,0,4,3,8,0.1872444004790696,0.2168083665739677,3
176.1355649648085,0,4,0,23,0.1761436305362746,0.1776192384390819,2
14.68695900151802,2,0,5,8,0.1433878930437553,0.2915634459279948,1
128.77543638783422,1,2,4,9,0.2726238212362483,0.1939320682260606,3
133.64899802348464,2,3,5,15,0.2378236086163196,0.2108532073806948,3
179.4086964085477,2,4,0,19,0.074521452685729,0.0263370327550586,0
75.60644125919151,0,2,4,20,0.118504471634417,0.1677985371173294,3
119.50627691337984,0,2,1,9,0.0473885584325244,0.0643223876537205,2
45.65123731746971,3,0,3,23,0.230819302002032,0.0102509505406147,1
244.5829346537947,2,1,0,12,0.1180997759809893,0.074215946223036,0
159.85472631294783,1,3,4,11,0.1023442509370482,0.2830939822983225,3
81.0102878954022,3,4,1,15,0.0558607092416158,0.185587671459186,0
55.85108130467785,3,4,5,9,0.2047579501759379,0.1054505730713828,3
15.877198453154094,1,4,4,16,0.2982250039267956,0.28998299517021,3
34.70000471323851,3,2,0,15,0.1798115953936942,0.051924314145887,0
125.25313331417752,2,4,5,6,0.2056041033354297,0.1817330906687169,3
103.27516340596718,1,3,1,7,0.046007178515256,0.0217089081011928,2
53.78839923404031,2,2,0,14,0.1763139923462658,0.2198338776076364,0
1.0565919929951946,0,0,3,10,0.1862418080688967,0.0037772619687185,1
102.49246259214527,1,1,3,7,0.1245496247060437,0.2617440805873581,1
164.65487606205463,3,2,5,17,0.2961315948570316,0.0284183097192949,3
68.29282773638406,1,1,5,14,0.168091217061452,0.1854187320619876,1
67.72240676525107,2,4,5,12,0.1335452659300587,0.2471404087177474,3
64.2303214380413,2,4,5,7,0.1581612108729765,0.0771968105610351,3
45.84855477038408,1,2,1,13,0.2727922277057808,0.0547532880790911,2
57.674407777819454,1,2,1,13,0.2364718840065483,0.1853359601156656,2
1.0,3,4,3,21,0.277757212984689,0.0660362589014777,3
26.537970962981404,2,1,3,22,0.1444553122040449,0.2287583909974866,1
107.21108784363344,3,4,4,17,0.0072763228734408,0.2333060625239917,3
38.69263177400754,3,2,5,17,0.0400902858104316,0.1897736119968902,1
79.43172559889219,0,3,4,8,0.0880310666397176,0.1777597981535949,3
55.56448246966368,1,3,3,12,0.0872048095545508,0.0486944030388536,3
66.02428422121966,3,2,4,10,0.1598421612707644,0.1054249732241114,1
120.76226171616968,3,2,5,11,0.0607091195353011,0.2444780235281342,1
129.77294966393436,0,1,3,9,0.0657761591249197,0.0063354256035364,2
126.46414960155738,3,1,0,20,0.089515983611795,0.1802513648905273,0
138.0836093147501,1,3,5,18,0.2413897885528952,0.1849813784949266,3
127.93594185936888,3,0,3,6,0.0782566288307869,0.114366886959305,1
49.375301489819314,1,2,4,16,0.171366067726872,0.2365927767239797,1
158.82244126831358,2,4,5,7,0.1363031094452329,0.2856437288997115,3
48.34318799607158,3,1,4,12,0.123611167047155,0.0316320004534117,1
94.22898493987938,1,2,4,16,0.1215830992300423,0.2810362135859808,1
119.2087940668832,0,1,0,17,0.1978795374962297,0.2296419635374337,2
175.86155125051226,3,1,3,14,0.1535258235458203,0.1003057300111885,0
137.09043707388844,2,4,5,19,0.1360979589395652,0.2072898163866821,3
148.87726009271577,3,0,1,10,0.1116763254382278,0.0282857756290394,0
119.27347379241216,0,1,3,20,0.2915880045849206,0.2102755955405717,2
106.58103444944663,0,2,0,15,0.0366406759583641,0.0496482181412144,2
154.6313782586554,2,0,5,21,0.0853628230918436,0.128500415330631,1
60.38660070181432,1,1,0,15,0.0313786347839648,0.2070041042055743,2
155.66361563696964,3,4,5,17,0.0224682579646516,0.0212111225634034,3
171.7204022517414,3,0,3,15,0.1514326461073591,0.0742967577132353,1
82.93450768950758,0,3,4,17,0.1567012221148753,0.1356386472827321,3
9.688839233005169,1,3,1,17,0.0701878577365206,0.1256921063187086,2
146.80512175984757,1,0,1,9,0.2702710100546824,0.1762985380869926,2
99.96734630422291,0,1,0,16,0.0458200007227785,0.2361873393639111,2
91.40128970572886,2,0,5,6,0.1972736540307216,0.2438608599310796,1
94.88671275080048,3,1,3,14,0.2634147993161229,0.0621735719252478,0
101.52197811973898,1,1,4,12,0.1737554948599556,0.2768586640455127,1
65.15119911782188,0,4,1,17,0.2259055059538848,0.1988139088947842,2
167.3928793631245,2,0,0,20,0.2885717828590098,0.2034325717268446,0
191.11356133616212,1,3,1,19,0.2608445142620843,0.2445422350435029,2
85.86953662543871,0,0,3,8,0.1544713917869256,0.1914412403490999,1
83.5920157510154,0,0,5,18,0.165738826863757,0.0648044716891278,1
28.99585084886442,3,2,4,11,0.0128433491368628,0.1626457054376452,1
145.74617400589156,0,0,1,16,0.0768964702787741,0.1986639759777134,2
116.20886542984978,2,1,1,19,0.1374705927151931,0.013917173235381,0
106.15253932793898,1,2,3,11,0.0660109892269122,0.0602735580799861,3
30.47025695339713,3,0,4,14,0.1644488868273417,0.2365330251537868,1
151.6814167743758,3,2,3,6,0.2045974767716081,0.1523927971512076,0
86.61194319772041,1,1,5,6,0.0416267959746681,0.1857032533494282,1
87.35416136403404,3,0,0,13,0.1267692652365937,0.0452948498450566,0
154.1910320915629,3,1,0,10,0.0910835700858218,0.2610571108221881,0
34.33988854767652,0,4,1,15,0.1237542581058706,0.1208777294156168,2
150.739252982876,2,1,1,18,0.2518404256640071,0.2671879390817183,0
131.2397694734751,2,3,4,8,0.0417286513963485,0.2649746766234304,3
85.16991959885641,3,0,3,12,0.2924657641038052,0.0172275860514454,1
59.93043648687054,3,3,0,7,0.231635539823955,0.167373080271917,0
181.5720200899132,0,3,0,16,0.12048547524793,0.1316195783392104,2
82.86988796144638,0,0,1,8,0.2063300910173886,0.0944536600827046,2
82.00157892879378,2,1,4,15,0.1545870718736494,0.2760087274950056,1
51.6559237017991,2,1,0,12,0.1453477832924822,0.1942550005599229,0
99.14696564297677,2,0,4,21,0.2213598265978024,0.09371505841638,1
85.2996119433811,2,1,3,22,0.0061338038158815,0.0849406739712228,1
137.31915404917822,3,4,3,9,0.201291250149637,0.2506568410974859,3
192.165802306298,0,2,0,12,0.2489960854950129,0.2398191796526419,2
116.84056361937324,2,1,1,6,0.0071863543464064,0.0531474023896846,0
178.99334778027537,2,4,4,11,0.0677916175877751,0.2815899940810297,3
71.39240335387278,1,0,1,9,0.1263275449722925,0.2947732722487555,2
96.11029552812911,0,1,3,22,0.2671908266042481,0.2226947914978024,2
147.73210610532067,1,4,0,10,0.2084481265938466,0.2624599979770212,2
137.95163384336092,3,4,0,10,0.195906873696343,0.1980793132409121,0
34.650727043203645,2,0,5,14,0.1387415998136318,0.1020870809493136,1
63.31113585963106,1,1,1,6,0.0966434868792717,0.1801230147224567,2
137.3533659486916,2,3,5,9,0.0457889285152019,0.1100751302204061,3
87.30358449945419,1,4,3,6,0.1386254334978651,0.289929929844042,3
107.16010962481911,2,3,0,9,0.0469083327725701,0.2326249269702728,0
124.2959169729558,2,3,1,15,0.1550344750058186,0.1372957977232744,0
69.20219032432905,0,4,3,14,0.0218499654860188,0.2954851865872163,3
68.91689974762414,1,2,0,20,0.2593329940870955,0.1667354843493015,2
1.0,2,1,5,12,0.0033441922418619,0.018623109401455,1
60.82751295498026,0,0,5,17,0.0570364517281316,0.0371150910774657,1
104.15629089396246,3,2,1,9,0.0805631611742246,0.0338559032899883,0
121.52836920309542,1,0,5,15,0.0542697019856751,0.1528013276278471,1
114.37398375074105,0,4,1,13,0.2107424722914875,0.0602296913254259,2
123.06817605400464,0,4,3,18,0.1603838490016924,0.1601575953936044,3
69.66845863389311,0,1,5,13,0.2601506623201287,0.2883430508965177,1
30.723290110541896,3,0,4,15,0.1145550089152788,0.0226345869659815,1
61.90621855141208,2,4,3,18,0.0189721336829538,0.1031400781061005,3
154.78196690412065,3,2,3,9,0.0787947907618532,0.1252588386224866,0
131.45899289372773,0,3,4,9,0.2267828832439549,0.1290529390650364,3
56.29482185686634,3,2,1,21,0.0632143217788782,0.0061434289502654,0
147.91959758085568,3,4,1,14,0.1919566306763807,0.2575542481282046,0
100.1073141063271,3,3,5,10,0.1970513945662927,0.1102990628093522,3
107.41814293409928,3,0,3,6,0.2604959846005025,0.2908171525092624,1
70.53047025747786,1,4,5,6,0.1766319978872439,0.1012487643194001,3
195.59616192849128,0,1,5,12,0.0486518757355119,0.0675605149024351,1
117.33488142508318,2,2,3,20,0.1854896658231621,0.1771552508450921,3
70.67939615860442,1,2,4,9,0.1055025239411372,0.1258738440603874,1
176.37146934400909,3,1,4,12,0.2608572381654652,0.274644585779849,1
28.494920387513574,2,1,1,13,0.0919201246279049,0.2012267420601168,0
132.70640010855462,3,3,5,19,0.2306188854376638,0.2869554482910456,3
46.87462122448496,3,2,1,22,0.0102425644764199,0.0744974705993255,0
1.0,0,4,1,6,0.2867886593525367,0.2850970102207486,2
112.95668275421696,1,4,1,13,0.1708356134098727,0.1529402493393489,2
93.9483918848562,2,3,5,22,0.1694719734125868,0.1018101834511612,3
133.436387545064,0,2,0,21,0.2591849891755393,0.095851483483383,2
61.34809087994546,0,0,5,15,0.1407228350085286,0.0664068848012245,1
88.61143618780181,2,1,0,9,0.0622314141316015,0.1301059604931896,0
64.9124778934607,2,0,0,17,0.1473947183503524,0.0758730047183845,0
67.40502030624785,2,1,5,13,0.0298188270448134,0.279267303322188,1
87.81878086442867,0,4,5,13,0.2848578081064117,0.2201848391450593,3
58.79332581641389,1,0,3,12,0.0391342140863134,0.1398409965322553,1
103.17017554302464,2,2,3,6,0.0910581876818758,0.2840661604353064,1
139.07373094306288,0,4,3,8,0.2025485870027521,0.2553583023042375,3
45.12802117325205,0,4,4,20,0.0235222272741998,0.1995840509161063,3
48.64922058858608,0,2,1,20,0.002192922757922,0.2989300888271006,2
27.64132031294662,1,3,1,17,0.0184339754525636,0.1998202840381473,2
70.4088561647357,1,1,0,7,0.1266695097266887,0.2520266284680637,2
78.63637091172316,3,0,5,7,0.2756520791323144,0.0608246292342823,1
36.25971923635617,1,4,3,14,0.0963113323336834,0.193389228513054,3
66.4338096171511,0,1,0,18,0.0064996101037352,0.0484233769825479,2
136.5124876866475,0,0,5,17,0.1412745682130388,0.1290425081901228,1
171.357512398172,3,1,5,7,0.082191659831588,0.1285439416101136,1
1.0,0,4,3,14,0.1541323600962881,0.1328511868088913,3
76.28240525553144,1,0,1,15,0.1002021901215056,0.2274927293526991,2
140.43313827486435,2,3,5,13,0.1924166362086088,0.0396305831619028,3
111.71798453644912,3,1,4,10,0.1305619176926739,0.2667370603640535,1
37.95454672450962,0,1,4,7,0.0565363208696912,0.0104268284103491,1
145.81345994649354,2,2,0,10,0.2742718342264277,0.0271741201282383,0
168.38302568255813,1,1,3,10,0.0390324973568571,0.0959213886190912,1
185.92267077847143,0,1,3,7,0.2703310755945981,0.2525341826859999,2
99.63798007029266,0,3,1,6,0.166575237223591,0.0810295473600656,2
133.2343025131084,0,1,4,7,0.0040565984121226,0.2487140028293203,1
148.49204324199545,1,2,5,15,0.0704325362917391,0.2647591846097975,3
90.15371387123824,0,1,4,16,0.2221435601978047,0.0982730382860268,1
131.41473595438032,1,0,0,11,0.1032792207646499,0.1255670412019598,2
94.85313707604506,1,4,4,23,0.242622564034011,0.0444807904919457,3
122.57347932818982,1,3,5,9,0.065157561416896,0.0943076201720372,3
115.45418087272286,2,3,4,20,0.037384935199462,0.1544388181477889,3
96.42925108136733,3,2,1,23,0.2061437251242192,0.1591791901207239,0
37.52617557290496,0,1,4,23,0.1871999298479789,0.1785103315155841,1
86.16244846108734,2,3,4,18,0.1922457357310467,0.0068808584297327,3
133.03619122294938,0,1,0,16,0.2771513424129795,0.2587523811723999,2
70.61170475144202,0,4,4,22,0.0500508217179099,0.2483219803014939,3
55.20020734151071,2,4,5,7,0.1526067830683113,0.2873243966710079,3
127.42239243422132,1,0,0,19,0.0017401866186381,0.1280334566946651,2
49.96492816102255,1,1,4,14,0.1403470309077105,0.2403639968676503,1
187.67023136564853,1,0,3,15,0.1623998885523007,0.2351830667543646,1
51.9873537790519,0,3,4,18,0.2759663147500787,0.2476001841884489,3
177.2618856381843,1,4,0,21,0.1840357406740969,0.1563465026728814,2
68.754501878846,3,3,3,11,0.1171947736954667,0.0188158447802971,0
73.58016139898119,1,3,0,8,0.057461090066645,0.1732632631389322,2
51.45075673921549,3,3,4,16,0.1541558890987049,0.1786982942708775,3
31.0812763839656,2,1,4,11,0.2278309328939755,0.120309175719276,1
94.75501811049388,3,4,0,17,0.2158822978576311,0.0825755527478471,0
199.86402511423245,1,0,4,13,0.012084586287235,0.0911111711149945,1
115.13138157649072,3,4,0,20,0.1504556277732471,0.1082206416676632,0
173.5051390859348,2,1,3,15,0.0842334816926441,0.0108674812348484,1
71.41115456953062,0,1,4,11,0.1064463788024504,0.1996868462184756,1
62.92522862946663,0,1,3,20,0.2463695310619307,0.1172808209827074,2
144.81996702521914,1,4,0,10,0.1529075839345253,0.0771075747122383,2
138.2164807065193,1,2,0,11,0.047132466104896,0.1848934119864389,2
175.9161412283657,2,4,5,14,0.2037053368782354,0.2028521997654293,3
86.3489391292036,3,2,1,13,0.2678277269094493,0.095996083411296,0
76.03331112523091,1,2,5,14,0.0549948678563226,0.2421136468232671,1
47.341792541493234,0,2,5,11,0.2512340623928894,0.204921611335743,1
91.13217256800452,2,2,1,23,0.1150067648718976,0.251923369496609,0
1.0,2,3,1,10,0.2101310269704693,0.2279747280751752,0
75.82654900112499,0,2,0,6,0.1003327686159476,0.0415731741918911,2
199.2460497076912,0,2,1,7,0.1049720663324828,0.2528620271158475,2
27.025255198682657,1,0,3,9,0.0091592190086052,0.0674388286275722,1
121.85565039603662,3,2,5,18,0.1052254822456646,0.1624278828401565,3
4.290666362959769,3,4,1,19,0.1996323860846875,0.1353377210862051,0
51.56126307954956,1,3,1,19,0.166071947253041,0.0714195710234713,2
128.46870784118562,3,4,0,13,0.2519554322561508,0.0579949668432276,0
134.8283171728771,3,4,3,15,0.2366723987894007,0.1505562433930434,3
96.59885546475608,0,1,3,7,0.0382725912416607,0.0171336362727333,2
12.253490344187584,2,1,4,12,0.0637168010411533,0.10891113986709,1
201.81737573281083,0,4,1,11,0.1409749303791545,0.1106856217062586,2
197.10390050826004,3,0,3,6,0.0130383601710935,0.1794128262679375,1
76.8476869987474,3,2,1,15,0.2400137017934645,0.1364424578224049,0
171.3975951126543,0,3,1,13,0.1504868429195192,0.2095870737089598,2
84.96779801320174,2,2,3,13,0.0366932272779828,0.294330017301867,1
79.5288713484591,1,4,4,21,0.0377206448735749,0.1350489162850852,3
84.11481344665964,0,1,5,18,0.2469831737648571,0.133956629978605,1
68.12717378411934,1,4,1,20,0.2610095011167685,0.0511123731556634,2
115.27990635864224,1,4,1,13,0.2651177196066464,0.1659410983408256,2
161.1399317985278,3,4,1,17,0.0298779492563022,0.1687101858760021,0
100.56431115801593,3,4,5,19,0.1881557687630186,0.1397013042129116,3
95.71983338436324,2,3,1,23,0.205675621334709,0.2425662629227717,0
132.33343732916654,3,1,1,9,0.0263764090868079,0.0305189412952031,0
85.85950024787269,2,1,4,8,0.002448110127528,0.0445290252839763,1
67.58498363278078,1,3,3,12,0.1949505981124825,0.2432818551057108,3
159.83088680024102,1,3,3,9,0.2098181280081289,0.1757421451686649,3
43.354905362908326,1,1,1,20,0.0290470329457627,0.0385809866160824,2
60.94955282259079,0,4,5,17,0.1547399271437982,0.2773484033069675,3
23.85247753073881,1,1,0,14,0.2191542963916063,0.246211874031816,2
148.07500471519842,0,0,1,19,0.1968195870091281,0.2413122855399131,2
77.2488580363849,0,0,3,20,0.1059354103149475,0.1602740920930845,1
99.60920414547104,0,4,1,13,0.1624863484629686,0.2409967730068832,2
132.98612346938853,0,3,3,14,0.1381221298638669,0.2508026556910991,2
79.20918950606729,2,2,4,14,0.2233046551562073,0.1180107975426894,1
152.3756818543814,3,3,4,16,0.1919072694660517,0.1412612576665778,3
88.32242282118091,2,2,3,18,0.0903616183317455,0.0694667110151123,3
179.6761999304741,2,1,1,18,0.0776953086613644,0.1693645990769043,0
105.81008595479048,0,0,4,9,0.2475192076824845,0.2415531912496815,1
1.0,0,4,4,11,0.2967094145271411,0.053786192580809,3
173.8095049864902,2,2,0,15,0.0042993229650537,0.0729717824976265,0
58.83152386932302,0,1,4,11,0.0121242283474266,0.1145217823657916,1
28.66438471166846,3,0,0,20,0.0863745380813191,0.0643725790631397,0
25.63200416371285,3,2,4,16,0.2040310632853705,0.2860215768173902,1
129.1013676808634,2,1,1,11,0.2965848766641824,0.2328150201883233,0
163.19269199550604,1,3,3,21,0.2049258651393475,0.2086548789186131,3
87.385216206076,3,1,1,6,0.1070400390090157,0.1180421414367445,0
69.15337648529405,2,0,5,19,0.1291182164857411,0.2334725010239451,1
103.63054171181096,3,2,1,20,0.0440424328039844,0.2833568831466918,0
90.17435427869157,0,4,4,7,0.046126582106685,0.1518744066292044,3
135.45685727556685,3,4,1,12,0.2700271843926978,0.1760202612232487,0
135.3556479481005,3,3,4,9,0.0777089204911097,0.0707242706360527,3
24.61017777054046,3,0,1,23,0.2449388180641019,0.066918142379482,0
38.532125969083765,1,4,1,13,0.2234035210656708,0.2054488622581582,2
27.375080145615144,0,1,1,13,0.1064854940375853,0.0593929970962774,2
157.60193491568648,1,2,0,12,0.1216889849666486,0.2413402080274266,2
131.614960489165,0,2,5,15,0.2368847634728791,0.0044052798091767,3
106.71640501339375,1,0,1,20,0.2942549640821346,0.0712234045093377,2
137.42411471918209,2,1,5,21,0.0926588438765233,0.1797976932256667,1
102.61814486016311,3,2,5,10,0.1552484360328851,0.1351014632052018,1
94.30099050089856,2,0,5,23,0.1697232291055225,0.0003204854048814,1
85.54972232280663,1,0,3,20,0.2751895140772142,0.0088410598873697,1
219.04957446696704,1,1,1,11,0.210705500713952,0.1226236638199593,2
57.63429860744317,0,1,0,19,0.2347598148795942,0.1097793764902031,2
84.64039453098222,3,2,4,9,0.2624480982280753,0.2121174891503944,1
96.79585617155786,3,1,0,22,0.081375960092111,0.1839648489714688,0
48.18175579339522,1,3,1,7,0.1728020299459296,0.2268981039878732,2
33.45953690690003,1,1,1,16,0.0077514828700912,0.0646645804389211,2
53.02077557026258,3,2,3,19,0.1142148379461308,0.1706381924851162,0
176.4209923286545,1,3,3,9,0.2651947190641783,0.2212139381421074,3
154.4307350659676,1,3,1,21,0.0465442443750536,0.297120615902113,2
120.32701468759902,2,4,1,22,0.2606213566114883,0.2585585862967787,0
190.31785796862783,0,3,3,18,0.147182049717056,0.0750880895855544,3
111.71220210196356,0,1,0,7,0.1205379330295466,0.0555446169635084,2
68.07937906652305,0,1,4,15,0.0175533016552751,0.1302168794578666,1
116.30794319578816,1,0,1,13,0.2595540449167604,0.0890847984448704,2
76.70635289133573,0,3,0,17,0.1193545416833089,0.1032304699820964,2
98.87952758008991,2,2,3,22,0.0640296575544369,0.0012339086726338,3
93.3998073572864,3,2,1,9,0.2061662715074747,0.1595411897003833,0
143.2535744737481,1,2,3,14,0.2741992854452945,0.1603054598191984,3
142.12565541180982,3,1,1,7,0.1926919771495941,0.0287303415042659,0
36.770744270104736,2,2,0,22,0.2094692543206631,0.0687255254967512,0
97.03162743842978,0,4,3,21,0.260763082447694,0.1825438843608799,3
94.25837874568894,1,4,4,17,0.0777432649284167,0.0920286513575952,3
147.08266954702526,3,4,4,22,0.2217639987158889,0.139846433442247,3
42.93818915776361,0,3,0,17,0.2839782904231245,0.2900669481581405,2
106.83946000384978,2,3,5,9,0.0693667567561481,0.0854374565490289,3
91.11420668649272,1,4,0,8,0.2233238596728079,0.064743203192364,2
109.84930249947058,2,1,1,11,0.157815572652397,0.2100496011092864,0
168.77759566816036,3,4,3,14,0.0866369585232472,0.2196129411874964,3
160.6507360040003,2,3,4,11,0.0091466556741804,0.1867064979975871,3
113.52040671040244,2,0,3,8,0.295419874590945,0.2692932820217248,1
89.06959337579394,2,4,0,19,0.1845800655715038,0.0441450598247575,0
138.38347443821837,0,1,1,20,0.1537898611352842,0.1058186265243576,2
45.29323003981472,3,2,3,15,0.0462125962886615,0.2088203728831233,0
77.32686748153148,3,4,1,17,0.0589010218520821,0.0865961294235784,0
151.45804137348136,0,0,1,6,0.2932991959409149,0.1953095949553521,2
108.11057523712417,3,1,1,17,0.0079821543256585,0.045629312717039,0
129.16861156357075,0,0,3,23,0.1091690340199527,0.2018083891025325,1
46.54411696505893,1,3,4,21,0.0102312018580806,0.0091286433977444,3
82.86467231933682,0,4,3,23,0.0785088273229376,0.040540750645832,3
98.86096847774576,2,3,3,21,0.0327967974389341,0.1826391464678637,3
125.26055120428452,3,3,1,17,0.1463608819930209,0.0762143437792928,0
155.3046261426687,0,2,0,6,0.2210347074450232,0.01221482073445,2
168.65211646924007,0,2,4,15,0.0797014925948228,0.2484026438535068,3
114.9766251521606,2,1,4,22,0.2377298793476729,8.340773251656052e-05,1
143.76450267082643,3,3,4,7,0.0696092227347843,0.0517806235699741,3
19.901249381516024,1,1,0,23,0.0222594965391038,0.1476797001945879,2
132.0480399601548,0,1,4,19,0.2124516160277951,0.1243564054152966,1
53.14244210828387,3,0,3,18,0.1695032247934294,0.2080999096369976,1
168.52543265541172,2,4,1,15,0.0392104509870721,0.2637125040206143,0
99.21289257336836,1,2,1,22,0.2644039423769322,0.2112728798087773,2
63.3228418451326,0,0,1,14,0.159854974921725,0.1831908757879276,2
163.95419347212112,3,1,3,12,0.1408140100826611,0.0275315255569418,0
136.3731097266046,1,2,5,7,0.0781765169682554,0.0380280762192601,3
44.94224294377885,2,4,5,17,0.2379888297847928,0.1698188929707615,3
59.64433292189625,2,0,0,6,0.1386248523484614,0.0365482936182903,0
92.94047089548316,0,4,0,8,0.1402152302428135,0.015887658420179,2
1.8734752739539289,2,2,0,10,0.170283074313196,0.230341144281817,0
56.26800929259728,2,2,5,14,0.0077467725230022,0.2460563150818221,1
172.73747676852943,3,1,1,8,0.2158940330181143,0.1970783709575768,0
125.886395434504,3,1,1,8,0.0619515169775039,0.2403325138130111,0
102.04921641176246,1,0,0,11,0.1648637712369819,0.2687346778588476,2
36.64492192990808,0,0,5,6,0.0040369296353029,0.167717241271344,1
158.9525107769633,3,1,5,20,0.0549276600607995,0.1596808222573981,1
100.3674787732375,0,1,0,14,0.0611089670179565,0.0943729630809356,2
108.8994689801652,2,1,1,14,0.0092366368007411,0.0682192691717075,0
127.55883511785696,0,4,4,13,0.1030134560355728,0.2794041354824195,3
36.11998674158532,3,1,0,9,0.1647326538513584,0.2163103884322934,0
27.194395176051582,1,1,1,9,0.1721643975661224,0.1467950994273337,2
171.48676330950352,2,4,3,11,0.1957895254228842,0.2740003000600631,3
79.6883120816762,3,1,5,22,0.1495307225498619,0.2197805397392292,1
133.25112347219869,0,1,0,11,0.014760577404385,0.1850620262282239,2
145.4891672550581,2,4,1,21,0.0261283749849565,0.2979929245473521,0
57.455684998610494,0,2,0,13,0.2882177985952479,0.209101421928596,2
131.18485337789872,2,4,1,23,0.1262583472297594,0.2220098393458361,0
107.49153642913326,2,4,0,17,0.2430618784110906,0.1161694980517338,0
11.21638732491381,1,2,3,15,0.2661335694958073,0.1051457426604348,1
24.46576482929701,3,2,0,11,0.0668505877612397,0.0748648193512316,0
109.33163282563692,0,0,1,21,0.0091519901829625,0.0648043499056591,2
91.24181321105216,0,4,1,6,0.234322477581616,0.1752758328238983,2
47.25682850882049,1,2,4,15,0.2182043990226679,0.2833064154949185,1
115.57441885285316,0,1,1,6,0.1769997669245024,0.0036980733472509,2
63.7615770877263,0,0,5,15,0.0312384612290157,0.2847253846898069,1
65.11347420018083,1,1,5,17,0.2099301636326435,0.1744827220354955,1
174.44725300581672,3,0,0,10,0.0721344758105618,0.0173998627406262,0
139.99556408441933,0,1,4,8,0.0278821083510375,0.2572713279689099,1
101.82360883271043,0,1,4,19,0.0151291916490332,0.0981149826572869,1
126.62321538943476,3,4,4,20,0.0702189664693678,0.2021406806081731,3
23.852276402177598,3,4,0,13,0.2193363744852688,0.017137933277194,0
84.42878253232274,0,3,0,14,0.1093365865332035,0.2247655117107865,2
102.08754866839244,1,2,1,23,0.0321222328918931,0.0640705529275538,2
173.24330532524084,2,4,1,23,0.0549055047476323,0.0870317978552989,0
182.7240136959822,3,3,0,10,0.2137221483033558,0.2448888386306791,0
61.242617777445886,3,0,1,12,0.252189127727205,0.1719110257425102,0
86.03233622933374,0,3,4,17,0.0182954761223975,0.0567405244031961,3
57.3810379070604,1,3,1,14,0.2366693676121882,0.0702645692458664,2
97.73291632699684,3,3,0,6,0.0404567198445748,0.2256516382813909,0
135.6586182624306,3,2,0,6,0.2881670199778712,0.0516425620842696,0
90.63053403217464,1,1,1,9,0.2485733334777222,0.104893012694396,2
77.57543151064499,2,1,5,10,0.2509647199643532,0.118724082066107,1
144.7548777960099,3,0,5,23,0.0365159414613986,0.1168396312334436,1
126.50756315918017,3,3,5,19,0.1857937167315843,0.2590509937279168,3
92.77056415069728,2,2,5,14,0.0515893382909268,0.2322174544004209,1
218.09453515851067,1,1,3,8,0.0597381917007481,0.0605043923542313,1
189.6530495905241,0,1,3,12,0.2500085593024493,0.1918532268831036,2
88.72980031305593,1,1,4,6,0.0847832268851916,0.1498773672543733,1
98.97102864545676,3,3,4,13,0.1383590368912723,0.1667000300467671,3
159.81487719215693,3,4,1,21,0.2658268875054912,0.2515851600564286,0
130.8297693057279,1,4,5,17,0.1462971585437345,0.2405084574398203,3
49.59112603075917,2,4,1,10,0.0575956062731169,0.092363660453329,0
1.0,3,2,0,14,0.006893747028428,0.2167574597467682,0
145.09967263750687,3,2,5,15,0.005896672337455,0.2672998644402112,1
130.1482051720631,2,0,3,10,0.0630356128508152,0.0375502971536256,1
36.64714489674665,3,4,0,15,0.0673738698102669,0.2794573502588358,0
98.60515531649952,2,3,0,13,0.0328000085213893,0.0502651759806901,0
92.64759676509766,0,1,0,18,0.143263386311414,0.1027723147269542,2
137.94004669878845,1,2,4,11,0.2832002362354189,0.1938612974582932,3
144.74937180474035,0,3,1,8,0.0445365953807443,0.2775760422714091,2
101.67631437391596,3,3,5,17,0.0526884962337615,0.1429778976358064,3
77.55714201626456,0,0,4,14,0.23683635506466,0.1598234759985843,1
87.41165864648156,1,3,3,13,0.130361242582813,0.2124172787120641,3
87.13919815776524,1,2,1,12,0.0653902163178997,0.0151105694885029,2
112.1471956175408,0,3,4,20,0.0341222449027559,0.0161132063215407,3
122.85877655785156,0,2,5,23,0.0942185526202726,0.2235997104277381,3
150.94979158439702,0,1,1,12,0.0185054212720043,0.0105501627210717,2
131.86457275069947,3,0,4,15,0.035117668355918,0.1317041256972287,1
29.923507653374088,0,0,4,16,0.0626833027095939,0.2404471055577964,1
43.762673456781066,3,3,5,20,0.0417152876262417,0.1804352355197005,3
51.93647504247625,1,2,0,18,0.0118003653059116,0.0240024607174763,2
90.51282480229696,2,2,4,13,0.0264156920011135,0.0263586205835226,1
139.68790715495666,1,4,5,18,0.1373877663411261,0.1279375627451699,3
67.90771086173464,1,0,1,23,0.2512489226587426,0.1885491442477641,2
51.23795374498636,2,0,3,23,0.0453937396462258,0.1522340625263867,1
29.14617210390888,2,0,1,14,0.2404023954221122,0.0181299080192853,0
44.4110850432779,1,4,1,7,0.2468411821489518,0.1941120313989317,2
87.0119172356162,3,4,3,17,0.1568109333231507,0.2726647927445066,3
89.35587920446777,0,4,4,19,0.1573089522417653,0.0384544823230267,3
118.99747788363996,0,4,5,20,0.2962140585698874,0.2305098037480692,3
63.518317733242114,0,1,4,7,0.0142145413673257,0.2786805033168407,1
47.16452758183877,1,4,5,18,0.0414691641194501,0.0307975148851803,3
20.26437977285903,2,1,5,12,0.1847831872858066,0.2066732702119203,1
100.84125331439051,3,1,1,18,0.0465070801657021,0.2350427554460655,0
131.22911546586218,1,3,5,19,0.1634981117443019,0.2559348784109727,3
75.88292123936316,3,0,4,13,0.2657881951593431,0.2871820702736006,1
21.31852144791013,0,1,4,7,0.0037712689813454,0.1539810811634874,1
153.54564716872935,0,2,5,15,0.1742982234390679,0.2915670736386727,3
134.4193465356405,3,2,5,15,0.0724029544752817,0.2237444350676709,1
42.646492715437326,3,4,1,9,0.1829535018442895,0.2875899303722748,0
87.85988563440247,2,0,5,9,0.0260436527113679,0.2585041745621844,1
109.89830499867774,2,4,1,6,0.135056821022883,0.1566809263988559,0
22.6192243320223,0,2,0,16,0.1336431389083203,0.1957250827406539,2
46.32696276486524,1,4,3,8,0.0470251059587133,0.2547377226459891,3
176.6453232705813,2,4,1,8,0.0741803154038863,0.0691138846579992,0
44.81653645164049,2,2,3,21,0.1406203220286827,0.1252735204310016,1
36.99136596729036,3,3,3,14,0.0924000308296236,0.1380070387621596,0
193.26467996444893,0,1,4,22,0.1652305474880286,0.1358530713506054,1
97.0931352750385,0,1,3,8,0.1189668371228862,0.1872484011982654,2
205.61966641572133,1,4,4,18,0.0730116346795879,0.2058472680239537,3
124.73750562676004,2,3,4,21,0.1326609552625552,0.060792890789314,3
55.98419124960159,0,4,5,16,0.2813075299244564,0.1612693510207019,3
143.29307791668936,3,3,5,22,0.031979111812239,0.2474531271763363,3
174.8378392995237,1,4,5,19,0.2870600952571541,0.0495828242849672,3
78.59940339728988,3,3,0,9,0.1669769282400445,0.1015406513328041,0
105.27196130906854,3,0,5,23,0.0786707967438767,0.2838498173641114,1
91.27577466914876,3,2,4,17,0.0384269652969501,0.0206465488893254,3
122.16989753180285,1,2,4,21,0.0022713441706139,0.0914832903577041,3
93.11294504712107,2,2,4,11,0.1271802504226668,0.2362608502634698,1
25.413034622931747,1,4,4,18,0.1195601043983244,0.2244952304588334,3
110.43317416249572,1,3,3,21,0.0324516817990049,0.084443420543939,3
31.23702595094052,1,1,5,14,0.2959957323014586,0.2611641081668189,1
161.3899993925843,1,2,5,14,0.1758330335884242,0.1033600416501437,3
148.41875831767396,0,3,0,19,0.1972978226506299,0.2918969155300573,2
89.45636234052846,1,4,0,21,0.2683863255041657,0.1465716904206102,2
76.67257768975044,2,3,5,10,0.1021588488933918,0.1344269537726006,3
139.36364940005922,1,1,0,9,0.1014546829728993,0.1236579849485935,2
1.0,2,4,3,21,0.1253045081930271,0.0356912174150628,3
27.111195610139944,2,3,0,6,0.1832488595510779,0.0153810057715956,0
19.333029912526825,0,2,4,14,0.2031533033242546,0.0238292836939508,1
134.22113600218628,2,1,3,9,0.0622951873512471,0.133846632010386,1
183.1277540557011,3,2,4,14,0.2966853433288388,0.2450258165601257,3
122.20329889616804,2,4,3,12,0.0089431945961119,0.1415389763582741,3
19.511364983230564,3,1,4,10,0.2916609719771377,0.1812509756920765,1
60.23081603146472,2,4,5,14,0.2673314678195569,0.2304124306439729,3
142.93014783122493,2,0,0,16,0.2965611402111583,0.1514964122592801,0
78.91957073444402,1,4,5,9,0.0632567445626178,0.2121530384169993,3
154.87149157082905,3,1,1,22,0.0081536833878178,0.2849474547436972,0
111.56811621706454,1,1,0,20,0.0138515638772881,0.2411747461425034,2
56.82713814058033,2,4,3,20,0.0473449881949161,0.0345374936434304,3
63.72294205124787,3,4,1,10,0.1136120291499978,0.113053194723852,0
134.89035678668273,0,0,3,16,0.1250096638917399,0.1423265956883097,1
216.05019980309024,3,2,3,13,0.096836811541828,0.0375340243545763,0
156.9693465258081,0,4,4,9,0.2966757096178077,0.1885608612687693,3
69.91654114462793,2,2,5,22,0.2143564222650209,0.1920136531838247,1
73.58929925751087,2,1,3,16,0.2309771695232191,0.2681115031861165,1
96.68168391144737,0,4,3,18,0.2671879777496153,0.1584944863537656,3
149.98385484535194,2,3,3,12,0.1714740002452331,0.0579939355262514,3
174.5148445834649,3,2,1,11,0.2293706991614423,0.0651614888733961,0
129.12725272515883,2,2,3,16,0.2339329220448484,0.1085386476876245,3
90.72347488267678,1,1,4,17,0.1939353473413868,0.1981795799277906,1
98.93273489137933,0,4,1,23,0.1091509936722664,0.2411025501726871,2
130.25576672694717,2,2,4,11,0.141018221208792,0.2751314779408913,1
125.27097795372458,2,3,1,9,0.0453640674459246,0.2880113587523696,0
123.96250479483626,3,3,1,15,0.0051953969158696,0.040567308123171,0
33.56782128863698,2,3,3,21,0.1602365576810375,0.1096914733508266,3
114.2935892685058,2,4,5,16,0.2909345354080387,0.0085616203323668,3
102.3239334602394,2,3,5,6,0.219330790792027,0.1474444667465083,3
94.20768638258734,3,3,4,17,0.0942483202139445,0.2896358519729129,3
130.98315590812123,3,0,1,21,0.2984396324512006,0.1371294121401042,0
94.51870747561422,0,1,0,20,0.0052972686156318,0.1992580977235451,2
108.41915138915438,2,0,3,11,0.0706133728893735,0.298284485908058,1
50.245751605607865,0,2,0,7,0.1401784139872089,0.1279484629435188,2
61.41451564708149,3,4,4,12,0.2944080128117232,0.2411844449316502,3
96.10761092278382,0,3,3,17,0.0680357868583333,0.2453888170885901,2
80.99640165537731,2,1,4,10,0.0795335603661677,0.2540525751618913,1
189.27933512380363,0,0,1,20,0.135274411091741,0.1028423722828076,2
1.0,1,1,4,10,0.2986456948890751,0.0186688320595877,1
108.31582546875616,2,3,0,16,0.1266121357104099,0.0487156126133903,0
109.14866801526308,3,3,3,11,0.1603022058884396,0.0346000211536918,0
109.45890411556766,2,3,0,10,0.1544137886528229,0.0050162924815502,0
130.02548986135935,0,2,0,14,0.1910840864545001,0.2316007731561883,2
154.44423104825302,3,1,0,16,0.2801296565490493,0.1562145888033924,0
85.78558861153972,2,0,3,19,0.1509032285707256,0.2653436563768836,1
1.0,1,4,0,13,0.1267780410634188,0.0040875302483413,2
170.68873637464634,3,1,0,19,0.220499855931143,0.1228696154744405,0
22.979446802482613,3,0,0,9,0.0767187635835612,0.0364973107381051,0
72.46373588638929,2,4,4,9,0.2604259779240162,0.0003272277345202,3
142.24529613108544,3,0,4,20,0.0597490679751051,0.0751543807055636,1
145.47248065949677,1,4,5,20,0.0980091695094646,0.0894150052330415,3
75.98991373274815,0,0,4,17,0.2582424754140746,0.216210501110583,1
150.2579553345045,1,1,4,14,0.0340488082665116,0.2606017332981812,1
83.75525926798875,3,2,3,16,0.2306120294746889,0.2346777500361907,0
96.460378740764,0,0,4,22,0.18184132958236,0.0923908233888784,1
90.45628488231104,0,4,1,22,0.2258482435764637,0.2780562303618736,2
66.54702580171411,1,1,5,12,0.2038631851471895,0.1248243592048295,1
129.51599228535912,1,2,1,21,0.0314561792093651,0.0109786480483729,2
56.46894884370576,1,4,5,17,0.2204532749399659,0.1962733623580306,3
91.97682240914776,2,0,0,6,0.2162934344234179,0.0278804056217787,0
186.37760213103408,1,2,1,19,0.1412630572545018,0.1579733892348599,2
9.845661912743878,2,0,1,19,0.2806537315338669,0.2963532857109356,0
60.07302427206195,2,2,3,15,0.0722537288687325,0.2200922305969513,1
135.55962267107878,2,0,0,10,0.123213261417318,0.0420417939360929,0
108.15970123275837,3,0,4,10,0.1794560619068453,0.2787964708862874,1
42.8056357587238,2,4,0,10,0.2483595656724747,0.0018609086727837,0
157.8666147836775,1,1,4,23,0.0045323901901125,0.1857388274436459,1
96.71355278237836,0,1,0,8,0.2514387778616082,0.2443598755930933,2
84.73056903979538,1,2,5,9,0.2650988798390458,0.0983575240383807,1
98.71341220553238,2,1,5,18,0.1064042843677855,0.2361065070999498,1
81.1998421468513,2,1,3,9,0.0735145092795826,0.0849478233163511,1
72.60892878783892,3,3,4,11,0.2255898174184575,0.2758657316768955,3
72.52311007110254,0,0,1,10,0.0334437772663364,0.2986675952258648,2
163.58326166482496,1,1,1,8,0.1128074820262415,0.0778843955667827,2
1.0,0,4,5,12,0.135635467510015,0.0095355586336372,3
133.20264766527916,0,0,0,10,0.2468239783496111,0.0082665028764349,2
83.37633737442036,0,1,1,15,0.1624171154192671,0.1112634833916798,2
92.3749964924844,2,1,1,20,0.1877752338303447,0.0783649345090384,0
38.06769364429622,1,1,0,14,0.0423622758216741,0.1022751347640035,2
122.58523249453386,2,1,3,18,0.0493922540887217,0.014525334326665,1
86.39528012579166,2,3,1,6,0.1098808359101471,0.2419426542974301,0
187.95023090064444,3,4,4,20,0.20983925747277,0.2351706918043783,3
84.31356384700761,2,0,3,7,0.2730984768017416,0.2626583489955872,1
56.13752150106311,1,1,5,22,0.1324748268844356,0.2495573532510711,1
64.15628646437628,2,1,1,16,0.0448907313522176,0.0847583076586084,0
142.96952489099257,3,2,3,21,0.0812398477415389,0.0443203453105252,0
149.0535461939357,0,4,1,10,0.0213169935972886,0.048742058165546,2
117.0044705731952,3,1,3,13,0.2538554445818456,0.0478937976192466,0
63.67318930172278,3,0,4,21,0.0178410927864683,0.2810791089464644,1
1.0,3,3,3,11,0.1167138405617369,0.0386116863891517,0
65.7859231787146,2,1,4,9,0.2186944994112459,0.0441648457151905,1
53.85935250087829,0,0,5,14,0.006593762187669,0.2953175454800519,1
141.62523906868842,3,3,4,14,0.0037947639040293,0.0124553125498728,3
81.1072555607553,3,0,3,7,0.0801093188878867,0.0375467982373583,1
176.56634011571165,2,1,3,7,0.2821229562403402,0.0377851869765342,1
134.90822108754455,3,4,5,7,0.125129908333461,0.2311311495439503,3
188.77072875773445,3,4,3,20,0.1191259854423207,0.0623288211251088,3
195.2499920205124,0,3,0,18,0.1171550345877195,0.2576615404620279,2
123.49867701659424,1,1,5,11,0.2519073913728593,0.1644153787490601,1
63.80981278241649,1,2,1,16,0.277386230008681,0.2472608854949089,2
89.402553533803,1,2,0,22,0.1698041260036131,0.0200287061871386,2
41.6970940710832,0,4,0,7,0.0379902589834839,0.1766757039739939,2
60.58904476418414,2,0,4,10,0.1206874715003245,0.2978614486197883,1
67.83428364200893,0,0,4,6,0.1692050356930399,0.0140884874158963,1
54.44385540649475,3,3,0,15,0.2158896256968109,0.1210106583448714,0
157.58857346934366,1,4,3,21,0.1779203166516444,0.0247748241893122,3
139.9955476245402,0,0,1,8,0.1208783047384204,0.1025883298141881,2
86.46866267298712,0,3,3,15,0.293554905576256,0.2746740554730385,2
140.5665159460709,0,4,4,23,0.0792107185603884,0.0055379697124516,3
181.9651941684548,2,1,4,15,0.2027444516602235,0.2179116820996368,1
127.34008941692942,1,0,4,17,0.0120137652917607,0.0747600068597656,1
110.88140500614251,0,2,5,6,0.2259962371888608,0.0537336031869255,3
100.77841374063016,0,1,5,12,0.1200601917967792,0.0297154281407038,1
37.88753842654386,2,4,1,20,0.1249618469536385,0.1377302204395702,0
36.48840804862268,3,3,5,18,0.1022690882996034,0.0823310544417804,3
180.20491110995172,2,4,5,13,0.2085719033647829,0.1488462798541279,3
130.31619610041434,2,2,3,13,0.1628403573338034,0.1325645873961391,3
54.80973107822259,1,1,5,23,0.1275877298816493,0.2125203362764519,1
98.36857490453215,1,4,3,18,0.2328541167061038,0.0790860809951799,3
22.686104050929373,3,4,5,12,0.1959615161962908,0.0468185829447201,3
4.547182482443262,2,2,3,12,0.102290669124719,0.254703367927006,1
82.92665635691804,3,1,0,18,0.0198804178812175,0.2407357662667015,0
81.02199625354206,1,2,4,8,0.0825620762559309,0.238236142443389,1
71.90576743687575,0,4,5,10,0.018910226866104,0.1603091938423204,3
142.4149089652434,1,4,3,12,0.0102976116925293,0.2653286245353912,3
169.69292364846746,0,0,0,9,0.1024286152496567,0.2108710580698632,2
82.04334888514612,3,4,1,15,0.1592517140407553,0.045043783555641,0
102.26130953232789,3,2,0,13,0.0256782196542449,0.1524534918885527,0
143.8106537136173,1,0,3,23,0.0250483820908905,0.2576698980929433,1
101.63431172192884,0,4,0,22,0.2282837445426161,0.2871116103454983,2
76.64296508410547,3,1,3,8,0.0200405329117732,0.28774741261037,1
102.61715623257454,1,4,0,12,0.0373326799097309,0.1960244060130653,2
120.14722867518016,0,3,0,11,0.1122040989101431,0.1547981492871675,2
35.76802023061276,3,3,3,17,0.2060184172515224,0.2226760541898968,0
131.42997465151896,2,4,5,22,0.0477487402749209,0.0066098716252521,3
100.28179151484264,3,0,1,10,0.2758249900408422,0.0161128162404456,0
88.43628673187119,2,4,4,15,0.1578144766972048,0.0753092311284603,3
30.661589458115717,0,1,5,15,0.1115996477033226,0.034399283621314,1
161.37897525335617,2,2,1,18,0.0361643572981313,0.2916770630221464,0
58.94201459023318,1,2,5,16,0.0753312611907195,0.1348859731951081,1
113.87266288279602,0,0,3,9,0.2606947241195037,0.1769932470933874,1
154.94070353386007,0,0,1,21,0.0985281620158643,0.1269525618828913,2
89.12181568720646,3,2,5,19,0.2641613861142777,0.0554435488108643,3
40.85922488478555,0,2,5,12,0.1281280322697423,0.1118779270628991,1
163.68526739055952,3,0,3,12,0.1000144683946802,0.2673264661229632,1
79.98311408636364,1,1,3,20,0.167210465707261,0.1441735853220055,1
41.567628502984434,1,3,0,6,0.0811184073289846,0.0219176823610263,2
79.97563775664312,2,0,5,11,0.1343972167130824,0.0180569110808039,1
145.4995173797262,3,0,0,13,0.2278492968225302,0.0355470882455707,0
110.47309848650984,2,1,1,14,0.1388260575879867,0.0500277814691082,0
218.58017900838848,2,3,0,11,0.1943756868289829,0.0433253642436287,0
129.56737909543202,2,0,1,23,0.2166391095095321,0.1252092330036973,0
1.0,2,4,0,10,0.0438423590211893,0.0977675474078873,0
60.22436531525671,3,4,0,9,0.2807471112218455,0.0030681378399841,0
92.59892467326526,2,4,1,14,0.128210823927491,0.1589841822915255,0
30.189409281248373,2,3,3,19,0.0370557616552333,0.2027507196312604,3
35.72477384860488,0,1,4,16,0.0484372226468221,0.1039946699271791,1
143.95691620197698,0,1,1,23,0.1863125697476793,0.2753174603959416,2
132.69166115311896,0,3,3,13,0.1191177587351407,0.0926409458614303,3
122.358170654286,3,4,0,19,0.0156873522347265,0.2996983100201879,0
90.35230052001164,1,4,4,22,0.1670706119431833,0.1357872249419924,3
163.35223312646357,3,3,1,18,0.0644670759392892,0.113118802871102,0
14.72242045501973,0,3,0,11,0.1122398804071373,0.1184605556764262,2
66.51223501050265,2,2,5,15,0.2326833767001518,0.2672490263146277,1
64.60135264967988,3,3,4,12,0.2069335741031157,0.1581681204638845,3
225.93570496472316,2,3,1,14,0.2931096751864572,0.2898914815983381,0
155.28572879216466,1,0,0,15,0.231702200970109,0.0283057595668216,2
212.19606377515248,0,1,1,22,0.0587352156256081,0.0659244983025623,2
117.19339065739686,0,4,0,16,0.2243288001864357,0.2043266471399664,2
117.4892633787642,0,0,4,19,0.0705763366943338,0.1991001522560598,1
8.223159448704692,3,0,4,18,0.2468389246081039,0.1959256649261259,1
232.3423011494365,1,4,1,9,0.0406341479887593,0.1827703757544693,2
109.74647869054893,0,4,0,17,0.0719893322434547,0.2554243585034061,2
81.32734720097798,0,1,4,7,0.1193783473336676,0.0673565317671969,1
18.413230011114308,2,3,1,13,0.2245454013864695,0.2332539345356324,0
172.5043521087876,1,3,3,17,0.233006257531584,0.2518857471150728,3
139.00788586283312,0,0,5,10,0.270153292877423,0.054305084557668,1
84.1963320579132,2,1,1,22,0.2411472987990515,0.2667651237840399,0
78.32179836182254,1,2,5,15,0.2691379974435713,0.1210332761239816,3
120.30357909800254,2,2,1,19,0.0283426731773058,0.2407398039297063,0
76.18011196992424,1,2,4,16,0.1034374589389226,0.1193559635076416,1
98.29093355847552,0,4,1,19,0.2225220030528421,0.0645250588380039,2
154.17206516739424,2,3,3,14,0.1784509245703231,0.1796260957280032,3
87.41552546154733,3,3,1,11,0.2690202814553815,0.1896265601604869,0
49.1555725435444,0,3,0,18,0.2227440136130587,0.191998496799233,2
124.3085620732937,0,3,1,11,0.0280242999084999,0.1618255284659389,2
43.59857964842583,3,1,3,21,0.2796788234860812,0.264056334303842,1
72.99928307149689,0,1,3,21,0.0550195479973119,0.0818770853813971,2
159.94987408277467,1,3,4,18,0.1244091199883708,0.104899977608301,3
163.57620738269694,0,1,1,12,0.071700093233628,0.20273744206536,2
94.47335462566058,1,3,1,8,0.0375846247433803,0.0845410144963486,2
112.1556674141858,1,2,5,10,0.0415645317632003,0.0952229643342384,3
142.01377270048795,3,4,3,14,0.1365982508857491,0.2998217032993695,3
119.56551604097216,1,4,4,11,0.1148847009703353,0.014680391419367,3
19.742428491000386,2,1,1,21,0.1467114938875602,0.1994192039799348,0
151.12241364279623,1,4,0,22,0.0502807343766793,0.1738684971835912,2
94.35217673854449,2,2,5,6,0.0650622800212067,0.0182007405672474,1
112.56047242209468,3,0,3,23,0.2539823494109608,0.1754712607546324,1
21.325143799278464,3,1,3,18,0.1383438720986872,0.1057352768277064,1
121.17794185083604,1,1,3,16,0.037333222136653,0.0558579811104534,1
59.06941239748239,3,1,5,10,0.2670365839926141,0.1589074514457272,1
132.7186979696809,1,1,1,9,0.2449251655552745,0.20662623777446,2
129.46000661162947,2,2,3,22,0.1889828472331117,0.1049532301296998,3
79.19273917441362,2,3,0,13,0.0066998854300642,0.2483584157149285,0
172.95111741459442,1,3,4,18,0.1037983686305724,0.1342312663333536,3
137.9968490979914,2,0,0,11,0.2283409821417554,0.0603932615467609,0
1.0,2,1,5,7,0.0009569881052836,0.2552814202185759,1
31.89025543086736,2,2,0,9,0.1608411182856023,0.1170914197397921,0
53.61158504521484,0,1,3,12,0.2586758307951191,0.2026350173327382,1
148.81868364897417,1,0,4,21,0.1243956175787984,0.1070936256406792,1
42.85114295734503,0,3,4,6,0.0286365261086748,0.0806244698700541,3
153.44802904923344,0,2,5,8,0.2501844125930052,0.279225646218365,3
87.09787848889677,1,0,5,23,0.2806666322511785,0.0035918899759092,1
102.240122819397,0,2,4,12,0.1040477016718974,0.1350995012542162,3
134.01712889931625,2,1,1,14,0.0593233523445222,0.2326335447083671,0
79.55004103867012,1,2,4,9,0.1951667310566715,0.0512174382991818,1
94.0792447641936,1,3,0,10,0.178709507785006,0.2814079752176106,2
76.84680278829913,3,3,0,23,0.0694398140791162,0.2304552265228856,0
61.06630743514768,1,2,0,7,0.0493316854254985,0.0750747692973678,2
125.86150251386935,2,1,3,19,0.0659741861568971,0.1176581140983418,1
61.90360779728587,3,2,3,16,0.1934961539319751,0.2563985449132008,0
106.29807074393196,0,0,5,10,0.0044977817052776,0.0906063053385518,1
119.08589254200176,1,0,3,11,0.0255853988330497,0.1080723768872781,1
144.02814471538338,2,2,4,12,0.0660357220080292,0.0301162960955042,3
125.9421961470056,3,2,0,14,0.165059259197285,0.1534581551489597,0
55.30358384995419,0,0,3,6,0.1292547170515929,0.0277593397686013,1
67.64870998506717,0,4,0,16,0.0994459558384565,0.0741550368304781,2
138.06711783967563,2,1,0,7,0.2893212676458481,0.1778797109600741,0
55.48114708699611,0,0,0,13,0.2267232644845041,0.0524223176828791,2
55.13725362509418,0,1,3,11,0.0773926487313894,0.2463188636100344,1
85.18754006178801,3,2,3,17,0.2192842965708928,0.0020675486729179,0
118.57020172115152,3,4,1,19,0.007161002866384,0.2861337283226636,0
9.479160832112754,2,0,1,11,0.0579160770924875,0.0353754418624493,0
49.17378189086988,0,0,5,16,0.0761210363706036,0.0289994174228478,1
129.1188472976376,3,3,0,6,0.027656762862018,0.1148218723878221,0
108.111230668908,0,0,5,20,0.1763998960371349,0.2224423188141127,1
87.36986561894204,3,0,1,13,0.2513111676105344,0.0761259009754028,0
110.4584905344376,0,2,3,13,0.1119136818016974,0.212909090890778,2
98.99039485131168,3,3,4,7,0.2822054341212088,0.1169725455831152,3
114.27779447701984,1,1,1,16,0.1136391072444403,0.2900038002297842,2
51.86621529552565,2,0,3,18,0.2669774654481247,0.2621172597991443,1
86.82222239917323,1,3,3,12,0.2458558198448777,0.009301125781112,3
75.44185704816232,1,3,3,6,0.1681881923167475,0.1362928200834081,3
55.53148668875741,2,0,4,12,0.1290852388422693,0.2060508313277075,1
102.38497354368144,1,3,4,8,0.2284159546992048,0.0283312952841765,3
107.46526206127209,1,2,4,18,0.0615071336671749,0.0112453612290585,3
122.96214031896557,2,2,0,6,0.2667814721940612,0.001719488293755,0
129.3324785169335,3,4,5,6,0.1632669277147763,0.2229190093879547,3
55.01611588584983,0,0,3,12,0.2115294324859938,0.066295437719541,1
48.023766213951205,3,0,3,22,0.1674315933112972,0.144384804682647,1
131.1265671968597,0,1,1,17,0.2171736379310724,0.1271559042851956,2
138.96502363661176,0,1,0,10,0.0291407100628344,0.0915230350580343,2
25.682334904671336,3,3,3,19,0.2864173678570936,0.2343281392312914,0
79.82521029686859,3,4,1,13,0.1618592230216685,0.2738473784350324,0
37.58647450655985,1,3,1,13,0.0723192698345847,0.1808265362164786,2
75.34383742102656,2,0,1,21,0.1698318371020755,0.1683233615342031,0
139.45605117451,1,2,3,14,0.1346310270140907,0.0760968064222064,3
129.61792039022376,0,0,1,18,0.1846563991278923,0.2592818826838933,2
86.20089284466252,2,2,1,18,0.1584451437741674,0.0194302928443832,0
195.579750600218,1,0,4,14,0.2907041879011924,0.1052191354761353,1
133.2678393822477,0,4,4,9,0.1025235587020864,0.2180884310495778,3
135.11382137757892,1,2,5,15,0.2835674145095108,0.1072649931559357,3
92.53028931987876,0,3,4,6,0.1594798172211713,0.0653877241537174,3
123.99984971675188,3,3,5,10,0.0016642825837831,0.1584891201698754,3
16.68885995806913,2,0,3,12,0.1006900174200849,0.0960665139484029,1
136.85906533492874,1,1,3,17,0.0753251736323236,0.0735359817401203,1
53.64749540373332,2,0,0,13,0.0416720709284722,0.1961090864621295,0
165.80456801213708,3,3,5,11,0.2215207445696317,0.034585880816833,3
144.161628765449,2,0,3,18,0.2791072396964444,0.07816138130596,1
35.842547729165474,2,0,5,9,0.0710757079994082,0.0624990252846822,1
111.40334338265954,2,4,0,18,0.2717846457828382,0.213155121339008,0
175.08173093149867,0,2,0,9,0.1510875517727612,0.2235842008215077,2
89.76588159399411,0,0,3,9,0.2104079726713597,0.24902363877425,1
123.65413359975288,3,4,0,9,0.1638548256454259,0.2375386666648549,0
69.30653884631413,1,1,5,12,0.1032960441647738,0.274141493982158,1
46.661622265766944,2,2,0,9,0.286768597463781,0.1971670171934535,0
66.12037851107742,1,1,5,23,0.1042279645129404,0.2463530782314678,1
45.929607601936205,2,1,0,13,0.0441692298601346,0.0494112644319998,0
122.73444759768182,2,2,0,12,0.2811469527224702,0.150066738609562,0
58.34027987320633,1,4,0,17,0.0652869322312994,0.2393565437849654,2
125.2555306041537,3,2,4,12,0.0174053691564018,0.1422173965961689,1
111.9489209031881,0,0,1,14,0.2237841636491797,0.1825394988219278,2
62.67818203863592,0,4,5,12,0.1588125525379782,0.2232172384979557,3
136.8309966450285,2,3,0,10,0.1452680811781835,0.0983548422175547,0
100.28570552763948,0,4,1,19,0.0465899525443545,0.2277156754453925,2
65.51062276354473,3,1,4,10,0.1904707843882065,0.2621096956148483,1
67.50731031091058,0,1,4,7,0.0976998182179647,0.2358755476987241,1
138.0054015407345,3,0,0,23,0.1000291667023093,0.2521127426464472,0
125.290513282183,0,4,5,10,0.044192318897177,0.209096330744611,3
64.60843608830325,2,3,0,18,0.1419935963239456,0.120946106949317,0
22.78633394512224,1,4,4,6,0.2943895333856545,0.0172642409660938,3
103.83356028073592,1,3,3,7,0.2465820467859184,0.2614630598748958,3
114.0070560864442,3,1,3,17,0.0636227815155364,0.2115484692261734,1
191.21747665811483,0,2,1,13,0.097300904452917,0.1716815382056448,2
105.01282435225798,2,0,5,18,0.2868040230340817,0.0548093612326604,1
116.92915454431808,0,1,5,12,0.2348992982166147,0.1205682988030099,1
128.61926161539515,3,2,5,16,0.2502645907802563,0.0081472471308688,3
59.58402307012381,0,2,1,8,0.1414466263556174,0.2242000453801767,2
56.35481623367512,0,4,3,10,0.2737629178604686,0.0038982528470058,3
98.3504848586375,3,0,4,12,0.2859623547378724,0.2754592454312959,1
59.23413816660699,3,0,1,20,0.2001134800765196,0.1515415491910393,0
56.39427237459012,1,4,4,14,0.0315477267067697,0.1783452781296924,3
86.45943635986158,1,1,5,18,0.0224577602024376,0.1606222313877899,1
157.109153926979,3,4,4,11,0.2658599557462358,0.2860808616138098,3
159.99901089739723,0,3,3,16,0.1329193216574372,0.1537018098417854,3
95.58742686343564,0,2,0,12,0.2610287429958126,0.2330873966804878,2
73.81626559722423,0,0,4,23,0.2546268875817457,0.0976180687846635,1
76.82912144419518,0,0,0,21,0.0876953784636615,0.2763020836630642,2
43.907557782593145,3,1,3,10,0.2971799157081438,0.1244451056426441,1
189.2441199516176,2,0,1,23,0.1337397055228633,0.0203677780332667,0
116.23511917753612,2,0,1,12,0.201611701883057,0.1072586597285315,0
54.61932333834592,1,3,1,13,0.2893727819457523,0.0063688784910572,2
107.68747644042392,2,3,4,17,0.0555711357987867,0.2365844131930826,3
38.69662367767828,1,3,5,11,0.034409734575643,0.0818246861071063,3
89.67570117669679,3,1,5,18,0.1922319950463708,0.0117657558576586,1
69.93497677441337,2,3,5,16,0.0884634773110512,0.2881874587887678,3
95.39415810381752,2,2,1,10,0.1504792886526155,0.1375143788922252,0
54.328743684134864,1,1,5,15,0.137220665759925,0.1174061479226517,1
40.73086856497572,3,3,1,16,0.2863103742917667,0.1769457252505579,0
117.7430822327499,0,4,4,8,0.2274360066663102,0.120629345434316,3
8.907154911481697,1,1,1,13,0.1497830960708004,0.2146127554720726,2
100.21851257914832,2,3,4,16,0.29580845403278,0.2762283746975132,3
54.20940979122377,0,1,0,21,0.2105547426654529,0.2803678851567803,2
77.0550456104561,3,2,5,11,0.2648834222129186,0.1363518066962833,1
77.64248608469337,2,4,5,12,0.0421149507003701,0.0850781994335461,3
155.3507111991203,2,0,0,9,0.0280370308666661,0.0084277526299372,0
90.13572084952804,1,0,1,20,0.143912223670382,0.2175675314472371,2
123.9423433916288,3,3,5,17,0.1813550344578684,0.2509756678382962,3
152.6509604969972,1,0,4,18,0.2951912698719274,0.1839492863568196,1
13.688260799396671,0,2,5,22,0.0056554214219367,0.0003227261998562,1
28.71579592137519,3,2,3,13,0.1559780825699146,0.2207284652387183,0
83.63479843628099,3,2,1,6,0.2096974132266893,0.2634612277070893,0
19.80191242866954,2,2,3,22,0.2009624527511511,0.1650669506750753,1
144.6824048061219,0,2,0,21,0.2801233325002981,0.2097775357179664,2
64.2389524100306,2,1,3,12,0.2711487041489731,0.2671299566765557,1
71.98986538298857,2,3,0,6,0.11609569690062,0.2130619884952365,0
107.92305925594312,2,3,1,14,0.0806814539886577,0.1491549114486232,0
137.4410590590389,1,0,1,10,0.1207870327276101,0.2762357328937011,2
88.84650941046462,1,2,0,17,0.1031122936254887,0.2557528999408655,2
72.07899157562335,2,4,1,11,0.0394030693347094,0.2464643354512452,0
67.82824664848617,3,2,5,16,0.2223988341765878,0.1727488287801618,1
96.9451335216159,1,3,4,16,0.1577446514239484,0.121045807051736,3
56.6831691406069,1,1,1,18,0.0128661058378827,0.2369434999204563,2
35.69582250200257,0,4,1,20,0.2999976126908898,0.1921341235993408,2
188.6345830449958,0,4,3,12,0.0057559937790819,0.1554753011505753,3
1.608493845371001,0,2,3,19,0.1519580534630428,0.108324064781326,2
85.23090076553991,3,0,4,18,0.2565104391285886,0.2448717899613843,1
106.26427316393448,2,4,5,18,0.260863429924629,0.1842826481201649,3
62.58948425187626,3,1,5,18,0.116673809879526,0.0650279636858516,1
117.84850486976336,2,1,1,10,0.1571064649108726,0.2031706785995926,0
155.9091508575354,1,1,3,11,0.0644220448580667,0.0728117339796133,1
42.12159711157015,1,2,3,23,0.1233866761867827,0.1961856274369804,1
153.25915900618202,2,4,0,9,0.1634956792987817,0.1087964551943786,0
86.51301377124538,2,2,1,14,0.2674172690926274,0.027400473635172,0
71.16050182683739,2,3,1,21,0.2007845187919548,0.0958906298183057,0
40.92607956324418,3,0,4,20,0.2153994377105489,0.2563291865043304,1
198.15789934961083,0,2,3,7,0.1903179182430599,0.0637158819925103,2
128.0722230429976,3,0,4,14,0.2502991944674367,0.0556304381749947,1
82.93006734331956,3,0,5,16,0.2160283100475698,0.2169800777650945,1
131.5971118871092,2,2,3,8,0.1771342264616494,0.1669027307486191,1
101.66082815065738,2,0,4,6,0.1766360224028758,0.1381640102884182,1
136.3970694516125,2,2,3,20,0.108876606819181,0.0101092725825307,3
49.2185872640877,1,4,4,22,0.0626415419165394,0.0632028331578614,3
66.64792621056564,0,1,3,19,0.0595298251554763,0.2506664648563287,1
83.21091290229346,2,1,0,15,0.1788125758962253,0.1738113401787099,0
73.78591951708523,0,2,4,18,0.2777854058944999,0.1292314987705223,3
67.6339699249234,0,2,1,16,0.1722164576548086,0.2474594463537845,2
83.83640301423662,0,0,3,20,0.0142969595707783,0.0509932983742128,1
93.86102363603308,1,1,0,17,0.1549230235031675,0.0184121098920684,2
91.02658211620148,3,3,3,8,0.0956851166947234,0.2260861191914885,0
125.3189749347331,2,1,3,10,0.270278007449849,0.2979224429499694,1
78.17169742851671,1,4,4,12,0.2166200914636417,0.0631888122875216,3
63.77176212294078,3,0,5,6,0.0957238822413539,0.0387322646218521,1
48.03141970345101,3,3,3,14,0.011970200976061,0.0652529049657502,0
78.30967064560909,3,1,1,15,0.0393173934521668,0.2677659164002623,0
204.3872992937572,2,4,5,20,0.1798292427772443,0.210598685602814,3
83.18887928952344,3,2,5,7,0.0323679809171859,0.2499922283019886,1
81.73112820716716,2,4,3,16,0.1157863852159186,0.1390316093069946,3
130.63573655982833,3,0,3,8,0.2212160369600355,0.2276129084067907,1
133.7366777654387,0,1,3,18,0.0069958395315133,0.2510014737359318,2
166.5078612568432,3,4,0,16,0.2708867473361986,0.2293806587686482,0
123.26814618659144,1,1,5,16,0.0136717694161877,0.009964999371398,1
97.44413682616806,0,2,5,6,0.188015073609525,0.0216473703939032,3
141.41331783944997,3,3,1,22,0.1993239766938663,0.0745894437539565,0
21.037351128375164,2,3,3,17,0.1669170026350191,0.088744082410467,3
219.17285183234327,0,0,0,7,0.1061952114254876,0.1321746462549769,2
88.33580084213654,1,3,3,16,0.2407332615467757,0.2547254174747853,3
79.1557359973743,0,2,3,21,0.2468821717214006,0.2419287052283658,2
157.05997074542012,0,2,3,6,0.2002834883970825,0.0488256213530454,2
88.38822693382484,1,3,3,18,0.2519966162226125,0.0912293064069263,3
134.0519798022261,1,4,3,18,0.2966754143924434,0.1910524957244524,3
1.0,1,0,5,7,0.2854764044022716,0.2293559715570323,1
138.434106844336,1,0,3,11,0.018996896755874,0.2231244279061661,1
95.56661952529356,3,2,3,18,0.2612664175149785,0.15286998622994,0
168.15241606383756,2,0,3,20,0.2502268364987001,0.0776516590210486,1
112.0057248860931,1,4,5,19,0.1913310337232547,0.1535547942387836,3
172.9827414792755,2,4,4,6,0.1829588497339522,0.1320596353573627,3
131.23710132407524,3,2,4,23,0.1043315310709091,0.0149964283390611,3
10.200425929514196,0,4,0,20,0.0323599297088763,0.0362668130712676,2
61.64643243405643,1,2,4,17,0.06374223282993,0.0298201457562785,3
84.13438335570014,1,3,4,23,0.2116253064367735,0.0250328935025889,3
57.31612958560315,2,0,1,9,0.0608660932045127,0.2526630629451004,0
101.1049661775468,1,0,1,20,0.1357843035976021,0.059841061496433,2
36.749053584326816,3,2,1,8,0.1555737759839713,0.2497706011979709,0
120.63325115909107,3,0,0,16,0.209077521050487,0.0111533180797641,0
44.08238869997591,1,1,1,6,0.1382093213792291,0.1010149853801224,2
54.71053106991064,0,2,4,11,0.1544428698137803,0.1075715967964277,1
11.545613398207166,0,0,5,14,0.1334254229234438,0.2596199309992537,1
118.05070023406287,0,3,4,13,0.1838844101799862,0.1057799728446166,3
107.67973033677556,0,1,5,10,0.0433495043482984,0.1411829993938938,1
34.785566884862774,2,4,5,7,0.2050714831730702,0.2985987019325487,3
6.40145472384738,3,3,1,14,0.0180779494555388,0.1044140558988144,0
81.01420898926558,0,0,3,20,0.0420646759247992,0.1920269182824507,1
65.39264748119638,2,1,1,10,0.1420084778677751,0.0238112451266207,0
185.5553645838525,1,3,3,12,0.0441776238771269,0.2077180878504604,3
132.20342714974785,2,0,0,10,0.106248015350005,0.0052974599007362,0
90.78770105729762,3,3,5,17,0.1872450643243039,0.1160888701485428,3
189.5739670182068,1,2,3,19,0.0307920846499826,0.2333948955698984,3
105.00059370606904,1,1,5,8,0.1917383069815176,0.1070177203565204,1
210.28931763386987,0,0,1,18,0.1025760129148817,0.1453224628970036,2
154.7674597199362,0,0,3,13,0.0252000437700946,0.1229844599110211,1
151.51923469444966,2,2,5,12,0.2099289936596559,0.066125898452356,3
214.0130115149464,0,4,3,9,0.104746889353571,0.2520799816927547,3
109.12814953476712,0,2,5,18,0.1569192332097857,0.1425394190503428,3
86.73701084401145,3,0,3,14,0.0943589680937816,0.2533442460638964,1
93.29373104774216,2,1,0,15,0.1226241889017717,0.1802352066016994,0
183.59179293721945,3,4,4,14,0.1728000499474706,0.0997963826416455,3
40.20228299722059,3,2,3,10,0.2501967610804421,0.2434069986915921,0
138.72914079112263,1,3,0,16,0.2579960722119661,0.1207855100495322,2
125.743761816473,3,4,1,7,0.1283895683888374,0.0562846110538126,0
136.06858388943795,0,1,5,9,0.0799640523591746,0.1994538489572279,1
112.74923662388684,1,1,4,18,0.1816579771280146,0.0082472080026889,1
85.39623491967285,2,0,3,18,0.237377202656238,0.2999927922732651,1
163.49069669048734,3,4,4,13,0.0344966899785355,0.0220375557158274,3
95.9685595775095,2,1,4,16,0.2383098289240758,0.0677858963876305,1
227.105317433494,0,4,5,17,0.2498029135192405,0.2759065967097767,3
76.27747522655162,1,2,5,20,0.1313711221843683,0.1615882443207151,1
93.22059284855834,2,2,3,12,0.0240178093992647,0.1284918881785518,1
38.54910317234072,2,2,0,16,0.0281697679254484,0.2647533147539507,0
123.0164195005591,0,0,4,23,0.1642428036653722,0.1158077668245261,1
221.4467369038452,3,3,3,20,0.2486066772894687,0.0313312286314563,3
78.2041533273236,3,1,4,15,0.065110427319101,0.0119140136853455,1
146.48701124055788,2,0,3,6,0.0438992671640204,0.0375259084639574,1
15.544377301457756,1,0,5,7,0.2206853092735225,0.2854216298498481,1
67.36480474323264,3,0,1,11,0.0929000546238482,0.186208140064375,0
141.81097845256775,2,1,3,14,0.1410519207279904,0.2770652884082106,1
37.08157028475585,3,0,3,12,0.0665669012119338,0.1365501586678954,1
55.489032896807885,0,1,5,19,0.2784880128992724,0.2355971422878893,1
43.117769786536144,3,3,3,10,0.0001901696442104,0.1547261257907248,0
139.91932360507172,0,0,4,21,0.1193508072451739,0.0706298745556395,1
78.24465746939306,3,0,5,13,0.2305204435171525,0.1677366060593125,1
158.84896817742433,3,4,0,16,0.1921430069045946,0.2894753793075182,0
82.13988543696541,1,4,0,13,0.22206790376343,0.0064810641712357,2
188.91346196522383,1,2,0,13,0.2063904920794891,0.2744373281749708,2
83.41261039500309,2,2,1,14,0.0782720819960031,0.0475254648620841,0
151.35229260888804,3,2,3,22,0.1850201542092421,0.2052578255097729,0
56.06736596854424,2,2,3,9,0.1246524212517569,0.1790499900178717,1
126.87162956940148,2,2,1,15,0.0016737191415488,0.2969065498933441,0
104.61895746960344,3,0,1,19,0.269301817948213,0.2029429727059219,0
139.68997297549328,3,4,3,21,0.1750783376454503,0.1957132259385633,3
68.09634823666073,2,0,1,18,0.0602604105929646,0.0986615684736638,0
174.93461586641342,1,4,3,22,0.2153027617051334,0.0534742357888673,3
64.8743155088331,1,0,1,19,0.1845364864249606,0.1917761354991141,2
85.27111797500022,3,3,4,10,0.2232883943006175,0.0494145223136946,3
91.90309267183692,0,4,0,18,0.1480923180134598,0.0470365206660002,2
89.11162377280192,2,2,0,7,0.1768776465055459,0.0049963522796583,0
12.596626404310712,1,2,4,8,0.1073637236287705,0.1858144579728023,1
143.98146482946566,3,2,0,9,0.0338015882021116,0.230530340584509,0
138.07448694696805,0,3,1,23,0.1108545491983264,0.2642281889208595,2
129.05727785043365,2,4,1,17,0.1010346461023241,0.0763334077717038,0
205.96201936144752,0,1,4,6,0.0921631994481404,0.0346741708209499,1
113.20145006979972,1,3,4,22,0.2962694149278961,0.1584898254759308,3
79.94433643685353,3,2,4,16,0.1394335707120098,0.2669282332416042,1
166.3539875696702,3,4,3,16,0.0481086729886124,0.2201404202438773,3
122.76568939151684,0,2,1,6,0.1471504855569907,0.087230275469686,2
144.1629508113783,2,3,3,8,0.0816601517204376,0.0139892323631217,3
97.4407577179786,3,4,4,9,0.1230220751999826,0.2835898322953319,3
189.58353552617672,2,3,5,20,0.0157983188889061,0.0120119646265112,3
132.64207671605786,0,4,0,6,0.2928941468180271,0.2614363272597659,2
159.13886852360417,1,4,0,17,0.0971672110653852,0.0421175086365981,2
46.83584951147533,2,3,3,19,0.1893566943622917,0.0683620021046168,3
149.202072645224,0,4,5,18,0.2266503176901275,0.06738940545182,3
105.1403192229713,2,2,3,21,0.2185545383226502,0.0227512721607291,3
137.6065474563819,1,0,3,17,0.0424872737831954,0.0333510433746626,1
140.69464067694983,2,0,1,22,0.0864982623887132,0.2940895004096836,0
97.69692979377672,3,1,3,18,0.1124994062967446,0.19177644523158,1
85.74027626541078,0,0,3,23,0.1560128497885486,0.1160510622506319,1
102.9926480689842,0,1,5,19,0.0108243516327283,0.0797405819161959,1
111.99142689617868,0,1,3,17,0.0108453420948656,0.1502571994767391,2
81.74086918531327,0,4,0,14,0.0875736089225269,0.2843791230471643,2
144.56451058944137,1,1,3,16,0.1883038692326394,0.0139872435021133,1
60.47003894343653,0,4,1,9,0.0462040716371098,0.0359699504597601,2
41.76003013154388,0,2,1,16,0.291652952727685,0.1149173556775151,2
171.39311910426477,3,1,3,17,0.0702555236473335,0.1263849680069881,0
103.42315321858644,0,4,4,19,0.2120949474950973,0.2343879831657273,3
36.18911584494244,2,2,3,15,0.2255223135737175,0.0451565756416392,1
90.31988019963003,2,3,0,21,0.2642069896339921,0.068914301470359,0
141.9274463156812,3,2,0,11,0.0577824286446419,0.2388099842386666,0
76.71485826704628,1,3,5,11,0.0143648025675981,0.2803070678511468,3
18.94958577118305,3,1,3,10,0.0251283452050285,0.2891214572830493,1
124.1025364150155,0,4,4,22,0.1070962762531572,0.0960165129585442,3
94.37197354269108,1,1,0,19,0.1828547123428058,0.2200391038381674,2
75.55038552107624,1,1,0,10,0.0382368109337958,0.2988570947873629,2
54.93678872100591,3,0,1,22,0.0056549476745344,0.070474644012981,0
70.42420651647163,0,3,1,11,0.1598735636580258,0.082036035799133,2
80.25739481979544,2,1,1,10,0.1503265886981316,0.1696609188154642,0
234.02544358166227,0,2,3,19,0.0258497491217377,0.141657988838518,2
51.03738334978164,2,0,1,14,0.1498779805913513,0.256081015352826,0
164.97503835032936,3,4,5,8,0.1050217543076103,0.0602376035495442,3
166.87110207863614,3,1,1,13,0.2857393564522949,0.2990049822400057,0
101.20535841439474,1,4,4,16,0.0326563208028012,0.0347366177122737,3
134.86753723190336,2,0,0,20,0.1760389787509112,0.1332026694412725,0
102.24090985500838,0,3,0,23,0.21824393593452,0.0428822408595636,2
105.46702881704546,1,3,1,13,0.0156356621903334,0.0424081565079502,2
102.99552198422413,3,3,3,19,0.1145463313696946,0.2951756517611721,0
95.80490683658516,0,2,3,13,0.1580551684996866,0.2519433694225054,2
21.04799444410355,2,1,3,8,0.0327573558365805,0.2588900321338942,1
88.6047726386563,3,1,3,18,0.2394234453234748,0.1703274788906452,1
157.70681182640118,1,4,5,9,0.0346995515608049,0.2637626089710841,3
129.4081654706011,3,1,1,22,0.1082525008612218,0.0274615116415588,0
122.9220200926649,0,1,3,7,0.1357274866646798,0.2998596995379259,2
43.165619177692285,1,3,5,16,0.1198375562976356,0.2728806660958495,3
119.92240227560004,0,3,3,6,0.2321334923545853,0.178010291807329,2
77.17984085799462,2,0,1,10,0.299612317003303,0.0259778901122561,0
111.47813074279809,2,3,5,10,0.2121792029850858,0.1205907214301075,3
21.569366275877627,0,0,5,17,0.1475535386547143,0.0239280700763491,1
64.81566172540013,3,2,1,16,0.2834046376373842,0.2862103305569924,0
103.88837344862648,1,3,5,11,0.1638058710154478,0.1618295972967068,3
169.0924017896541,2,1,1,19,0.1309182615576565,0.0744050816623428,0
123.25769974134596,3,4,5,11,0.1656012229838592,0.1951853851144584,3
41.165628922247336,2,0,5,17,0.1776099399303081,0.2144014346259991,1
59.08840082488301,3,2,0,9,0.0174396849893732,0.2488632791772166,0
105.0655141610626,1,2,0,10,0.2054880206310765,0.187438861279138,2
40.145715922485024,2,3,5,6,0.2818666663915961,0.0247021081394288,3
97.82352667476668,3,1,0,15,0.0140599650826401,0.1980945623326188,0
180.8980571477444,2,0,1,22,0.2646997388641147,0.2001663480523761,0
211.4819716711599,0,1,3,8,0.2935058950713984,0.2320046418586153,2
33.277295942354186,0,3,1,10,0.0920638914402696,0.1589303647624937,2
170.3185202508247,3,4,3,13,0.0500848567626067,0.1114134023747938,3
154.25889240861585,1,1,1,19,0.2512995764890445,0.1816935082381131,2
29.890200712197824,1,2,1,12,0.2997028547910111,0.1009894734333387,2
54.44102074282007,2,4,5,19,0.2171848765963989,0.1872200928280157,3
46.00450795695961,1,3,5,7,0.2503515097548751,0.0498332510244851,3
48.31320997188868,2,4,3,13,0.0885589417062097,0.0332992188306677,3
152.74462062758735,0,0,5,14,0.0086669904763115,0.1732175602558886,1
128.63076960284135,1,0,3,19,0.1015282955028614,0.1301854282236956,1
121.37191140416928,0,4,1,11,0.041602210087193,0.026889940095924,2
24.385100415800224,0,1,1,16,0.2071938360084429,0.0696280567475162,2
149.9642320117254,0,4,0,12,0.2526498002842105,0.0695006490285995,2
98.03633465242125,1,0,1,15,0.2705389354816917,0.2995006086144567,2
147.12046475170675,0,2,1,9,0.1768407945213916,0.0163718289935414,2
113.98740003499924,1,1,3,19,0.2510659052439983,0.1201008262541819,1
31.57399286373918,1,3,3,13,0.2606782040847673,0.0485993979657675,3
177.2866571076758,3,3,5,19,0.0694063495672605,0.07048096830898,3
145.06481056030128,0,0,3,12,0.0545468906173672,0.2300305130772309,1
81.86690143219606,2,3,5,23,0.2131690526460898,0.065350219541231,3
113.34887949358296,3,2,1,14,0.0506878231973784,0.0408794034281932,0
102.54192633049196,3,2,0,13,0.2017358307247364,0.0312988816894653,0
53.17316064868449,1,1,4,21,0.2319088586614104,0.1246173538104116,1
164.59429509322882,2,2,5,20,0.089734507904869,0.1696329063154672,3
38.561192547518296,2,4,4,10,0.1358286421623712,0.1584951473895251,3
155.28004076268468,3,0,3,23,0.0486894479521115,0.1049258539479558,1
85.01472032360732,1,0,1,9,0.2061290973961227,0.188036175775311,2
111.55535842567296,3,2,5,9,0.0680308243031957,0.0623108651075295,1
58.90398337131237,3,4,3,14,0.1485992044463166,0.2800598407978024,3
74.70771653735223,1,4,3,15,0.1783905692293345,0.1545613133549535,3
122.92774870094608,0,1,4,16,0.146404585450523,0.2887428425016447,1
109.24070838061245,1,0,3,14,0.1975798380787647,0.0835782410576023,1
85.97457076877652,0,2,0,17,0.0809338316975144,0.2875172319465229,2
52.12565708777003,1,2,3,22,0.2601067344375299,0.0116217054588501,3
58.1033208815142,0,4,4,10,0.1479369674728438,0.1210892350144825,3
205.7300088954169,3,0,4,8,0.0122320099467395,0.0056073397697042,1
55.871979427723545,1,1,3,14,0.2873394472711387,0.1646875328051069,1
124.75689350229864,3,4,1,15,0.2572815638967098,0.1789115288916245,0
104.90147912218345,2,3,3,16,0.1822338053207607,0.0350882829894642,3
1.0,1,4,4,9,0.1027249644471407,0.2230289626895978,3
182.13332589281737,3,2,3,8,0.0698285498546792,0.1010392864559705,0
129.60623123726742,2,1,5,16,0.2961426398257584,0.299366204244751,1
152.63246943238804,0,0,3,11,0.0930665089690856,0.111941893331948,1
111.66510532821889,0,4,3,20,0.1273509810336366,0.1246981236961287,3
72.79593444912095,3,4,5,15,0.2616123312443728,0.1468879994721484,3
75.25049005459672,3,0,5,15,0.1309279600561022,0.1603635163375754,1
230.0885235660401,1,3,5,11,0.1441071676333632,0.0343003141541818,3
115.41106557919902,0,4,3,11,0.1139291562653358,0.1865589395959111,3
150.91191055493184,1,1,4,21,0.266819026876311,0.0723005351846402,1
99.28091592451976,0,0,4,7,0.0138210646028025,0.101119295067141,1
2.4111758202409845,3,2,3,8,0.1233720952515006,0.0220251262813073,0
81.61239982426402,3,3,1,12,0.2832045792301368,0.1211886964778516,0
70.96124331571906,1,4,5,9,0.1807777793077109,0.1169855351185148,3
50.01284741773964,2,0,5,11,0.1044525673075619,0.2403740927056091,1
165.73942457595086,0,3,1,8,0.0564456092042078,0.1219817257638491,2
174.92955484178515,3,0,1,7,0.2197386614803469,0.246523428751947,0
154.20582729524534,2,2,3,19,0.2737322962405239,0.181062173710662,3
159.02631456158608,1,3,4,17,0.2289314610851292,0.2960339892386767,3
126.87926535219027,0,3,1,19,0.0260588329466105,0.062676407271834,2
156.44163734717233,1,1,5,15,0.1433022120254662,5.355446118857632e-05,1
159.07815684410457,1,2,4,17,0.2686304416146603,0.0363620964279011,3
102.11455469988628,3,1,5,14,0.042547544752575,0.1775599676942066,1
133.52994696673986,2,3,0,23,0.2460640094418586,0.2609406528773963,0
67.96581816461135,0,3,1,22,0.0167400565650192,0.2837371871362866,2
122.09668435442588,0,3,4,13,0.276328417698111,0.0880575609938775,3
90.35205737166488,2,4,4,13,0.2904667368363498,0.2618845971606888,3
135.3689287570985,2,4,5,9,0.1062919232252675,0.1203189371337083,3
24.050770822229268,2,4,1,14,0.0526574603773995,0.1494467841378137,0
91.33892843241172,0,2,3,14,0.1507778836901524,0.2777624781028403,2
115.51642379808732,2,1,1,22,0.0562419719627445,0.0953663603657335,0
124.35085782101405,1,2,4,12,0.0654663428129384,0.0773839476233407,3
1.0,0,1,3,7,0.0217754962279608,0.0440217762776044,1
85.65039071045005,0,3,4,20,0.0090536055074477,0.2012107531712944,3
107.15501038215496,3,2,1,16,0.1709467373049378,0.2737596151248283,0
186.6726733302401,3,4,1,16,0.1040832616231905,0.2793558349184085,0
122.5321468361982,0,1,4,16,0.1969451363078608,0.0608681346489127,1
134.3070962120883,2,0,1,13,0.2587078769857815,0.1046897305369804,0
87.17987222338519,3,0,5,7,0.2394095752301356,0.0060753543109834,1
56.23198194576014,1,1,1,11,0.0983773085429587,0.0676389875673105,2
101.3911442813882,3,4,3,7,0.0057161593782124,0.1940102788995694,3
84.48894963751327,2,0,5,7,0.0052562939645342,0.187901355270896,1
92.98567458259085,0,2,1,11,0.2689955027122835,0.2031319157082457,2
13.474694569045482,3,2,1,22,0.1047233696906024,0.2149086810821763,0
98.6580215841424,1,1,5,12,0.2476109256214168,0.0814470955100941,1
68.06383397367925,0,0,4,22,0.0011219611521591,0.2590637230365707,1
55.34847490457405,2,2,3,14,0.1805511650428862,0.2021742129043539,1
60.88312644667903,2,1,1,10,0.0740308119978356,0.1252012652996001,0
67.53448123148053,1,3,1,18,0.019354478525947,0.0998038973068488,2
167.10113754966238,2,0,1,16,0.2991336223599191,0.1788295831271315,0
170.79375746323046,1,3,3,9,0.0262869971209129,0.0814489707627192,3
152.61009538372167,1,2,5,15,0.0107524236628049,0.0892299700572631,3
134.84985514615744,1,3,4,8,0.0757296924117608,0.1732332390527661,3
107.57250351385728,3,3,4,21,0.0940222742950546,0.1906167017489043,3
110.39401883888452,2,1,3,16,0.294584914540364,0.2046496932803293,1
90.137467982385,1,3,5,19,0.2370823165269119,0.1022277946198369,3
59.54636690287739,1,2,0,15,0.1924084479232741,0.2619238317924451,2
153.85812382204023,1,3,1,13,0.1280396696822856,0.1711432465455584,2
56.62770016597021,3,3,0,13,0.0816337936906854,0.270588765758575,0
46.42105297411512,2,3,0,8,0.2293647500084727,0.1549016789532064,0
139.40609023467312,3,0,0,10,0.0913244323335162,0.0969492024633709,0
57.94559364940158,2,4,3,9,0.2441950812497853,0.2265491919231728,3
164.09195142976472,3,1,3,22,0.27272714873248,0.0543546641210343,0
61.77265474462443,3,0,5,11,0.0336748979190088,0.2537732168814013,1
98.32075124100022,0,4,0,8,0.016754329896292,0.1297015895122122,2
136.0639064624524,1,3,0,6,0.0954727362045418,0.0958372974494752,2
139.40245421585348,1,4,3,6,0.1120322241986254,0.1995817418476866,3
163.56667197925495,3,4,4,15,0.1743703632724857,0.2936948535089956,3
124.02593390541122,1,3,1,9,0.0689093824623973,0.1860897219487705,2
171.40354059512435,0,3,5,6,0.2972526044580611,0.2525365382164236,3
17.839946007170695,0,1,0,8,0.2586662130730244,0.0402635525587459,2
123.33746170601437,3,4,1,13,0.2463935726811397,0.2213820936844348,0
103.41752218265653,0,0,4,10,0.1766275178286354,0.1914015513435181,1
3.723180764672648,3,2,4,8,0.1080070246804578,0.1757327044997476,1
152.51997679372195,2,1,1,12,0.0035333441367752,0.1851838865589213,0
168.37195215815302,3,0,1,9,0.2259219231150916,0.2373213808865176,0
100.55476101597895,1,0,1,8,0.2380949319631569,0.1050418931219872,2
178.00192994291774,1,1,1,20,0.1578251279858349,0.2941795472755126,2
153.88687088461032,0,1,4,18,0.1572505600004577,0.1320856096998433,1
125.32103874985155,2,4,3,20,0.1955817156472815,0.1885904209179871,3
89.22011243300798,2,0,4,21,0.1961944174065751,0.2550115503501379,1
91.66161845627572,3,3,1,6,0.0297660583229938,0.2531759269946799,0
182.9664696557284,0,1,0,8,0.1900534314224938,0.2215369285073089,2
74.32014747823288,0,3,3,21,0.0372798378279217,0.1012123050271923,3
111.8452314837661,0,4,1,9,0.2837511932300013,0.0156140665910288,2
126.10907979568036,3,2,3,13,0.0115328679092503,0.0705618997820747,0
98.24109556147828,3,2,3,11,0.0702009417246515,0.1127495367449574,0
85.62209449244325,3,3,3,8,0.1118636320428753,0.281666594507062,0
75.89286944976504,1,3,1,17,0.0385590962765464,0.1930325366501305,2
137.22948015535832,3,1,1,12,0.1166291799605309,0.0905429428225586,0
54.08983135745032,3,1,1,12,0.0225462019630043,0.0679052565265602,0
135.8539518498082,2,4,5,6,0.1006351278900744,0.1312176910587738,3
159.80523177539584,3,1,1,15,0.0339323059596158,0.0508115302174228,0
159.9795074496703,0,1,5,10,0.1846137452549206,0.0976462688323169,1
90.963885490911,1,1,4,14,0.2134897238308658,0.2476076555990307,1
111.00155020346963,1,3,1,16,0.2531902591776445,0.2122760001756932,2
60.90930683205883,3,4,1,12,0.0114577281618034,0.0926269753586252,0
77.14930900739012,2,1,1,12,0.0974177796893345,0.2864326440118435,0
23.055537146070577,2,1,1,22,0.0719400848926588,0.2744353249845866,0
74.97515750776071,2,1,0,13,0.1342044179838874,0.1164454839006966,0
94.90673241786918,3,3,1,23,0.1456167353518059,0.0113172559575194,0
110.22071857507068,2,4,3,19,0.2506049330792701,0.1146133395401604,3
135.1005305764704,2,0,1,16,0.1440289212593486,0.1547285641540104,0
106.53374499463096,2,3,4,20,0.1762792540843023,0.1635962668148038,3
111.73741892040914,2,2,0,19,0.2326370186256308,0.1829128104121264,0
60.37924241500595,2,1,0,16,0.1601365027625846,0.2189655213901129,0
33.13787920405774,0,0,1,11,0.2906230388459459,0.2136245932190447,2
97.96934893396596,3,3,4,23,0.1435077752807157,0.0548964131958283,3
75.11281872885826,2,1,3,11,0.1156280508429449,0.1001754916533363,1
196.44219820108785,3,1,5,10,0.2848329660624553,0.2132868700580138,1
15.201899581137042,3,2,5,17,0.2239731464958,0.0601251129688366,1
106.94437606726883,1,3,0,15,0.0277814009501985,0.1318779767730288,2
36.00093631871022,3,3,4,15,0.0757175579604058,0.2477192404076688,3
129.79656735195832,0,4,1,6,0.138110495969472,0.0881556391380755,2
159.29145993710875,3,2,5,11,0.0348148098393187,0.0562920389892524,3
55.41726063296096,0,1,5,14,0.2059103930517409,0.2901740501287362,1
59.598837267678434,3,2,5,11,0.1787883777514251,0.2466973245808979,1
29.64757345005272,1,3,1,11,0.1913217657664816,0.1757051641870355,2
92.504944267081,1,1,1,15,0.1899759140053854,0.184109400532082,2
127.51334319104666,2,0,5,10,0.2268179588622191,0.0868545793396086,1
38.32580450399369,0,3,3,19,0.1986057834681627,0.1574692087426524,2
204.3996841255047,0,4,0,23,0.1212178995993514,0.1093803738768775,2
133.08643675107984,3,1,3,12,0.2493956723379811,0.2324476255767459,1
61.36456699345095,2,2,0,22,0.1519778168609426,0.2764735212079285,0
132.3902485975412,1,2,5,23,0.1275402471365268,0.2746339242968201,3
49.44805686329,2,3,5,23,0.0709760061580634,0.1280614112626649,3
142.12962213444078,1,4,5,13,0.1666833237014962,0.0932145064738241,3
19.00289341678564,1,0,1,11,0.0562527064519262,0.299395956255182,2
26.519084799685476,2,1,4,12,0.1845854090515237,0.2584443324040676,1
49.61078640411579,2,4,3,8,0.1562750526229803,0.1845073709674726,3
54.977101101527616,0,0,5,13,0.1373633068943088,0.0015665587391775,1
50.70947517622636,3,4,0,7,0.0223599930216104,0.2369042354815544,0
172.83947255452534,3,2,0,6,0.0841837131598621,0.0039696044662161,0
155.08602432945395,2,1,4,14,0.0480072092732541,0.1238221242109933,1
37.26827575080647,2,3,5,20,0.227821517761709,0.2762743658673645,3
116.57999771395303,1,4,3,21,0.2831174015282733,0.0226156918666932,3
80.71841195272403,0,4,5,15,0.0441905297152177,0.1142522380612498,3
108.13026725250192,3,4,0,10,0.1540743603475193,0.1993840357308275,0
107.89813488764804,2,2,4,12,0.1481639133378774,0.2578581472865596,1
67.08928505789487,2,4,3,9,0.0243971756340982,0.0931971709388925,3
220.1590962848589,3,0,0,12,0.2812466661945041,0.1762772634815076,0
37.74827703743212,0,2,5,14,0.2580027301705485,0.0787198332108981,1
34.37881622366308,3,2,1,12,0.2382257652977629,0.2582631166627834,0
117.37590179526345,0,4,5,18,0.2276353796001095,0.1393299773155241,3
100.92095930932705,2,0,1,23,0.206639725706905,0.2908175274000307,0
63.89303916855684,0,4,5,16,0.1489280957561184,0.1714426900930387,3
125.71397663342412,2,1,1,6,0.0463368966319585,0.2416230262330235,0
163.2577750218318,0,0,5,23,0.0160408138956065,0.1790707409458629,1
80.24890677808158,2,3,4,12,0.2724771112161366,0.1535736292032243,3
191.64752629768773,3,4,1,21,0.1751605563925792,0.0574291589205876,0
176.3506630612996,0,2,1,15,0.1070368909577427,0.2638999586097423,2
69.05051927760684,2,2,0,18,0.1504214269978788,0.0535455298537634,0
61.82881835718849,0,4,5,11,0.2693345809580897,0.1107281611011459,3
130.18627877287662,2,0,0,17,0.2667775375199978,0.2440246161303013,0
47.23068893291331,2,2,5,15,0.2800699052833223,0.092350535987098,1
64.82380091664432,0,3,0,12,0.1345316098934887,0.0812420528247555,2
176.0507470671199,3,2,3,12,0.1229352326722077,0.2575099047924863,0
148.30203990286813,3,3,4,7,0.2398684025636969,0.1558574143673355,3
85.24863239429213,2,2,4,11,0.0546802764377208,0.0352641555703634,1
54.612502472194656,1,4,4,20,0.2945448791285642,0.2364492446664623,3
145.28229516518982,0,3,5,19,0.0668276614385347,0.0908514076961612,3
88.75623110237173,0,2,0,7,0.2254614353147498,0.0935676323699505,2
108.23882645339648,2,3,3,22,0.0564765974449374,0.2099246285227174,3
154.99416367767344,1,3,3,15,0.1056131881494319,0.2048677066658835,3
64.43466600005615,0,3,1,11,0.013936662371861,0.0642351908290485,2
178.43329485390734,0,0,5,16,0.2927174017445866,0.046316247581056,1
190.5163795361348,0,4,5,15,0.2579362295744645,0.2407806450828594,3
49.60767254664287,2,1,0,18,0.2998287546329081,0.2228995323436985,0
99.31685383300412,3,0,5,8,0.0505771554132963,0.0106327348317165,1
161.18034417288132,0,3,1,21,0.1789528373199047,0.0951033652256221,2
149.9844576972678,1,3,1,17,0.2719217715402218,0.0872449983036235,2
155.4420709535853,2,0,5,8,0.2870806740239764,0.1757374116911799,1
167.74948171708036,1,3,4,9,0.2187058816705717,0.1479376331986339,3
147.34874004377528,0,4,1,17,0.0678231533322175,0.2452112986963083,2
96.53108165298354,3,2,5,18,0.2839958140377444,0.1323203426941188,3
102.08995423647488,1,3,1,21,0.2329395189508427,0.0984838491104283,2
92.53266356686092,0,2,1,19,0.1219609914019483,0.2056970892538019,2
245.14708142526715,0,2,3,23,0.0312398908411651,0.1780721304853715,2
102.9402172868134,0,3,1,17,0.0972772498748133,0.1176203284875816,2
190.7788740797536,2,4,3,9,0.0142166578528136,0.2655586602050381,3
86.13984423291586,0,0,3,22,0.2866159420625974,0.287599174512718,1
167.6369947330548,0,0,4,19,0.290793047873125,0.051578009483948,1
89.73213880605927,2,4,4,18,0.2403730336848474,0.0072304227299795,3
160.6292290986775,0,1,4,21,0.0100251453127678,0.0499821494552783,1
1.0,2,1,3,13,0.2946733647487029,0.0498662521297455,1
72.33607135659648,3,1,5,17,0.1263787274231961,0.1197849371952592,1
111.16511697761028,0,4,1,6,0.183369815242009,0.0155583249185205,2
118.85169189140063,0,0,4,21,0.0936275758971976,0.2369668880646963,1
79.69943233098067,3,3,5,11,0.1386197307544169,0.1224401663431943,3
81.89997305047481,0,3,3,22,0.2601663881414571,0.1324004805182069,3
66.25607517849411,0,2,0,15,0.0705822312404058,0.1261711377655277,2
142.4228228235032,0,2,5,17,0.1263887419059958,0.2781206604586737,3
132.96540597556637,3,1,0,17,0.2856154046645396,0.1421362247018603,0
167.27414839419598,2,1,0,10,0.162040968088288,0.255336504924074,0
149.06919961375166,1,4,5,18,0.2961431169616437,0.1694810322152082,3
104.65333881407796,0,2,0,17,0.0907747495098043,0.2493084934461567,2
139.40427203840682,2,2,0,10,0.2700839954921812,0.0542904943831759,0
51.191549076573104,2,3,4,15,0.2406249477479945,0.1663804621847796,3
165.28231840580963,2,4,4,18,0.0611943957742247,0.2649834087358783,3
44.593901794541445,3,4,1,15,0.0838725991135433,0.1799619621557401,0
66.31837117847424,2,3,4,15,0.1886554334478666,0.2399429707086574,3
131.99798453307665,2,4,1,9,0.2979763826772444,0.2352110604859074,0
189.95321170118265,2,1,1,20,0.2565358879860387,0.0362356826076458,0
88.58389578308186,3,3,5,18,0.0767034151446951,0.0238998486509731,3
157.47046468331234,0,1,4,13,0.2406323932010901,0.0710420018346403,1
85.29763430168857,3,1,3,22,0.2156194443831585,0.0858521993770821,0
121.8076490754018,1,4,0,22,0.0462053002828273,0.0343638189087327,2
148.7856268991333,1,4,3,19,0.2241163825867336,0.2810896745423611,3
71.34845368938893,0,2,3,17,0.0515595371876817,0.2811470488603454,2
122.97538833193308,2,3,1,11,0.0730545083794989,0.0326660489578051,0
1.0,2,0,3,7,0.0903908831202018,0.2573142402319263,1
104.587916337776,2,0,4,21,0.1603513377173174,0.1232261959924223,1
79.11052754604674,2,1,1,22,0.0675596832170025,0.0400241766787543,0
46.83893796010896,2,1,3,14,0.030690832779031,0.0393616281876816,1
58.924294375738114,3,3,0,14,0.0575045072139729,0.0896167775225976,0
110.17551802074586,0,2,1,13,0.1799095740577857,0.0498689422329487,2
171.34837022052048,1,0,1,7,0.2587078572677299,0.1121736085373226,2
238.589480474582,2,0,1,14,0.0163727030222621,0.2015951142884255,0
165.9710893907436,2,1,4,10,0.1742133990831775,0.2163962840321494,1
77.77612334044863,1,2,4,21,0.0875844080547995,0.1387930923923397,3
188.3878678980105,0,4,5,23,0.1436995625080147,0.0476672942234264,3
81.92588972112384,2,3,3,20,0.1044617259962134,0.2955560572332756,3
135.00363481631203,1,1,5,17,0.1978502165436059,0.072690823992063,1
61.85296583339424,1,1,3,7,0.0620838177532498,0.2482086943211388,1
161.62045486233404,3,0,1,6,0.1684797718353368,0.2568551005860569,0
179.4502879386435,0,1,4,11,0.2245349542292524,0.1848702336457255,1
107.1096567570655,1,4,4,7,0.1638619319679261,0.1416486492787823,3
150.65949022551945,3,0,4,9,0.0302691651692775,0.2444183328445248,1
29.324251340140265,0,2,4,7,0.2698310499056616,0.2563027034847931,1
152.12707960462546,3,2,5,6,0.1669684020735772,0.0166392524392446,3
48.3888308802062,1,4,1,13,0.0285453343682282,0.2842054624624163,2
32.51781325687479,0,3,0,17,0.0005028686364498,0.1576292768294046,2
161.99684036442954,3,0,3,6,0.2371212420548279,0.262046980269457,1
68.7957627481253,3,3,5,18,0.0996333154501206,0.292380197179041,3
135.61676334066837,3,2,0,6,0.1237280834405607,0.0927808336502417,0
49.60988342007477,3,0,1,6,0.1834575664842057,0.2200835425441221,0
85.40605729826945,2,3,0,17,0.223700357071498,0.1654041534516542,0
106.89478879374532,2,3,1,15,0.1336504079250302,0.2692591869214742,0
93.61869106747574,1,4,0,22,0.1792798185670001,0.0390679108320672,2
116.99524648328604,0,0,1,8,0.0387514000930849,0.1958899969069542,2
31.767566306530966,3,4,3,15,0.0513221190664805,0.0157348266048553,3
133.06152554321616,0,1,0,10,0.2193201198760502,0.0608423773300695,2
51.775159000519885,3,2,0,12,0.1555866980048582,0.2450810045223694,0
59.70065515949082,0,0,4,18,0.1829071231982617,0.2012610436013823,1
126.74853361818847,2,2,5,6,0.0516193285407553,0.1217987916772257,1
100.3788329889031,2,4,0,10,0.0966157107545868,0.0144793521675227,0
91.25691821616591,0,3,1,19,0.2622694569401559,0.2957935365556186,2
86.14620559720245,2,4,5,10,0.2926445093390531,0.2892414935161188,3
89.7945436753279,3,1,1,13,0.2596070471490553,0.2920671797753101,0
102.20129787809049,2,4,3,20,0.1147368406057163,0.2761219686385944,3
54.94299743990649,0,3,0,20,0.0110016654180453,0.1259407508535749,2
103.57690812253016,2,4,5,14,0.1607631376774835,0.0376162007718565,3
64.93111973887721,1,0,4,20,0.1964138568116362,0.2423993229493906,1
93.41209059041104,1,4,5,12,0.0466120675746473,0.021628780566043,3
80.74061861480847,3,2,4,10,0.0298084678149169,0.1160199845368905,1
39.67948330229356,2,4,0,22,0.0971056285424674,0.1613790189064851,0
110.87897681714811,0,2,4,9,0.1360449331177391,0.2865133562128663,1
111.23710597910872,2,1,0,10,0.1238367188814408,0.1627330655284988,0
108.52481537261428,0,3,0,10,0.1214164782243768,0.295377781197705,2
76.98928704614752,0,0,4,23,0.0936528214021824,0.206608789347323,1
189.65571638037483,3,4,1,16,0.2910618904368476,0.035988373425351,0
132.59288847578006,0,3,1,21,0.2197042819290008,0.0115756825337464,2
100.5566296358672,1,1,0,17,0.027435514033504,0.2468293048805609,2
29.239744012754585,3,3,0,18,0.1539163812109899,0.069697653864989,0
178.99148593618096,0,3,5,16,0.1464941940853179,0.2417635409528391,3
106.1163343082428,1,4,5,12,0.1165838698557394,0.118427325822148,3
127.03153630892928,3,0,3,20,0.2686669302096247,0.1488021795586458,1
75.48217017376584,2,3,4,16,0.2703542030047884,0.2346808730238243,3
157.644402256437,1,4,1,13,0.0207569401434646,0.2385880114654887,2
1.0,0,3,0,8,0.1539428318899395,0.2691301843779357,2
97.58958071787195,0,3,0,13,0.1565407018839534,0.27593843942777,2
141.04614395548546,0,2,3,20,0.1276854951172643,0.155312876934046,2
150.07652121872002,0,2,4,15,0.0878230163187155,0.0406450550766667,3
118.86821830676234,1,1,4,10,0.2022481737818631,0.2326444520821937,1
86.32578833475188,1,1,1,8,0.1955763542656498,0.0112246392334195,2
25.122551941991944,1,4,0,7,0.1107693876493537,0.0659595132139501,2
159.11201949292243,2,2,3,19,0.1008381918490795,0.0944265336178639,3
127.02120012652144,1,1,0,16,0.2398458511958262,0.1503454150771122,2
33.42091693211664,2,2,3,13,0.0933219536545057,0.2668477383744814,1
84.00117353244877,3,4,3,16,0.2322462115672739,0.135935664473712,3
146.79344146099214,2,4,3,17,0.1768457277296753,0.2231781822332138,3
74.907420526685,3,2,5,7,0.1975228287670222,0.1559819881797555,1
117.52498858956989,2,4,4,18,0.04263738220188,0.0665875758354353,3
95.92629134008637,3,4,3,20,0.2477964929899834,0.1994954184648762,3
111.44701075822738,1,4,4,7,0.2349502454876559,0.1158968449638063,3
85.17752427009711,3,0,1,21,0.2257014418339215,0.2368051722483772,0
12.68137601881601,2,0,0,19,0.2605107310990042,0.2715953350114479,0
75.67304827218429,2,2,3,12,0.2558509500303439,0.0948337070491343,1
93.2967375181812,3,0,5,18,0.1291653082774917,0.0589333936178405,1
56.12747094152595,2,3,3,22,0.27371849524708,0.0451504540443517,3
149.7295464417861,2,2,0,20,0.204975459621334,0.1488444368306738,0
87.19207783892769,0,2,5,23,0.2726162811099084,0.2267672250522709,3
48.82581068156533,0,3,0,10,0.1984786205415642,0.1254612352773105,2
136.4710969175168,1,4,1,7,0.0078557957520851,0.172072985667179,2
23.80706812762976,1,0,0,13,0.151553856396278,0.1929808328276529,2
129.49586164218323,3,4,5,21,0.0796530627562476,0.1717318987489327,3
87.82585891091338,0,2,0,16,0.0991570461044176,0.0447555202967631,2
19.7104570009201,2,0,1,12,0.2073202731534353,0.2331910757214249,0
44.06169185930767,0,1,1,15,0.0980972403776374,0.0536546103257273,2
153.13847997643995,2,2,1,12,0.2213403799666845,0.1119736533749137,0
175.68971275655215,3,4,4,10,0.0398399776976035,0.0508511054417469,3
6.55984708587647,0,1,1,8,0.0657446334153782,0.1625609265702731,2
152.37484574379954,0,4,5,9,0.2538171593454255,0.0383202937438612,3
65.80392373252624,1,4,5,19,0.0359980187774948,0.2536431163270824,3
68.96331266987218,0,1,5,6,0.0096708339290906,0.0578692307489056,1
43.68148019275073,1,3,3,8,0.0018716342950176,0.0504876469121431,3
95.15840499799133,1,4,1,10,0.2379436797095799,0.2995844355903936,2
73.56950178811287,2,4,0,15,0.201430009049553,0.1049069349234087,0
135.71187338658544,1,2,5,21,0.2998775934258021,0.1080154588098079,3
60.90765629883298,0,3,4,7,0.0631263039585397,0.0570499714085915,3
51.01286219951768,0,4,4,19,0.2516646316424239,0.0802808549261701,3
66.61576726533889,2,3,5,16,0.1230753687992611,0.1543451272444782,3
113.91510257815888,0,4,1,20,0.016661907982986,0.0976608599959442,2
124.9689830307898,2,1,4,8,0.2774508180002838,0.199708413769008,1
4.068295456963128,3,4,4,16,0.2407775954501076,0.0200026284205132,3
172.8611537532978,3,1,0,14,0.180511198383772,0.2578169006841636,0
79.5858993217822,1,0,1,6,0.0287126677822848,0.2384797720750993,2
183.42390821670045,2,4,5,22,0.0236759604943388,0.2104783641321051,3
122.30778689811332,3,0,0,11,0.2273427477669936,0.0253292145884967,0
132.5115754724773,3,2,3,6,0.2802992491110208,0.1264368465739409,0
83.28114466493399,2,1,1,15,0.1933090289678134,0.1611300111325469,0
64.60718762975358,2,2,4,20,0.0753535218445025,0.1634239193655492,1
123.73268228786726,2,2,0,12,0.2405435592907923,0.0396258380067489,0
82.02506116772909,2,0,5,7,0.0216348864347041,0.0520748834242821,1
164.97942388326032,3,1,1,13,0.0497256695980464,0.2805512214691487,0
146.38324556862682,3,0,5,7,0.2029242792766262,0.2179507110708617,1
97.68097570489635,2,0,4,16,0.0493980845357874,0.1397404043267731,1
115.49299721838403,1,3,0,22,0.1190647909972566,0.1658643723784954,2
61.09092608122501,2,4,0,8,0.274128410298146,0.0621133798506692,0
49.21167665379196,3,0,1,11,0.2430112376672587,0.0918699964339341,0
93.10184506284205,0,2,1,13,0.1697772451412514,0.0486406673626704,2
111.4879495971377,3,0,5,13,0.0183810487618784,0.2056384289010799,1
112.5428125798199,3,2,5,19,0.2725507923002932,0.0137007152521259,3
91.88244459174412,2,4,4,10,0.2826477364584013,0.1508364497751599,3
113.29662931591312,1,1,5,16,0.2550968598682387,0.1872429100711106,1
165.27364702853384,0,0,1,15,0.1192509058962047,0.2121682138815935,2
20.932238693497155,0,0,5,11,0.1593908388075464,0.2352625771360018,1
26.034612690830528,1,1,4,22,0.0848287682744499,0.2530312169405806,1
137.01501643807634,0,1,1,20,0.0214947903633455,0.2887720671358966,2
150.29294922329288,0,2,4,19,0.0053661325214613,0.0459012924521459,3
163.72175721364096,3,4,4,11,0.1687379613106718,0.2403527559480989,3
162.12186432628454,0,0,0,17,0.2347024152437553,0.0072653308008338,2
20.547605719333177,2,0,1,16,0.0006654985433752,0.1335501263976843,0
60.62160651369521,2,3,0,13,0.1566692806257257,0.2081737024427592,0
153.65104974018112,2,1,1,21,0.1520457554701832,0.0203399528842187,0
34.26813021039973,0,4,4,15,0.1616439628728413,0.2179831207824237,3
101.20105138749224,0,3,5,8,0.0464922473369272,0.037475461930787,3
122.00739303498791,3,2,5,12,0.0508198867492716,0.127718874868721,1
77.82951633907257,3,4,3,22,0.2503396980919016,0.2278223247272796,3
42.45144189131314,3,4,3,12,0.1873327634776141,0.2906120038430691,3
51.00671021512838,1,4,1,16,0.0760659227304991,0.2016936748508009,2
96.15719049764724,3,1,5,6,0.0572601246154371,0.1547150415969554,1
191.37209705568972,1,4,4,9,0.2956245600078799,0.1053110848810004,3
99.83628104720884,1,1,5,21,0.2667397327646655,0.0444438891951902,1
95.29126076353504,0,0,4,10,0.1559956678088635,0.2141753869386128,1
56.971510528871896,3,4,0,13,0.061781206950582,0.0685843248302025,0
146.8513365704422,3,3,1,10,0.0865528631612166,0.2426181731406727,0
112.40203214479024,2,0,1,23,0.0423069018522863,0.2307319895964782,0
32.826486023522094,2,2,0,10,0.1065159680668474,0.0973715753671411,0
17.10335031395205,3,4,4,12,0.1082462792526993,0.252013571963689,3
82.27046837485094,2,1,4,14,0.0072695438811079,0.0972248595093775,1
85.45674149046626,3,1,5,21,0.112117767382873,0.0891373141667162,1
98.7279092260559,2,1,1,20,0.0369316762928529,0.1353973065870354,0
53.634637303468,3,1,4,21,0.1793507347047796,0.2053692743005435,1
127.92422603896166,1,0,5,21,0.0918952805594113,0.2904844082409665,1
125.29365911014588,3,4,5,21,0.2705128664025049,0.0555463670689622,3
13.898820959269033,2,2,5,14,0.0077534113340146,0.1722654854505371,1
172.9328761468831,1,1,1,17,0.1145264229685825,0.0205210363813486,2
65.9130032942566,2,0,4,13,0.2730534633173087,0.1313974382333001,1
121.37496604460088,0,3,1,10,0.126747717436574,0.1323953348060357,2
85.32387680592942,1,4,3,21,0.2923620054888829,0.1340242629936368,3
27.42409407858136,3,4,1,11,0.1750380125011181,0.0703513160971533,0
139.2773159949014,1,3,1,18,0.2958950648977658,0.1928895659621566,2
132.02533409785462,2,1,1,7,0.0769403889222646,0.0620763452851723,0
11.72856512371466,1,4,0,14,0.0092088866452434,0.2764893284611724,2
143.24246116494572,0,4,4,21,0.2121482452417735,0.0604221376775101,3
156.37271835612748,3,1,5,11,0.0636995318913109,0.2235456013554602,1
147.4574580837422,0,2,1,16,0.0852018445067217,0.0678998050556989,2
125.79276640126648,0,2,3,14,0.265704299794648,0.2713787536462348,2
114.65255454607777,0,3,4,8,0.1185200677215087,0.1652506204635857,3
169.46425645467994,0,3,1,15,0.1633205835375804,0.0703034156958372,2
47.10316689955455,2,0,5,11,0.2309174324531805,0.1859136226506869,1
6.614100092015931,3,3,5,20,0.1796309682512144,0.0021522143917901,3
79.26488066365164,1,3,4,16,0.2456523103676752,0.1374323682815775,3
72.05786514643708,2,2,4,15,0.1055465980224304,0.2110430100029129,1
93.80035131462157,3,1,5,9,0.107494642975436,0.1871961504038902,1
78.0990719103456,1,0,3,11,0.2283788253067907,0.140966172330047,1
178.74743496538196,3,0,5,8,0.0151621632768014,0.0288654392477075,1
79.04575740064621,2,4,4,12,0.0639525669994483,0.1609715719791116,3
95.5543704548269,1,1,1,20,0.0811987440971592,0.1248842207981592,2
38.17221999256329,0,3,3,16,0.0249771421116139,0.0502257077228091,2
127.66487122006654,2,2,4,18,0.1353764057360296,0.2611501500675929,1
143.05922688818904,3,4,0,13,0.2434322256004739,0.2558275500752656,0
52.77116400395457,2,3,3,19,0.193772277631119,0.0099137742304674,3
83.34228339613519,2,0,1,7,0.2142133725959595,0.1231668408197996,0
66.95528315069086,3,3,3,10,0.1162455284981376,0.2279091962182012,0
102.31917789582718,1,4,1,20,0.2629737476433809,0.0919208706744561,2
153.01443204436583,3,3,3,18,0.2386058304899797,0.1011469806707586,3
122.8478091086058,1,4,0,12,0.2928008570641843,0.0428950210285546,2
80.51596788502222,3,2,1,15,0.2333454841151986,0.0747560898826025,0
122.69945321897724,2,3,0,9,0.1532500719485416,0.2965567562227429,0
78.51403054504169,2,0,0,16,0.0469343939009401,0.0419824052871692,0
124.45287502707778,0,1,4,23,0.2557977757619738,0.091477797637084,1
117.8314808050801,1,1,3,16,0.0858033943607407,0.2389344169074682,1
112.53158371707318,1,0,3,23,0.0914172575801462,0.1433902296568075,1
116.69188095386818,0,3,1,18,0.1745504585786453,0.2328333485916259,2
80.32268400634062,3,2,5,20,0.169079093561709,0.1130663470211419,1
141.34446099083544,3,4,5,6,0.1439513696165416,0.2611746637618889,3
118.6484668604787,1,0,3,14,0.1438474279073434,0.2196878503408557,1
70.16983225458227,0,0,1,15,0.1800632046849115,0.2668293534354199,2
116.64098994715977,0,3,1,8,0.0113004779711161,0.1435979074192474,2
129.9605585573183,2,3,4,18,0.1723479135605097,0.0155309117273526,3
53.44059837732289,2,2,1,18,0.1827486092300715,0.1523059667568578,0
188.08351160684387,2,0,3,8,0.13073363084355,0.2117304095979985,1
1.0,0,3,3,11,0.0408891163391265,0.1670121142367743,2
55.92293639630835,0,4,5,17,0.1299696634413134,0.0732943971472655,3
145.87996351298148,3,4,0,19,0.0844302663676604,0.1766805019158224,0
1.0,2,4,1,7,0.0103670612861789,0.0874756487173804,0
101.15412778512024,3,0,5,17,0.2653397243696557,0.1535518336932891,1
93.75737907866656,2,1,4,9,0.284710732791732,0.1639996829178847,1
160.97465112833146,2,3,5,10,0.2530701090695124,0.2599302789956801,3
158.42982963977445,2,4,1,21,0.1648578214145255,0.2537078577962793,0
97.54603978865906,0,4,3,21,0.1195527371931968,0.2649296489771063,3
96.86152877532946,3,2,1,9,0.1496201265009773,0.2975850388294335,0
113.52988580578268,3,2,0,18,0.0314625379930339,0.1085542619532329,0
116.7629997474686,1,1,5,8,0.2501086100599707,0.1625031601511916,1
159.4250507017353,3,3,0,18,0.2576788752499196,0.2500677413399455,0
52.82692106528256,2,3,1,15,0.1662913879909748,0.0370919323627441,0
148.68834679695465,1,2,3,12,0.1993069969429299,0.0013693059450239,3
57.23265021303664,2,4,0,6,0.2219681148350673,0.1945016149150323,0
191.5573537627316,3,1,3,8,0.2970918774677266,0.0861336382296667,0
141.46460556709408,3,3,3,20,0.0378501929916392,0.1565191925736531,3
110.46731679477143,2,3,1,14,0.2764501844123949,0.0201394123046086,0
72.56418293258662,2,0,0,6,0.2090857799131912,0.0095068660027178,0
104.30112125204478,0,4,3,23,0.1280076447971653,0.1010068899631371,3
97.9873550789586,3,0,4,10,0.2259153309842398,0.1419126288112762,1
69.83856641848118,0,4,5,18,0.0191114645135234,0.2169332071201039,3
42.682369557745936,3,2,3,17,0.032952046194008,0.1074256384772246,0
67.22287320945293,0,0,0,6,0.0252671153213221,0.1931703813373812,2
113.7831598817129,3,0,5,22,0.1531862582440165,0.2939590541140749,1
172.76213204102322,3,0,5,16,0.2817658418811739,0.2610200008120674,1
31.15191727820532,2,0,0,18,0.1100789906792973,0.1160887617115332,0
151.49366702562912,3,0,3,15,0.2403890703712821,0.1199549923921866,1
104.35273184037943,1,3,1,21,0.0285380972705586,0.0648833691060282,2
81.94897411988568,0,4,0,23,0.0099644221676447,0.2060138046126046,2
165.23871670217045,1,0,4,20,0.2974529323839031,0.2921260829632298,1
122.5498685216307,3,4,1,20,0.2196708187275305,0.1236779652189264,0
118.33638760929064,1,1,1,12,0.0819229310426453,0.2038889251935309,2
142.78676259880953,0,2,3,12,0.0863206942422218,0.2818846133379024,2
99.04197512091793,2,3,5,14,0.0462627512498494,0.1980537169629761,3
132.40390056067534,1,2,4,13,0.0899213165268279,0.0718013231436211,3
170.36498532672942,0,0,4,23,0.1280621985834543,0.0834264424785343,1
28.800307515199407,3,4,5,23,0.1666850533148912,0.0885480409812275,3
40.93887761958088,2,1,5,14,0.016186538870288,0.1605580932748659,1
204.78451649801823,1,4,3,12,0.2614223594891579,0.2789091570429331,3
1.0,3,3,0,6,0.1918383247301777,0.2191397003731668,0
65.20317987746427,2,1,0,8,0.1431238575305113,0.1197523014646611,0
108.15331719427888,2,1,0,7,0.0180465805236158,0.1354943666833507,0
185.88238433404032,3,1,3,10,0.2259744932616144,0.2491800600794563,0
83.46519272786131,3,3,4,13,0.2876000371586499,0.2369644136574913,3
157.4568524234267,2,2,1,9,0.2000309525783097,0.0339168101611925,0
126.26537312510752,1,2,0,17,0.1691710043188295,0.0104567122875931,2
5.428805407504669,2,3,4,12,0.2778227970357023,0.0927255457434308,3
74.42073973968509,3,2,0,16,0.2677249710725546,0.108582318082748,0
40.608579331451885,2,3,1,11,0.1089861164768188,0.2033081572121622,0
203.68893414016415,0,1,3,6,0.0794641022644194,0.1481452854977164,2
171.7822360049609,1,1,0,22,0.2868046273302417,0.051095064169675,2
160.61840589509518,2,2,3,21,0.054306331985749,0.1949756899430767,3
7.755981358094729,1,0,4,10,0.0132367490474029,0.2348576786645845,1
82.43052660426042,1,0,4,13,0.0956988793206578,0.1675629461890686,1
95.31688375553613,1,2,4,20,0.248272663524106,0.1143970142953967,3
58.27856332411762,1,1,0,11,0.0673773601377464,0.0781965624748831,2
54.245812469456666,1,3,1,9,0.1289591996982128,0.1519060238769151,2
106.67216395219904,3,0,1,10,0.1563324489680713,0.007251038202261,0
144.34108562136913,2,3,1,11,0.084226934175567,0.0267506039570393,0
50.68127039738288,0,4,4,21,0.0918122958641823,0.0147106576729211,3
123.27960876975992,2,4,0,20,0.1237940782057511,0.0574648422260614,0
72.09620338570525,2,4,0,21,0.0871693521884478,0.0777707053498755,0
185.70821787077784,3,1,0,22,0.0788711338108762,0.2061255097429611,0
37.48432085203432,3,0,1,7,0.2779182355232397,0.2754335440565514,0
206.04204739745592,1,1,4,22,0.1649759573659663,0.2865884398768538,1
129.85362805056792,3,4,1,17,0.1451838421542629,0.0326123750623004,0
70.24251108667758,2,3,0,15,0.1069986367384101,0.1620116144464509,0
126.71882814200237,0,3,5,10,0.1060410703922628,0.1305351246775857,3
9.672029688272543,2,2,3,19,0.0949168024210686,0.2629013749459079,1
171.2716639764816,3,0,5,19,0.175085413527877,0.1602300252515981,1
124.74356001008118,1,3,3,15,0.1857518365973274,0.2597872205526048,3
104.92008334074345,1,4,4,9,0.0429190800842155,0.2697761532017494,3
108.18168818343968,0,3,0,23,0.0780191490161391,0.11399814066425,2
132.9670497534556,3,4,4,6,0.0700000954341874,0.1421791819981058,3
140.84489556532802,3,4,5,21,0.0665368646618694,0.1514203380219014,3
36.90551086366126,1,1,3,11,0.0469723306818966,0.1650656148580795,1
129.3901927004736,3,1,3,19,0.1062791317877268,0.2172240520313964,0
170.5823251959779,1,0,4,14,0.1073093956975331,0.2690762236952736,1
115.61936217058224,3,4,0,14,0.2191850637649564,0.226772739659372,0
122.67142446111748,1,1,1,6,0.1043097308982316,0.2762257387703814,2
134.86966630976394,3,0,3,19,0.2540758668414181,0.260036355882569,1
79.77341298742039,3,3,3,11,0.2711089318610603,0.140382768796588,0
186.98326259852251,3,0,4,9,0.031828982632945,0.0407766784091121,1
50.06746548260965,2,1,3,18,0.0496735668999549,0.2687183852723444,1
64.86711274416746,2,1,0,23,0.0211116072355491,0.1652672179098346,0
132.53698520465792,0,4,1,7,0.1565073149101409,0.2366101479039861,2
1.0,3,2,1,8,0.1840656262455114,0.0579330963197275,0
73.90521311958797,3,0,5,10,0.0343265752805048,0.2575399775971811,1
118.76347245216488,0,3,1,12,0.2986389799209406,0.1118911193413261,2
35.30913174660536,2,3,4,11,0.2630597769066151,0.2948265951847419,3
64.18260304320498,3,4,4,7,0.1414245075270639,0.1862420086013113,3
186.9848703560033,3,4,4,18,0.2909334879933752,0.1213567225328181,3
172.90298883245518,3,1,3,22,0.0597293419871396,0.1905943362177387,0
192.0018311550837,3,1,3,11,0.2852847479550586,0.2158163522477499,0
184.33256768339487,3,0,4,12,0.053288722631067,0.1561181233868614,1
85.54760619694237,2,0,0,15,0.0866730801715614,0.1339489041546438,0
135.93263141278732,3,4,4,18,0.014326840392773,0.2332637329573667,3
79.24776997811826,2,2,4,17,0.1095503795218071,0.0233430447049719,3
181.90277991854705,2,0,3,7,0.0362315583306731,0.1234493431938986,1
69.78552841954254,3,4,0,6,0.0399336185253977,0.269651010033326,0
1.0,1,1,1,8,0.0044994042702732,0.110365161672614,2
137.68678185892242,1,3,1,6,0.0262499949864777,0.0333435118368051,2
53.0522926015566,3,4,4,14,0.0424472358889753,0.270021856663303,3
24.399684396921188,0,1,3,9,0.2575524684555108,0.198708869314922,1
67.40449823071816,1,3,5,12,0.1952199518804822,0.0978209434440626,3
1.0,1,0,3,7,0.0702396201035418,0.1840878522767731,1
53.00663899892594,0,0,3,12,0.2189728135983747,0.2344396083069769,1
134.5029169904333,2,3,5,21,0.0177040806372719,0.2315242334098079,3
92.4173163982898,0,1,3,21,0.2533313561796483,0.252817956824529,2
158.0839115661615,3,3,5,19,0.1330102362123084,0.1350852837313191,3
71.03636913557791,0,0,1,14,0.2570998908778423,0.2005106391390453,2
79.55290553793643,1,1,4,18,0.1879053201407657,0.2175786751437189,1
102.1927548849871,0,3,0,19,0.0756208430181272,0.2952635081612025,2
121.90682860707288,1,0,4,23,0.2460735368293163,0.1646651699776038,1
160.03538755918433,0,0,0,6,0.2034826469911141,0.2471479651939696,2
81.36288779856554,0,4,1,15,0.0494616413098538,0.0568640266829514,2
90.3378778770518,0,1,3,13,0.1916940684856528,0.2996283909266684,1
47.18879796659835,1,3,5,6,0.1514109725658677,0.0303078741832163,3
133.96304404443572,0,2,4,9,0.1906830381198204,0.1617147117182583,3
20.37563971775401,3,1,4,12,0.1176762416184002,0.0063795423054549,1
119.5658883105268,2,1,0,13,0.2111674334513627,0.1743720125823327,0
48.27306845758565,0,2,1,10,0.0009094741171074,0.159441720631187,2
85.65972953332304,3,2,5,23,0.0241634449480736,0.1971528478827618,1
99.28402786421135,0,4,5,8,0.0760277753902004,0.2771843056145337,3
71.4873403585955,0,3,1,19,0.2046976981163802,0.174180602008062,2
27.783488328864124,0,3,0,14,0.2325123781285667,0.2927073920837116,2
2.827842384454144,2,2,5,8,0.019344316834248,0.2770919706106072,1
113.90627447680524,3,1,1,7,0.0085837002077913,0.2845610215502416,0
75.75800379155676,3,2,0,18,0.2736022316130483,0.2096994413062524,0
124.02501165678292,3,3,0,19,0.2287151137511969,0.112976513442937,0
73.7821218704614,0,2,4,15,0.207572646536915,0.2652803682864152,1
166.4536048497048,1,4,3,15,0.0708427894942737,0.1706798159796854,3
79.23863853695894,3,2,5,19,0.1103475167975321,0.1209007557195828,1
129.7349264990406,0,0,5,9,0.1078260756118463,0.268957791943364,1
102.0606387514001,0,2,3,16,0.2247795896835652,0.239374884478624,2
79.1891190050338,2,1,0,11,0.2108669899037992,0.1406856049728803,0
110.77750003226458,2,3,1,20,0.094674133889149,0.2580715204260664,0
69.01241716644596,2,4,3,23,0.294083841372688,0.1536114405615913,3
46.77672304501892,2,0,4,16,0.1696261967247652,0.0775893030620788,1
102.28613978427228,3,1,5,16,0.0118669849156521,0.008918921487233,1
143.22859862486342,0,4,4,13,0.0198630719653866,0.2129603873238443,3
110.31382029224508,2,1,4,23,0.008839462374831,0.1420867186402522,1
120.77375757531246,1,3,5,13,0.2439151086233353,0.1081197616710863,3
140.82772587827992,2,0,3,15,0.1896002481258195,0.0359682570862117,1
65.42938978617977,3,4,4,16,0.0208983180915976,0.1593406007643647,3
16.485299712207464,1,2,0,7,0.2254729168921377,0.0742399999415639,2
58.83519653711453,1,2,3,8,0.2073678749974096,0.2619747319804339,1
105.91879426661934,1,1,0,14,0.174305077528326,0.0523489093325425,2
34.654938552564104,2,4,4,10,0.1118736467559723,0.2810176805233998,3
151.6446742045836,3,4,4,8,0.1820442784693418,0.1474645292731891,3
40.2731246481874,1,0,1,15,0.0740915396620759,0.0366432982009704,2
176.85689054409,2,4,4,11,0.1943542977921831,0.2630478601104404,3
53.31231319299515,1,4,4,10,0.1305070774647315,0.1457526666203961,3
101.48695154780778,0,3,4,8,0.0958602434139906,0.1369076987746591,3
41.59940380781475,3,3,0,7,0.0699534859469048,0.0383316800213004,0
124.77493345700904,3,3,5,15,0.0390371797718601,0.2126298526099228,3
207.98696303305,3,1,3,22,0.1838600986583575,0.0966811614596551,0
74.55117358046483,2,3,3,12,0.0787935335265938,0.1511940182854969,3
16.894264322427972,1,2,1,12,0.2819285346456003,0.2685892655560069,2
51.7776864801267,2,0,0,11,0.1171391620618905,0.2583636927435362,0
137.0560006441631,3,2,0,13,0.2383890507108615,0.0274947609429154,0
111.39955818545305,1,2,0,9,0.0478457553258105,0.2083519113980796,2
110.53425941477394,1,3,1,15,0.2670583674168327,0.2583652115754356,2
162.57644346069495,3,0,3,18,0.1464542453031389,0.2633351877246428,1
87.39754376825721,2,2,5,21,0.1415735968020901,0.1547368117141877,3
71.08899166895401,0,0,5,21,0.267676531628357,0.1015043431094119,1
38.20418123816983,3,2,0,14,0.1186136312786661,0.1636758866639778,0
77.62014047417932,1,2,3,9,0.0081091053837461,0.2483555181466829,1
69.14608953947814,2,1,5,18,0.2623291319664882,0.1872535798340308,1
162.17728005489033,1,1,0,7,0.1611424939077076,0.0715939926760311,2
38.49849620389902,1,4,4,11,0.2839196228006932,0.1242369882460533,3
69.2323616619283,2,4,1,13,0.2409004820795477,0.253174464041402,0
167.86623309632213,0,0,4,11,0.1883628884843296,0.0430318572244214,1
95.8460779518058,2,4,3,21,0.015507722233014,0.1373468972028577,3
123.88005638311468,0,3,3,9,0.2520666099695752,0.2086485059292942,2
156.50810929295818,3,3,4,16,0.1712899186515075,0.2250021061015841,3
33.444695062930194,1,4,1,6,0.0232944379372428,0.0373990782388791,2
106.03273235954433,0,4,0,21,0.1315185807997423,0.1000934552512619,2
129.36966932087773,2,4,0,19,0.2181644275868973,0.2393758536653936,0
20.60626155693093,1,0,0,17,0.2350938995989125,0.0358190610449489,2
118.74240391664102,2,2,0,23,0.2576021387303021,0.2470038983945225,0
182.5374172152609,0,4,3,18,0.0168361050128942,0.2792196535401667,3
194.33607796287765,1,0,1,8,0.2121227576009162,0.0203413759500682,2
124.9157210226619,2,3,5,22,0.1618497287572716,0.2568393716512417,3
65.61576896183557,0,0,1,11,0.0442524903494017,0.1637871403109541,2
157.233249212437,2,1,5,7,0.1324671241690197,0.153000287038744,1
145.77267605386822,1,1,4,15,0.1561503193012006,0.0378166809537412,1
1.0,0,2,5,8,0.1372570933805519,0.2487833250861239,1
156.1079425207553,3,2,1,22,0.0465760409631126,0.2300350352492356,0
71.36554047860176,2,2,0,18,0.1975653295552519,0.1689700831143755,0
45.1673777199492,0,0,3,7,0.0423741803095691,0.0754984017330799,1
79.09836526574307,3,3,5,11,0.1095182348653367,0.0174937435934884,3
144.3691182070567,1,0,0,19,0.0367378318176513,0.2485122657272611,2
71.5913886038852,1,2,3,7,0.093182674567542,0.2361076814270302,1
80.76219983946443,2,3,0,19,0.0946306858399832,0.112647144362543,0
102.63361049076092,0,2,3,22,0.1781666163755102,0.1425269229854346,2
45.10057162901013,3,1,4,21,0.2594489307739079,0.0943974776490911,1
158.90128415961442,3,2,5,7,0.1013124982516011,0.1473567812178377,1
117.07797367239816,0,4,3,13,0.1627013936672246,0.0800021078368668,3
182.16356638429676,0,4,4,12,0.0275448227087348,0.1586663216196511,3
142.16533372164776,1,1,3,15,0.0612809301963586,0.0575345067689033,1
77.88855370612555,3,0,3,9,0.1870000453709205,0.1774322081757588,1
120.71007997150284,3,4,5,21,0.024791315208013,0.0973263445683626,3
138.0674281686717,2,3,3,6,0.0836183716092169,0.1094395222461092,3
82.42315618756976,0,2,0,10,0.22573817675578,0.2642290286930234,2
78.86005726950683,0,4,3,18,0.0683212428010907,0.1331721737905487,3
34.07909299368053,2,1,0,10,0.1741900092664757,0.2653966288599195,0
156.7820633837403,1,1,0,12,0.0727902697823524,0.2026474385757666,2
93.88383089336274,3,1,4,18,0.0101244505670858,0.0968862053756255,1
79.663430924241,0,3,4,8,0.0442258348088781,0.1640430660764834,3
83.4002770559962,2,0,1,13,0.2018224514699245,0.1311218634724117,0
150.74471710315044,2,3,1,9,0.1351887281202968,0.0631106649943992,0
18.705398631275187,3,0,0,14,0.0608234718322634,0.2848459323297836,0
61.73644354610664,3,2,5,19,0.1871205328680095,0.1092495529220333,1
63.469522930928605,3,0,4,21,0.0231131527371481,0.2679215165725224,1
54.62694425501004,1,1,4,19,0.015041530616742,0.1535414813559708,1
65.74420101786347,1,1,5,10,0.1904227549811226,0.0244100186035822,1
94.38620656749156,3,0,0,7,0.1489600625198162,0.1240959967225446,0
34.06663859856707,2,2,4,15,0.1101303257314578,0.1541754652994731,1
61.82561876431871,3,1,4,13,0.0243747101030431,0.1371205664563973,1
144.51302657336004,1,2,0,17,0.1952572355730263,0.0832722192368143,2
45.06725184389582,3,0,3,19,0.0017159915984346,0.2024915544271888,1
1.0,0,4,4,23,0.0724595069693533,0.2221092742308305,3
111.80490820853552,1,2,4,17,0.2648711349737803,0.0154800342275928,3
102.29039842657984,0,0,5,7,0.2731030493557792,0.1618281559880884,1
43.67861555586221,2,1,4,13,0.2695470087625667,0.0823935013422061,1
125.17713783583817,1,2,1,10,0.0757534520852668,0.2905343530945694,2
24.044735437871797,2,2,4,16,0.0942561983679017,0.2932709675442161,1
39.03568070869687,0,2,3,23,0.2246603654511658,0.1151519745884876,2
90.17053015278344,1,0,4,8,0.0854049053367349,0.0685018987735048,1
51.69289856050819,2,1,0,14,0.1595879840815236,0.0139913271448206,0
137.240552459838,0,2,5,15,0.1402301252459143,0.2175720469756103,3
76.6101268011933,0,1,3,21,0.0491426149212828,0.2753764212423072,1
102.4274272340518,0,3,1,8,0.2821019234670429,0.0364127072320853,2
84.98676410405845,0,0,4,17,0.261545188154945,0.0417626904108075,1
39.670923564626094,3,2,1,10,0.19038945899459,0.2655429663335854,0
44.26130694813765,0,3,0,14,0.0817755584497702,0.2239338312476845,2
136.36651424515017,0,1,1,17,0.0192815978609502,0.1261724380616675,2
67.12292080683662,3,3,1,15,0.0837327536795635,0.2227345009170118,0
136.10134791782218,2,1,5,10,0.2407344236608021,0.182105025651312,1
52.098904615735606,1,0,0,18,0.2732094859804275,0.1476043372215965,2
183.8894877372751,2,3,0,11,0.0748281505369549,0.1721500975834172,0
108.29729314061576,1,3,4,8,0.2775782570318919,0.1342900927392258,3
75.72759330099119,0,2,3,22,0.1270733921538626,0.1027779224776561,2
28.289220132151527,1,3,5,21,0.0648158171889955,0.1576254137968361,3
136.01293294163875,1,4,5,17,0.0356025122546164,0.2477806712132678,3
144.63921891134942,2,0,1,15,0.2278057007540682,0.0007718944167275,0
92.88597516036111,2,3,4,23,0.2165619462198288,0.2054852725217529,3
113.96579208862524,3,0,5,22,0.1426095856540823,0.1197895105276754,1
38.11786369359857,3,3,3,9,0.0098234662392151,0.0057119440994736,0
89.31616155650691,0,2,3,7,0.1494630945843337,0.2007786257198079,2
107.81639577605512,2,4,1,11,0.0139195661620501,0.1587967561485303,0
96.52829657603353,3,1,0,9,0.1678250791394885,0.1157544519483568,0
142.62042050799874,2,4,1,10,0.1889127537238329,0.0381670568578146,0
106.42255336231466,3,2,3,15,0.2716856658972248,0.0470919868124747,0
64.01205776365576,1,2,3,15,0.2325919767771468,0.1882541535194251,1
96.12459944268568,2,0,4,18,0.0022796411190613,0.0240199714854067,1
135.92982616250185,0,0,5,7,0.0600555501399258,0.0314570902220683,1
53.35684441032034,1,1,5,18,0.0410126912950533,0.0046472852362167,1
43.87578381385669,3,0,4,11,0.1707843490128995,0.2934903113982093,1
163.45936294255955,1,4,0,21,0.16486060262747,0.2253314700532629,2
10.928755022418445,0,4,4,7,0.2073585923985895,0.0755325262649134,3
115.72373055603734,2,3,5,9,0.1838587167449242,0.2773288595424402,3
89.53676441677953,1,1,4,7,0.0004490445450523,0.2126447884229055,1
80.26108716231587,0,4,4,6,0.1087309705454956,0.0668793258426887,3
186.50859024928107,0,3,5,20,0.1123835520143634,0.0183277551871351,3
121.99757017015553,0,3,0,19,0.2865914989993003,0.2913795833063263,2
96.92089063836046,2,0,4,14,0.2210992464153204,0.2340770618127171,1
67.53409974417917,1,0,3,18,0.1490715336825227,0.1479353897719523,1
138.83212446688947,0,4,5,21,0.0257212924501556,0.0766203167243364,3
24.59928136835859,1,4,1,19,0.1224345731832657,0.270251312692282,2
140.952746921035,3,0,1,12,0.2961793122204491,0.0414799574129601,0
128.75539104948854,1,4,1,17,0.0171275562145029,0.269300364103313,2
117.1374502717713,1,3,4,15,0.0906723055376177,0.08728917697981,3
1.0,1,1,1,12,0.0301333232701523,0.0747451704753955,2
48.9468500896572,1,1,4,9,0.0101927460953853,0.0514906021963293,1
150.77974048755524,0,1,5,18,0.0867145020274451,0.0457490608857706,1
105.9595406503796,3,0,1,14,0.2206843723668668,0.0143825660280734,0
149.06079420366913,1,0,1,7,0.0628039133676429,0.2017795817191031,2
106.352134600745,0,4,1,20,0.2363657426791424,0.2902915587689956,2
19.73914921520283,0,4,1,10,0.1405320162767513,0.1033290702483276,2
41.36158399374533,2,4,1,13,0.1803664872043894,0.1677697358077917,0
74.73275538998516,3,4,1,8,0.1904203622542077,0.1338642351363877,0
32.66282407407304,0,1,3,15,0.0697962764715145,0.2919287790446966,1
1.0,3,2,3,7,0.1152573638486048,0.084932869257329,0
157.7764888178729,0,3,5,18,0.1257890318089836,0.2166472826179211,3
161.18620212523606,3,1,1,7,0.089628154373943,0.2074067481610275,0
63.64012757034627,0,3,5,10,0.0477133580229297,0.1208810991508524,3
81.09031574463543,1,4,5,16,0.2099367895070637,0.0607658623486314,3
171.73493664806938,0,4,3,7,0.2524908648353282,0.2129046201066104,3
91.29934423369214,1,4,0,13,0.1303134783997728,0.2534288466808763,2
68.80242918793661,1,2,1,21,0.122048318168207,0.1863449048620397,2
137.40978921970736,0,3,4,17,0.0637755877479756,0.2499233423358036,3
123.84067975123024,3,4,4,21,0.0046303395742972,0.1810160354919617,3
85.91763088725347,2,4,4,22,0.1636645551607225,0.2716881195448271,3
1.0,3,3,1,11,0.2108681906329865,0.2480264954855696,0
121.62176938280302,0,3,5,12,0.0035571645211637,0.2594026556228768,3
39.61668235490327,2,3,0,9,0.1579506337398048,0.0161421090977049,0
163.9205447630944,3,4,5,6,0.2421662031104431,0.181701906881168,3
14.999011609489417,3,0,0,16,0.2021871601374727,0.1963332156188141,0
92.0674408265494,0,4,0,21,0.155542388968019,0.1524553539828824,2
62.25290669101239,2,2,5,19,0.0044065592371543,0.1391443224138428,1
65.59314689242052,1,2,5,18,0.0624033635648825,0.1345247199362278,1
74.50837417490996,1,3,1,22,0.2262437428179426,0.0658174888582328,2
107.16948731802292,1,0,5,12,0.2113632402453937,0.2742040207444843,1
141.10210019644714,0,4,4,10,0.015880851200147,0.1786416559239694,3
161.66959662046906,2,2,0,6,0.2585425242699797,0.0939026713654369,0
59.02566306746655,3,0,1,12,0.1584988355101023,0.0582665478645473,0
60.12697385967881,1,0,0,8,0.1956591151428278,0.2251626539697667,2
166.0658101401702,1,2,5,19,0.1973461283311396,0.2612300194807166,3
125.95347696861104,3,0,4,16,0.1325066526643832,0.1718042749652003,1
86.70723522765708,3,2,4,11,0.0950232459100261,0.1930362091418178,1
72.60923816367026,2,0,5,10,0.1313781267986426,0.022117035467945,1
32.76553998750235,3,3,4,11,0.210100751934306,0.1584412464257858,3
100.04286671229822,1,4,5,21,0.2937541637690164,0.2738485256388671,3
63.12830555080124,0,1,0,15,0.198966420093683,0.1097428310104647,2
60.6985862798383,2,1,3,22,0.0905217470635749,0.2982090386858216,1
1.755135851157803,2,4,4,17,0.223819592360895,0.1891430219361212,3
85.50279668166604,2,1,3,11,0.1852062334896727,0.0801588317561881,1
143.5267771519126,0,1,5,10,0.2247459673662425,0.1324510158751236,1
147.8963432668119,1,2,0,14,0.2547569120376879,0.2472028526356773,2
160.09833172591468,3,1,5,21,0.0701485279507389,0.0969587461949463,1
88.57840394668207,1,3,5,14,0.2085319150846676,0.0398182740388154,3
73.31593500671569,0,0,1,16,0.1408904786582537,0.1043071908696565,2
131.06951682691505,3,0,3,10,0.2933945685998158,0.1424566592563197,1
212.8928150128824,1,1,5,6,0.1121014088341322,0.1901593022091475,1
1.0,1,3,1,10,0.1900790005597043,0.0194140285124374,2
119.89475467329744,2,0,0,7,0.0557838308522337,0.1242795529616269,0
42.66974018272387,0,2,5,19,0.0319724489989477,0.0047554843314097,3
62.48556654129807,0,0,0,15,0.0529197530023562,0.1680691898484922,2
107.6516958687194,3,3,5,21,0.1754269544738918,0.1904656111463098,3
116.99236944826656,0,2,4,22,0.0326910378678899,0.0955733563836311,3
46.78776440333879,1,0,0,13,0.2277002108611752,0.0262611419671346,2
182.26909163535677,3,1,1,9,0.1072778044831807,0.0738972307112035,0
200.93624564861184,3,2,4,20,0.1432019816906584,0.1585328294063812,3
123.10371279487585,0,0,0,17,0.0966314581930543,0.0291296066508187,2
32.83866760258407,3,4,1,11,0.0047529483317262,0.0147337164917056,0
24.639571707188253,2,1,4,15,0.1420722283970395,0.2209060097219036,1
103.63221065216528,2,3,1,15,0.1753584757920738,0.0285885986837181,0
140.72333663742532,2,0,0,6,0.0404625264976157,0.2091508692867058,0
175.62653511512752,1,1,0,19,0.0130279607939375,0.1964722272434099,2
7.126060866829832,0,3,3,16,0.0969047993437916,0.0124791549075629,2
114.66717709636146,0,1,5,23,0.0893333121165723,0.051359620118321,1
89.62078274284801,1,4,4,11,0.0787978887099628,0.2566438932620105,3
80.0358928457249,3,0,1,18,0.0307793118604121,0.0043864249837177,0
152.54441204734349,2,3,3,13,0.1615969311886938,0.1258707387868735,3
117.9926982377498,2,0,1,10,0.193946618840459,0.13974206981761,0
67.57699945287911,2,3,0,16,0.2779525474019332,0.0867643804421766,0
133.301728669493,3,1,0,13,0.1534506044139298,0.1873371699553615,0
115.9905817398089,2,4,5,23,0.2828738646252738,0.1457881153812834,3
13.10387770171026,3,4,5,11,0.0694892167053387,0.2260820816645252,3
136.19559833794932,3,3,5,21,0.2977086670975424,0.1186752780125632,3
71.86015346239842,0,0,4,12,0.1359284995839777,0.1586263252901485,1
9.382064678644014,1,1,5,22,0.2033727587697079,0.1078855700038706,1
73.93319287664238,3,2,5,18,0.1728293049009621,0.2869759606047953,1
138.8591136052411,2,0,4,15,0.0066503200774277,0.2014535095676893,1
106.24835953958424,1,4,3,7,0.1309192178477535,0.2552524666445909,3
124.76899076642434,2,1,3,18,0.0341284144728692,0.2605711127202851,1
110.72144652062237,0,4,3,14,0.1272073439100951,0.2499350326108905,3
112.68533597459066,1,0,4,21,0.0137316847441866,0.0928268822064131,1
156.31737662174888,1,4,3,12,0.1021314945195651,0.2464475961817004,3
92.8672900955398,2,0,5,18,0.1134793542945276,0.2830600164038693,1
186.84714715096516,2,2,5,10,0.2355198330167827,0.143363533931836,3
100.2371679763794,1,3,5,14,0.0262430573207044,0.1578893761403163,3
196.95163503989895,2,3,5,9,0.2864522471386566,0.042343103599775,3
51.0080613729254,0,1,1,10,0.0863773132854053,0.2167805126546155,2
92.72275131801146,3,0,1,11,0.1728505102629995,0.1613115295229988,0
134.80681209847842,0,0,5,9,0.2728963398505777,0.1219828045544551,1
210.20930839431117,1,0,0,12,0.2010033341501057,0.2910036389830559,2
69.21312708953968,3,0,4,6,0.0963245429167597,0.1505240888831543,1
82.26157394206179,0,0,5,20,0.2818882867093787,0.195714339890077,1
21.701447569633714,0,0,5,16,0.1512530390508375,0.0941227292127832,1
70.29399057275491,0,4,5,22,0.2053693173731605,0.0539379636522245,3
221.95115935886585,0,1,5,12,0.0365894912551243,0.2430431720271221,1
158.4084200727049,1,3,5,16,0.267329773254389,0.2077280767981655,3
48.813457312641496,1,3,0,12,0.1602218063758979,0.1468122030901862,2
171.16459742119167,1,2,1,22,0.1003910840397047,0.1922410088701961,2
83.61039980364156,1,1,3,20,0.0958494563304138,0.1442063584051176,1
42.94170921701755,2,1,4,21,0.0027300277153863,0.1275535757517949,1
95.60367545414292,0,3,3,15,0.1701056716766769,0.0094018570988654,3
134.54626460650042,1,3,1,12,0.0345305891405586,0.0332046283342033,2
146.3934382737607,0,4,5,18,0.1129793050383723,0.0425575335167044,3
113.72006025261788,1,1,3,6,0.0772428753352378,0.133672245891836,1
100.66605097616323,1,3,3,20,0.2211608250871026,0.0383345262020027,3
81.7839918575519,3,0,5,17,0.0147764957689468,0.0865247695347031,1
103.85069979918792,0,3,4,14,0.0798182001150929,0.1545940572004396,3
85.87083084415083,1,0,0,9,0.2213685701671724,0.2722082095538153,2
78.41257373045642,2,2,4,16,0.2123101133481833,0.2111003577240188,1
43.4218696726835,3,3,4,7,0.0815554899900953,0.0370603335449728,3
133.54787860479058,0,1,4,8,0.1918392092506235,0.2593205682398875,1
101.15715062829716,1,4,5,23,0.2155464537386004,0.1252684234328143,3
94.736469221035,2,4,3,21,0.2913720837076249,0.1488052123856025,3
52.90924892763347,1,4,3,12,0.1770899532876519,0.0108261211611931,3
52.32878495887485,1,2,3,20,0.2482323925037035,0.1065753487406305,3
47.28099023772919,3,0,1,21,0.0950477305630858,0.1440772722885334,0
53.42391356913676,3,3,3,12,0.1694198601036312,0.1458085891173384,0
143.19138643442747,3,4,3,19,0.0374548809156785,0.0655356683532233,3
173.38916526856207,0,3,3,7,0.2763713319235089,0.237598991675218,2
109.56441300681264,0,4,1,21,0.2400227876872787,0.2272365029345177,2
149.35377014546424,3,4,5,8,0.0370443691503801,0.0258659472430743,3
114.759653085421,2,0,0,17,0.2249268601079602,0.0305231428803545,0
127.75448497207934,2,3,1,22,0.101448544172955,0.1774551838326674,0
82.00334142595682,0,4,0,21,0.2251592091500377,0.0109123019217493,2
40.30487799002249,0,1,3,7,0.0540986075677907,0.2852841309362307,1
101.81536708707796,1,2,4,18,0.1970816127022074,0.2237644334630176,3
1.0,0,2,4,19,0.0721005349899485,0.2071133392995113,1
89.50130193132375,0,0,1,21,0.1909742088566736,0.105718640028708,2
160.77443608123917,1,3,1,12,0.006475431796589,0.1001528122259899,2
56.98656855353412,1,3,3,17,0.2362184902869825,0.0777791540800796,3
102.02822740476802,0,2,3,21,0.0117026308336556,0.132985974719295,2
37.89104651357532,3,1,0,13,0.2393158083025307,0.0508595974519696,0
56.37914236903097,3,2,1,20,0.2899963503726318,0.1514058932004546,0
22.91160376476013,2,0,5,23,0.2985561608393281,0.1038869319999126,1
135.1532573370551,0,1,3,9,0.2850826870380774,0.1641179942757822,2
201.75045546673948,1,4,1,19,0.0466857956951316,0.0041954449455015,3
92.23653479481204,2,1,3,6,0.0911460819684095,0.0162148988409914,1
19.291183251758,2,1,0,21,0.2580215408555751,0.0143014465501485,0
119.7867731232524,3,2,0,8,0.0214846664103746,0.1745297249650033,0
13.26798322342377,1,4,5,7,0.2649142967517433,0.2751279662801522,3
108.44957157071654,0,2,5,11,0.1595095741461916,0.0565753003777196,3
162.29569243092288,1,2,1,23,0.16395988537806,0.0245606214073331,2
96.89099728397116,2,0,3,22,0.0947578928091392,0.2134039559048997,1
87.44814350713887,3,4,1,21,0.2367422579468023,0.1995138416063576,0
49.99162242756273,0,4,3,11,0.2850068277298972,0.1589807166050275,3
47.494821526666605,0,1,1,14,0.0283096756825286,0.08582411228509,2
46.19966811426024,3,1,3,20,0.2675548843439899,0.2484242355277452,1
94.03878218670478,2,4,3,11,0.1985773373715604,0.1838258325817671,3
126.77976984220236,0,4,0,11,0.000536691060136,0.1903983631105811,2
99.9108494873786,1,2,4,16,0.1492766522070051,0.0555756200798432,3
104.4853631342502,1,4,0,6,0.0388877642905206,0.0377085880777132,2
67.30756317604204,0,2,5,22,0.276769594743505,0.2597034186509063,1
140.09096451005263,1,0,4,9,0.132354022609289,0.0275978338844413,1
86.97902334237307,0,0,5,10,0.0818104040132535,0.1877766223143065,1
77.34085121852209,1,1,1,10,0.1230158207492327,0.083684560518214,2
111.58983547623149,1,0,0,16,0.0563770506405035,0.2758609679989609,2
1.0,0,2,5,12,0.1698374418795481,0.153085057801311,1
163.32135188134464,3,4,1,11,0.1254120729244623,0.191176710378428,0
242.68112913702248,2,1,4,20,0.0385486694423839,0.2565103100435793,1
77.54799036337597,1,2,4,11,0.0054251920654864,0.1836993901019395,1
91.65810442976196,3,4,3,16,0.1566470004316624,0.2929779107607858,3
46.50287243024414,2,4,4,10,0.0723013854198402,0.217473124864692,3
119.0675790577458,1,2,0,17,0.0231360562969617,0.0282306429642313,2
89.86916161978402,0,1,3,22,0.269052212721156,0.1908873874030725,2
122.75330767673788,1,4,4,9,0.0640604868961846,0.1299725220582792,3
9.82981328863697,2,0,4,22,0.0714538013077936,0.2474649923198714,1
136.59820686971585,0,2,5,7,0.116868399636984,0.0054250613193736,3
56.18031282626206,0,2,4,12,0.0558478782661889,0.1898879008685353,1
119.6904418995632,0,3,5,23,0.2359351824682039,0.2489053810747824,3
41.36525551701801,1,1,0,18,0.1718782233692699,0.0830048484842556,2
131.0062025478468,3,0,0,14,0.0117393879997706,0.2074204014935035,0
157.52435250166758,1,1,3,12,0.2194592084854545,0.1038515619333053,1
140.44102011389248,3,2,3,15,0.0369085412902397,0.2170552835006404,0
142.30796313701418,1,4,4,8,0.0949044445941573,0.0259401268165619,3
108.1972472279013,0,0,1,9,0.1179003025080147,0.1304342564636907,2
68.9557880406368,0,0,1,6,0.0261019925063204,0.1997848337478906,2
106.35342866797778,3,4,5,7,0.1612668155546799,0.2554109752352964,3
61.34497720304646,1,0,1,19,0.2637558513255608,0.0493465967305599,2
51.130837488268185,3,4,1,10,0.1272893032424609,0.025315917439792,0
144.1493102730895,3,3,1,13,0.0092408226881519,0.2263561802868611,0
91.7685451235906,1,0,4,16,0.1924845216206831,0.2302352338531962,1
93.01005404946252,0,1,1,9,0.0583956898946071,0.0418052044497954,2
9.335096381684975,0,3,0,23,0.1408128619730987,0.1364351450764828,2
74.41091379374865,3,0,3,20,0.0670485851703532,0.000964412705036,1
19.50483993281564,1,1,0,11,0.2520825155356666,0.0710164480674459,2
30.19033419770571,1,4,4,15,0.2050796494410818,0.0159692312015329,3
111.43777901085907,3,0,1,10,0.1592657231930716,0.2749663464999898,0
66.0980068424713,1,1,0,7,0.2277313091883264,0.1385293862342714,2
72.72236986315565,1,2,5,14,0.2653629264222875,0.2628063309459248,1
102.59960160873224,2,2,4,13,0.2865970612894334,0.1999579712996968,1
176.91652195262762,2,1,1,8,0.2017274906142467,0.2882462579671532,0
123.0172402412822,0,4,3,20,0.2718467796163829,0.2065136635968674,3
114.22118702259858,3,3,3,19,0.0167988796604112,0.0598646975122551,0
72.92705456981766,0,1,3,8,0.1255135225125027,0.2597114989941564,1
117.07383695235391,2,1,5,17,0.0270031862805549,0.2053953085185014,1
159.772635587649,0,2,1,10,0.1286488848998689,0.1160508076061354,2
93.11860588712794,0,0,1,9,0.2789405445760696,0.237516876825899,2
42.49155799166038,3,0,3,20,0.1859270243918075,0.1340705727875189,1
80.08970381403884,3,0,4,12,0.01245148509634,0.1012052275494064,1
95.76447835685732,3,1,4,11,0.1083835807353805,0.2482333486675751,1
89.06309935245903,2,4,5,7,0.096832322485841,0.1421451074924471,3
101.25570420130056,1,4,1,13,0.2867034182020097,0.1059970989117592,2
35.86852840365299,1,1,4,17,0.0077255297022677,0.2692806347272075,1
76.63069623522692,3,0,0,12,0.1693115031621758,0.0374851426421461,0
106.98310638432476,3,0,3,23,0.0683953702843758,0.1156370538800873,1
108.5056000827148,2,1,1,9,0.0459650218298068,0.1095925940933164,0
145.41110632979752,3,3,0,15,0.1642917271567329,0.0431947452598724,0
43.74754702263435,0,2,4,11,0.0529163623065993,0.1102711431288389,1
81.95967530804111,1,3,3,17,0.0755754232972254,0.1067128629081735,3
125.32276232538814,1,0,5,9,0.1660875001075301,0.2129848389472531,1
29.1531795762174,3,1,4,22,0.1825875708881741,0.1992984683340127,1
92.491217430255,0,1,1,18,0.1313355544985217,0.0211115569377187,2
7.846659256985717,2,0,0,15,0.1934458045801948,0.0225986576941392,0
140.68180743211178,2,4,0,19,0.0292213379337607,0.0229559078152061,0
113.42062899264532,3,3,0,9,0.2588730551267274,0.2247281745322732,0
1.0,1,0,3,21,0.0731089647741051,0.2148313855253349,1
134.23306152718726,2,0,5,6,0.1183286606845053,0.0965088920925498,1
58.985470304715335,0,0,3,20,0.1203027709717765,0.0502729785449103,1
88.19812142232294,2,2,4,23,0.015234551590087,0.0330270460305159,3
127.43057635605896,1,4,1,7,0.2022507463211262,0.1957862773459559,2
63.18136238219999,3,4,1,20,0.2592645859893004,0.0930211583002078,0
42.7823395827279,1,4,5,10,0.2148583790009647,0.1449753071452126,3
84.73515121390457,0,0,4,17,0.2180144526562669,0.2197435317453335,1
95.27467288654596,1,4,5,9,0.2227046581403855,0.1954966351360894,3
127.75704053127848,0,2,1,6,0.0642563838174583,0.0624065881397551,2
190.0924012817945,3,2,3,11,0.0680324105693251,0.1569749009366147,0
106.94714048520078,2,2,5,6,0.072536437500996,0.2327571421926603,1
84.85575610599095,0,4,3,8,0.2004905956945919,0.2226444275128895,3
70.56576782478825,3,4,5,14,0.0904023038083938,0.2480019819358309,3
100.4762078966804,3,0,4,8,0.0910102423821787,0.1070201037327541,1
66.48547097752754,0,1,1,19,0.1922159924970101,0.14133728568758,2
97.54672357663276,2,4,1,9,0.1826092560311942,0.2129475901478246,0
135.1861409449641,2,1,4,15,0.0644018241109159,0.2254450949121721,1
183.3376564271835,1,0,0,21,0.1801579884387193,0.1566236749140872,2
109.42431903802104,3,2,0,9,0.0086082781485312,0.183227302936061,0
158.16148775703888,1,3,0,22,0.2474111068927398,0.1400235787052962,2
76.1510305338631,3,4,3,19,0.0337032183513626,0.0628881765468655,3
152.15352459851803,1,1,4,13,0.0682958908682835,0.2992133578460437,1
60.0763744406204,1,4,5,15,0.2404637548033145,0.0483716163820855,3
41.82105500004917,3,3,4,10,0.1116578909525037,0.0419121145369369,3
123.36018464138812,3,1,0,10,0.2092579291663667,0.0557451706045322,0
115.3475375056263,0,3,0,22,0.1984482233688018,0.175399238935216,2
143.20571960249865,3,2,1,7,0.1985793646593086,0.0794956014276336,0
150.50345102968063,3,0,1,21,0.2418224059780989,0.1090159601474259,0
20.313707202244828,3,1,1,16,0.1743050205917827,0.0395747931106644,0
146.783718962537,2,1,5,17,0.1590465922186098,0.1121818530843014,1
99.23172761766294,2,2,1,10,0.0661723168663868,0.12793657610136,0
148.7131131543226,3,4,1,18,0.0282220639052191,0.276472565872366,0
63.56353036729887,0,2,1,15,0.1163879795925384,0.1210706764600421,2
106.59850009727876,2,3,1,12,0.0007059347594497,0.2498541074471826,0
76.99245191617958,1,1,3,9,0.0858655265400128,0.1926830912634854,1
102.6341227155041,1,2,0,21,0.2084395959865321,0.187647478137383,2
145.97145579192264,1,2,3,23,0.1141445036365567,0.1381760602456089,3
68.08307155700562,2,4,3,22,0.22344662257488,0.0319167343485402,3
120.13222557320611,1,1,1,13,0.2385841017049875,0.0777856719900344,2
148.6682976242807,3,1,3,7,0.072291470263381,0.1625047966776628,0
120.54951014387504,0,2,4,9,0.2688098806814347,0.251066572492774,1
61.15050828747087,0,2,0,17,0.1351309258174955,0.1209072387529368,2
55.979634870679966,2,3,4,13,0.1367796366894397,0.0479443908888911,3
81.81154893134249,2,2,0,16,0.0973563408034764,0.1498341733980983,0
64.11688620139392,3,3,0,10,0.1059782985605917,0.1479705160477885,0
199.89130625135653,1,1,1,14,0.2432807576053272,0.0938811257646669,2
72.68368678440441,2,4,0,6,0.1994137388261089,0.1262268000712904,0
145.6517992323131,2,1,4,6,0.163386027504249,0.2928909882951557,1
158.54653892977075,1,0,5,13,0.1379041483461489,0.0633039223496839,1
135.82265965263184,2,1,3,12,0.0836425039257488,0.113981248021166,1
25.927651017360446,0,1,5,23,0.2849727978892778,0.1646487321274717,1
25.87929294705637,3,4,1,23,0.1117991034641224,0.0573021795868289,0
153.18869918927882,2,4,5,11,0.2782334481797096,0.1921557019569066,3
123.36320875169316,0,4,1,17,0.2719311723171082,0.1797210142514618,2
44.91128185301131,1,1,5,6,0.2192686524833498,0.1059762593718076,1
145.7129772397061,1,2,4,21,0.2429035105637886,0.1921296958636624,3
35.53128210550753,2,3,5,11,0.2902642347001413,0.1593335965868663,3
151.22522122238587,2,1,4,13,0.09093988371332,0.2106230442301534,1
60.3416470561826,2,0,0,23,0.2152424208883539,0.1475558999679687,0
82.51848618866389,0,3,0,23,0.2388111855535543,0.0254312488689809,2
156.28784245160506,1,1,3,10,0.0825717731041335,0.1735306167394847,1
103.06551987780183,1,1,5,13,0.196722520504335,0.0547712542705855,1
29.111690343554717,1,0,3,15,0.0010924253209236,0.03474272703182,1
150.71274285576288,3,2,1,18,0.1210858606260087,0.1696613861017389,0
141.18461194213842,2,0,0,23,0.1766665265309031,0.1165318142984613,0
137.68469497770053,2,2,4,14,0.0632735547659665,0.246588033731814,1
56.65707089159822,3,0,3,18,0.105620519126474,0.0859663472133442,1
95.06889478329212,3,3,5,7,0.1459024538624352,0.0340398496317477,3
96.37167565204048,1,0,3,13,0.2927405449833619,0.2873961034281601,1
175.7739832843805,3,1,4,19,0.1196026900551166,0.0437674265540451,1
74.1017307752758,2,3,1,11,0.1579440185114206,0.0791393140442128,0
143.98693371099426,0,4,3,7,0.1611666777582643,0.2376782963906396,3
101.9404500227401,3,4,1,13,0.0011201245213228,0.1422627350559751,0
149.3101215430763,2,2,4,8,0.2878842768321166,0.2823292955573433,1
61.23368089440432,3,2,0,13,0.012507367635794,0.2471252819142639,0
133.90099577334962,3,1,3,10,0.0488600032880708,0.1004502788863372,0
72.231587158856,3,2,5,11,0.093406125834336,0.045467689271407,1
1.0,2,4,3,9,0.0301982173595924,0.0310500832495302,3
75.73164779445399,2,3,0,15,0.0145819641557503,0.1236228648920263,0
148.77351583687548,2,3,3,11,0.1376418320542262,0.2344323383149211,3
100.57789613857096,1,1,3,21,0.1778660962363213,0.1080235190969387,1
204.3187708775676,1,3,0,6,0.0106191418603388,0.1220054350421771,2
12.107827530034484,0,3,5,7,0.0372205903064209,0.2533290986339199,3
48.5237742402103,3,0,3,22,0.2126357211915766,0.1173523249110423,1
120.22376614252704,3,3,1,16,0.2998246877092533,0.2039482131551432,0
126.3230906705934,3,0,0,19,0.0794157336996745,0.2794914454879844,0
5.717102586950489,3,3,1,18,0.0494780837790384,0.1083760854072381,0
40.38182208658221,0,1,4,7,0.0438044386116093,0.2896459453023904,1
58.3664423490528,2,0,0,12,0.0663661221553539,0.0863438436614908,0
139.502160206486,2,4,0,13,0.1190143885918968,0.2856803996155161,0
71.01212207997753,1,4,3,8,0.11920372223944,0.2622617990749514,3
21.03140462312324,3,3,4,12,0.0270879513693409,0.2952427814767255,3
54.02863196017328,0,1,0,11,0.0964375218691222,0.042823334781294,2
